%time,field.header.seq,field.header.stamp,field.header.frame_id,field.fluid_pressure,field.variance
1531943810883316762,2310,1531943810882826784,base_link,97310.4980469,0.0
1531943810958577559,2311,1531943810958133181,base_link,97310.4980469,0.0
1531943811062952770,2312,1531943811061840688,base_link,97329.1931152,0.0
1531943811153503583,2313,1531943811153166979,base_link,97341.6931152,0.0
1531943811245127118,2314,1531943811244522581,base_link,97329.2236328,0.0
1531943811366198181,2315,1531943811365744011,base_link,97313.0004883,0.0
1531943811483238224,2316,1531943811478326190,base_link,97310.0280762,0.0
1531943811587495773,2317,1531943811586099311,base_link,97306.9824219,0.0
1531943811671564429,2318,1531943811671178002,base_link,97299.2736816,0.0
1531943811775446047,2319,1531943811774945670,base_link,97296.0266113,0.0
1531943811882217869,2320,1531943811881438103,base_link,97294.5739746,0.0
1531943811977443502,2321,1531943811977085970,base_link,97295.1171875,0.0
1531943812073342376,2322,1531943812073060332,base_link,97295.1171875,0.0
1531943812179766365,2323,1531943812176751843,base_link,97291.4367676,0.0
1531943812284635622,2324,1531943812284243979,base_link,97304.9560547,0.0
1531943812381746193,2325,1531943812381118233,base_link,97286.9445801,0.0
1531943812477946824,2326,1531943812477575853,base_link,97279.9804688,0.0
1531943812576794814,2327,1531943812576093318,base_link,97281.854248,0.0
1531943812657366684,2328,1531943812657096991,base_link,97281.854248,0.0
1531943812787269990,2329,1531943812786655693,base_link,97293.4509277,0.0
1531943812859762154,2330,1531943812859175218,base_link,97293.4509277,0.0
1531943812984677780,2331,1531943812982756812,base_link,97290.5456543,0.0
1531943813088578892,2332,1531943813088191280,base_link,97298.1689453,0.0
1531943813152783452,2333,1531943813152088325,base_link,97298.1689453,0.0
1531943813352967245,2334,1531943813348250697,base_link,97294.0307617,0.0
1531943813388206061,2335,1531943813383748454,base_link,97292.364502,0.0
1531943813451435082,2336,1531943813451006159,base_link,97292.364502,0.0
1531943813573136704,2337,1531943813572788772,base_link,97287.6220703,0.0
1531943813675569483,2338,1531943813673291368,base_link,97288.7145996,0.0
1531943813846865579,2339,1531943813845838136,base_link,97283.8623047,0.0
1531943813891032218,2340,1531943813890628863,base_link,97279.901123,0.0
1531943813974606356,2341,1531943813974316024,base_link,97283.0627441,0.0
1531943814057503352,2342,1531943814051187272,base_link,97283.0627441,0.0
1531943814172574502,2343,1531943814172107819,base_link,97272.1557617,0.0
1531943814272890766,2344,1531943814271753596,base_link,97273.6938477,0.0
1531943814357517213,2345,1531943814357241568,base_link,97273.6938477,0.0
1531943814480495782,2346,1531943814477367374,base_link,97263.848877,0.0
1531943814563962308,2347,1531943814562836466,base_link,97263.848877,0.0
1531943814647924795,2348,1531943814647425218,base_link,97258.6303711,0.0
1531943814777468017,2349,1531943814776973559,base_link,97253.1555176,0.0
1531943814854689598,2350,1531943814854345219,base_link,97253.1555176,0.0
1531943814968568026,2351,1531943814967924835,base_link,97247.4975586,0.0
1531943815060800779,2352,1531943815060427919,base_link,97234.6130371,0.0
1531943815157251143,2353,1531943815155632155,base_link,97234.6130371,0.0
1531943815274817431,2354,1531943815270867977,base_link,97212.3474121,0.0
1531943815374955076,2355,1531943815374299117,base_link,97203.4423828,0.0
1531943815456766489,2356,1531943815456191137,base_link,97203.4423828,0.0
1531943815554196617,2357,1531943815551298893,base_link,97201.8493652,0.0
1531943815659787857,2358,1531943815659456789,base_link,97181.8237305,0.0
1531943815773624433,2359,1531943815773340116,base_link,97170.2392578,0.0
1531943815858922617,2360,1531943815858223714,base_link,97170.2392578,0.0
1531943815975988912,2361,1531943815975007645,base_link,97159.4665527,0.0
1531943816081893943,2362,1531943816080490185,base_link,97159.4665527,0.0
1531943816164145545,2363,1531943816163714382,base_link,97142.4377441,0.0
1531943816257613741,2364,1531943816256246047,base_link,97142.4377441,0.0
1531943816375448286,2365,1531943816374985188,base_link,97133.7341309,0.0
1531943816480121941,2366,1531943816479709882,base_link,97123.638916,0.0
1531943816563565016,2367,1531943816560341280,base_link,97123.638916,0.0
1531943816649987317,2368,1531943816647698834,base_link,97116.3269043,0.0
1531943816766463767,2369,1531943816766022268,base_link,97109.4360352,0.0
1531943816838428427,2370,1531943816838088463,base_link,97104.5349121,0.0
1531943816993821601,2371,1531943816991389856,base_link,97093.6767578,0.0
1531943817055973554,2372,1531943817055536120,base_link,97093.6767578,0.0
1531943817158075628,2373,1531943817157718385,base_link,97086.8896484,0.0
1531943817265922494,2374,1531943817263591355,base_link,97085.5773926,0.0
1531943817380814231,2375,1531943817380413084,base_link,97082.244873,0.0
1531943817452537071,2376,1531943817452119125,base_link,97082.244873,0.0
1531943817576203674,2377,1531943817574348177,base_link,97075.6835938,0.0
1531943817646118249,2378,1531943817645639535,base_link,97075.6835938,0.0
1531943817767799756,2379,1531943817767204468,base_link,97074.395752,0.0
1531943817864792871,2380,1531943817864314509,base_link,97074.395752,0.0
1531943817958663720,2381,1531943817958092912,base_link,97075.982666,0.0
1531943818052711241,2382,1531943818051928883,base_link,97074.822998,0.0
1531943818159122224,2383,1531943818158508727,base_link,97074.0112305,0.0
1531943818254483009,2384,1531943818253792746,base_link,97077.9602051,0.0
1531943818377867442,2385,1531943818377529142,base_link,97080.065918,0.0
1531943818462489419,2386,1531943818461263802,base_link,97084.5153809,0.0
1531943818575828442,2387,1531943818572834688,base_link,97092.4987793,0.0
1531943818673889417,2388,1531943818672733976,base_link,97095.7702637,0.0
1531943818806361384,2389,1531943818805871279,base_link,97097.7294922,0.0
1531943818867457480,2390,1531943818864142866,base_link,97097.7294922,0.0
1531943818964339719,2391,1531943818964021419,base_link,97104.2785645,0.0
1531943819078967112,2392,1531943819078557677,base_link,97108.4899902,0.0
1531943819152089491,2393,1531943819151695192,base_link,97108.4899902,0.0
1531943819249818633,2394,1531943819246030360,base_link,97117.755127,0.0
1531943819392249358,2395,1531943819391896115,base_link,97121.0510254,0.0
1531943819456925859,2396,1531943819456300075,base_link,97121.0510254,0.0
1531943819564365567,2397,1531943819559477341,base_link,97130.7373047,0.0
1531943819688693832,2398,1531943819688395564,base_link,97133.5449219,0.0
1531943819775008685,2399,1531943819774613170,base_link,97139.1784668,0.0
1531943819851074771,2400,1531943819850609785,base_link,97139.1784668,0.0
1531943819974358121,2401,1531943819973743409,base_link,97139.1174316,0.0
1531943820071668422,2402,1531943820069417443,base_link,97145.7702637,0.0
1531943820154373435,2403,1531943820154056351,base_link,97143.7255859,0.0
1531943820251869271,2404,1531943820251566139,base_link,97147.7416992,0.0
1531943820391249351,2405,1531943820390940299,base_link,97156.3964844,0.0
1531943820458664444,2406,1531943820458290944,base_link,97156.3964844,0.0
1531943820553434714,2407,1531943820553050079,base_link,97154.4616699,0.0
1531943820722833586,2408,1531943820719885655,base_link,97160.0463867,0.0
1531943820789937866,2409,1531943820789364914,base_link,97160.4125977,0.0
1531943820882365254,2410,1531943820882001002,base_link,97164.7888184,0.0
1531943820991622447,2411,1531943820991248243,base_link,97166.9250488,0.0
1531943821060497906,2412,1531943821059470815,base_link,97166.9250488,0.0
1531943821164018566,2413,1531943821163641034,base_link,97165.3625488,0.0
1531943821259451902,2414,1531943821259084418,base_link,97165.3503418,0.0
1531943821365606160,2415,1531943821365148278,base_link,97169.909668,0.0
1531943821467950130,2416,1531943821467385945,base_link,97170.7336426,0.0
1531943821557632434,2417,1531943821556596607,base_link,97169.8425293,0.0
1531943821654892628,2418,1531943821654591448,base_link,97173.3093262,0.0
1531943821745917059,2419,1531943821745583111,base_link,97172.668457,0.0
1531943821856502846,2420,1531943821855939589,base_link,97172.9431152,0.0
1531943821975972394,2421,1531943821975435633,base_link,97173.3886719,0.0
1531943822067243352,2422,1531943822066782558,base_link,97173.4802246,0.0
1531943822145400778,2423,1531943822144062587,base_link,97173.7304688,0.0
1531943822236353757,2424,1531943822235171116,base_link,97172.7844238,0.0
1531943822369428323,2425,1531943822369013064,base_link,97176.1413574,0.0
1531943822462145983,2426,1531943822461822819,base_link,97181.8664551,0.0
1531943822558044276,2427,1531943822557751672,base_link,97181.8664551,0.0
1531943822652599130,2428,1531943822651731269,base_link,97182.5683594,0.0
1531943822758412084,2429,1531943822757892122,base_link,97189.263916,0.0
1531943822888248578,2430,1531943822887611338,base_link,97190.2038574,0.0
1531943822966176503,2431,1531943822964832103,base_link,97190.2038574,0.0
1531943823071612950,2432,1531943823071325626,base_link,97196.5209961,0.0
1531943823202253822,2433,1531943823201959714,base_link,97199.041748,0.0
1531943823278122958,2434,1531943823277116443,base_link,97206.3354492,0.0
1531943823369393184,2435,1531943823369005828,base_link,97206.2316895,0.0
1531943823500359555,2436,1531943823499994055,base_link,97208.1176758,0.0
1531943823554999515,2437,1531943823554632800,base_link,97208.1176758,0.0
1531943823669976134,2438,1531943823669016754,base_link,97212.1765137,0.0
1531943823752809120,2439,1531943823752347493,base_link,97212.1765137,0.0
1531943823845870938,2440,1531943823844435916,base_link,97213.873291,0.0
1531943824015921400,2441,1531943824015030659,base_link,97219.4213867,0.0
1531943824070959277,2442,1531943824067997906,base_link,97221.9116211,0.0
1531943824147332057,2443,1531943824147026397,base_link,97221.9116211,0.0
1531943824253123704,2444,1531943824252472224,base_link,97221.2097168,0.0
1531943824375425194,2445,1531943824373685599,base_link,97225.8911133,0.0
1531943824488799530,2446,1531943824488345744,base_link,97230.8288574,0.0
1531943824558876869,2447,1531943824558629000,base_link,97230.8288574,0.0
1531943824652645721,2448,1531943824652068512,base_link,97228.2165527,0.0
1531943824760610204,2449,1531943824759440427,base_link,97236.2854004,0.0
1531943824880455277,2450,1531943824879603031,base_link,97236.2854004,0.0
1531943824989712417,2451,1531943824989224231,base_link,97236.9140625,0.0
1531943825055790734,2452,1531943825054807194,base_link,97236.9140625,0.0
1531943825148747438,2453,1531943825148351987,base_link,97238.0859375,0.0
1531943825244931111,2454,1531943825244574091,base_link,97238.3728027,0.0
1531943825360923306,2455,1531943825360192115,base_link,97241.2719727,0.0
1531943825454123080,2456,1531943825453563791,base_link,97238.2873535,0.0
1531943825555844924,2457,1531943825553100990,base_link,97234.0698242,0.0
1531943825668955363,2458,1531943825668336202,base_link,97236.4379883,0.0
1531943825755600497,2459,1531943825755143095,base_link,97236.4379883,0.0
1531943825859498346,2460,1531943825859089680,base_link,97234.2468262,0.0
1531943825968308455,2461,1531943825968003562,base_link,97235.1928711,0.0
1531943826069894462,2462,1531943826068952810,base_link,97230.6762695,0.0
1531943826162719555,2463,1531943826162372327,base_link,97224.5300293,0.0
1531943826304787143,2464,1531943826304117391,base_link,97224.1516113,0.0
1531943826396892116,2465,1531943826395951392,base_link,97221.2463379,0.0
1531943826457177419,2466,1531943826456840975,base_link,97221.2463379,0.0
1531943826561074215,2467,1531943826560323728,base_link,97218.927002,0.0
1531943826692055796,2468,1531943826691561914,base_link,97217.0776367,0.0
1531943826782041756,2469,1531943826780875818,base_link,97217.0776367,0.0
1531943826890081796,2470,1531943826889740136,base_link,97212.9577637,0.0
1531943826990186415,2471,1531943826989858419,base_link,97210.6933594,0.0
1531943827064215357,2472,1531943827062049944,base_link,97210.6933594,0.0
1531943827199715670,2473,1531943827199171165,base_link,97202.8747559,0.0
1531943827248724153,2474,1531943827248353246,base_link,97202.8747559,0.0
1531943827357387901,2475,1531943827357141568,base_link,97201.8798828,0.0
1531943827459112662,2476,1531943827458459710,base_link,97197.8820801,0.0
1531943827586540627,2477,1531943827580896696,base_link,97199.0112305,0.0
1531943827630780209,2478,1531943827630201624,base_link,97199.0112305,0.0
1531943827761842048,2479,1531943827760638159,base_link,97196.9421387,0.0
1531943827834919963,2480,1531943827834630431,base_link,97195.4650879,0.0
1531943827975938064,2481,1531943827975533749,base_link,97195.8679199,0.0
1531943828063817525,2482,1531943828063040479,base_link,97190.1794434,0.0
1531943828232133981,2483,1531943828231287623,base_link,97190.4907227,0.0
1531943828289675320,2484,1531943828289105407,base_link,97192.199707,0.0
1531943828376760808,2485,1531943828376369517,base_link,97186.8041992,0.0
1531943828470523621,2486,1531943828469170326,base_link,97188.9221191,0.0
1531943828553692869,2487,1531943828553405833,base_link,97188.9221191,0.0
1531943828653988851,2488,1531943828653515544,base_link,97192.4987793,0.0
1531943828802633868,2489,1531943828802103763,base_link,97183.7585449,0.0
1531943828862953286,2490,1531943828862008785,base_link,97183.7585449,0.0
1531943828951832960,2491,1531943828951481508,base_link,97188.8122559,0.0
1531943829034909281,2492,1531943829033878094,base_link,97185.1745605,0.0
1531943829152557788,2493,1531943829151854053,base_link,97189.0808105,0.0
1531943829276325867,2494,1531943829269914874,base_link,97189.2944336,0.0
1531943829362006287,2495,1531943829361618323,base_link,97190.2770996,0.0
1531943829452827731,2496,1531943829452218874,base_link,97187.7319336,0.0
1531943829553022820,2497,1531943829552613673,base_link,97187.5854492,0.0
1531943829646054125,2498,1531943829644601407,base_link,97193.145752,0.0
1531943829762867186,2499,1531943829762587285,base_link,97187.2558594,0.0
1531943829851013719,2500,1531943829850555004,base_link,97192.2241211,0.0
1531943829976768206,2501,1531943829975871353,base_link,97185.6201172,0.0
1531943830048649084,2502,1531943830047051535,base_link,97185.6201172,0.0
1531943830171484954,2503,1531943830170797538,base_link,97191.8151855,0.0
1531943830246602017,2504,1531943830245451727,base_link,97191.8151855,0.0
1531943830365356401,2505,1531943830364945398,base_link,97190.7409668,0.0
1531943830489335617,2506,1531943830487415832,base_link,97185.7727051,0.0
1531943830584309332,2507,1531943830583873690,base_link,97185.4492188,0.0
1531943830668545164,2508,1531943830668214544,base_link,97185.4492188,0.0
1531943830762811144,2509,1531943830759993515,base_link,97188.2080078,0.0
1531943830860986228,2510,1531943830860145535,base_link,97188.2080078,0.0
1531943830955757546,2511,1531943830955268656,base_link,97187.4694824,0.0
1531943831059446997,2512,1531943831057329582,base_link,97187.6953125,0.0
1531943831186111302,2513,1531943831183582149,base_link,97187.7380371,0.0
1531943831274105682,2514,1531943831272990015,base_link,97190.1062012,0.0
1531943831356370339,2515,1531943831355959752,base_link,97190.1062012,0.0
1531943831458563008,2516,1531943831458093606,base_link,97190.6555176,0.0
1531943831575261964,2517,1531943831574924080,base_link,97187.9516602,0.0
1531943831666981162,2518,1531943831666227859,base_link,97187.9516602,0.0
1531943831778779570,2519,1531943831778476501,base_link,97185.1013184,0.0
1531943831876592229,2520,1531943831875906957,base_link,97185.1013184,0.0
1531943831956570546,2521,1531943831954622602,base_link,97185.1135254,0.0
1531943832074967371,2522,1531943832069528717,base_link,97184.7717285,0.0
1531943832176162647,2523,1531943832173654230,base_link,97182.8857422,0.0
1531943832260325971,2524,1531943832259825369,base_link,97182.8857422,0.0
1531943832380870707,2525,1531943832380409369,base_link,97181.2561035,0.0
1531943832458178499,2526,1531943832457532363,base_link,97181.2561035,0.0
1531943832578092587,2527,1531943832577361972,base_link,97185.4431152,0.0
1531943832667864738,2528,1531943832667462951,base_link,97181.9519043,0.0
1531943832766616077,2529,1531943832765525114,base_link,97181.9519043,0.0
1531943832853587431,2530,1531943832853124556,base_link,97182.9589844,0.0
1531943832954272185,2531,1531943832951749240,base_link,97181.5612793,0.0
1531943833063859264,2532,1531943833063416038,base_link,97180.7312012,0.0
1531943833166571612,2533,1531943833166381086,base_link,97179.0710449,0.0
1531943833256628370,2534,1531943833253936019,base_link,97179.0710449,0.0
1531943833356111062,2535,1531943833355630908,base_link,97176.3244629,0.0
1531943833447230271,2536,1531943833446591911,base_link,97175.012207,0.0
1531943833571647603,2537,1531943833571261335,base_link,97176.1047363,0.0
1531943833717092646,2538,1531943833716500461,base_link,97170.8740234,0.0
1531943833775841978,2539,1531943833775271265,base_link,97173.5839844,0.0
1531943833851845275,2540,1531943833851292866,base_link,97173.5839844,0.0
1531943833960637325,2541,1531943833959889974,base_link,97171.9848633,0.0
1531943834078036888,2542,1531943834076595209,base_link,97173.651123,0.0
1531943834197305197,2543,1531943834196921105,base_link,97169.9035645,0.0
1531943834291827599,2544,1531943834291009976,base_link,97171.6491699,0.0
1531943834351134589,2545,1531943834350804609,base_link,97171.6491699,0.0
1531943834475478196,2546,1531943834474750173,base_link,97170.2575684,0.0
1531943834584012268,2547,1531943834583253333,base_link,97169.6228027,0.0
1531943834738573427,2548,1531943834738125176,base_link,97169.4519043,0.0
1531943834786814760,2549,1531943834786396429,base_link,97166.5588379,0.0
1531943834845036036,2550,1531943834844715912,base_link,97166.5588379,0.0
1531943834960789091,2551,1531943834960380648,base_link,97168.1762695,0.0
1531943835056609783,2552,1531943835056220988,base_link,97167.9382324,0.0
1531943835176213355,2553,1531943835172879411,base_link,97169.1162109,0.0
1531943835259660886,2554,1531943835255793221,base_link,97169.1162109,0.0
1531943835407177111,2555,1531943835406118244,base_link,97167.5231934,0.0
1531943835451098817,2556,1531943835450423018,base_link,97167.5231934,0.0
1531943835566332234,2557,1531943835565715346,base_link,97162.8967285,0.0
1531943835681270807,2558,1531943835680296963,base_link,97169.6594238,0.0
1531943835783545117,2559,1531943835782734343,base_link,97163.8183594,0.0
1531943835873686327,2560,1531943835873186045,base_link,97168.7866211,0.0
1531943835972602758,2561,1531943835964908899,base_link,97168.7866211,0.0
1531943836055475481,2562,1531943836054507013,base_link,97168.145752,0.0
1531943836158645943,2563,1531943836158239964,base_link,97170.3186035,0.0
1531943836303572218,2564,1531943836297035530,base_link,97183.3129883,0.0
1531943836379755903,2565,1531943836378742859,base_link,97183.3129883,0.0
1531943836493011395,2566,1531943836490220581,base_link,97184.9609375,0.0
1531943836562402874,2567,1531943836561016491,base_link,97184.9609375,0.0
1531943836676057816,2568,1531943836675476607,base_link,97187.6831055,0.0
1531943836804574435,2569,1531943836804187624,base_link,97188.104248,0.0
1531943836853780687,2570,1531943836852730747,base_link,97188.104248,0.0
1531943836953582389,2571,1531943836953165146,base_link,97188.2141113,0.0
1531943837054541871,2572,1531943837054055893,base_link,97190.9851074,0.0
1531943837165572624,2573,1531943837165267604,base_link,97190.9851074,0.0
1531943837312649565,2574,1531943837312338497,base_link,97189.3798828,0.0
1531943837362396931,2575,1531943837359700708,base_link,97189.3798828,0.0
1531943837444427587,2576,1531943837442751383,base_link,97191.003418,0.0
1531943837563316005,2577,1531943837560824387,base_link,97191.2963867,0.0
1531943837670385110,2578,1531943837669873788,base_link,97185.6201172,0.0
1531943837760175479,2579,1531943837759521151,base_link,97185.6201172,0.0
1531943837846097608,2580,1531943837845687981,base_link,97190.3442383,0.0
1531943837981154342,2581,1531943837980071892,base_link,97185.2722168,0.0
1531943838090010788,2582,1531943838089528010,base_link,97179.1381836,0.0
1531943838156685727,2583,1531943838156388162,base_link,97179.1381836,0.0
1531943838271820593,2584,1531943838271313431,base_link,97177.1850586,0.0
1531943838378723750,2585,1531943838378191884,base_link,97174.9572754,0.0
1531943838458360708,2586,1531943838457642957,base_link,97174.9572754,0.0
1531943838557911314,2587,1531943838557582998,base_link,97177.4536133,0.0
1531943838658338006,2588,1531943838657666142,base_link,97176.574707,0.0
1531943838778626569,2589,1531943838778005873,base_link,97173.6755371,0.0
1531943838854338647,2590,1531943838853670687,base_link,97173.6755371,0.0
1531943838995990825,2591,1531943838995482607,base_link,97173.3337402,0.0
1531943839068579678,2592,1531943839068135971,base_link,97173.3337402,0.0
1531943839163616933,2593,1531943839159190106,base_link,97174.8779297,0.0
1531943839267652095,2594,1531943839267153221,base_link,97179.5532227,0.0
1531943839385724688,2595,1531943839382529303,base_link,97179.5532227,0.0
1531943839454052057,2596,1531943839453482496,base_link,97177.4353027,0.0
1531943839611546735,2597,1531943839611123380,base_link,97176.3671875,0.0
1531943839660475969,2598,1531943839660030566,base_link,97176.3671875,0.0
1531943839754016666,2599,1531943839753711197,base_link,97168.3654785,0.0
1531943839858011252,2600,1531943839857429659,base_link,97168.3654785,0.0
1531943839955382943,2601,1531943839954714983,base_link,97172.7294922,0.0
1531943840053321668,2602,1531943840052980584,base_link,97170.2575684,0.0
1531943840199475398,2603,1531943840193643020,base_link,97174.1760254,0.0
1531943840286378352,2604,1531943840285809143,base_link,97172.7844238,0.0
1531943840353762310,2605,1531943840353324299,base_link,97172.7844238,0.0
1531943840479391998,2606,1531943840479013251,base_link,97173.3276367,0.0
1531943840555556426,2607,1531943840554887922,base_link,97175.7019043,0.0
1531943840727259609,2608,1531943840725473646,base_link,97175.4516602,0.0
1531943840781273167,2609,1531943840778970891,base_link,97180.1086426,0.0
1531943840926577819,2610,1531943840926230815,base_link,97178.1982422,0.0
1531943840948165208,2611,1531943840947815260,base_link,97178.1982422,0.0
1531943841046249117,2612,1531943841045940928,base_link,97178.8818359,0.0
1531943841146322027,2613,1531943841145927440,base_link,97174.5239258,0.0
1531943841274132589,2614,1531943841273748593,base_link,97179.0466309,0.0
1531943841346058669,2615,1531943841345702481,base_link,97179.0466309,0.0
1531943841452439568,2616,1531943841451963189,base_link,97177.746582,0.0
1531943841568861882,2617,1531943841564018932,base_link,97181.2805176,0.0
1531943841662675987,2618,1531943841659285244,base_link,97181.9274902,0.0
1531943841760108450,2619,1531943841759591496,base_link,97180.9326172,0.0
1531943841886806864,2620,1531943841884239951,base_link,97187.8173828,0.0
1531943841961861163,2621,1531943841959977858,base_link,97187.8173828,0.0
1531943842073261715,2622,1531943842072822136,base_link,97189.0136719,0.0
1531943842191557641,2623,1531943842191085839,base_link,97192.8466797,0.0
1531943842273436756,2624,1531943842272900827,base_link,97192.8466797,0.0
1531943842373351911,2625,1531943842372613744,base_link,97191.3391113,0.0
1531943842525648550,2626,1531943842525046573,base_link,97195.9533691,0.0
1531943842589843716,2627,1531943842589124237,base_link,97192.4194336,0.0
1531943842650508973,2628,1531943842649215741,base_link,97192.4194336,0.0
1531943842782869179,2629,1531943842782242626,base_link,97189.2272949,0.0
1531943842857006882,2630,1531943842855714162,base_link,97189.2272949,0.0
1531943842959727571,2631,1531943842959256185,base_link,97197.0458984,0.0
1531943843078709507,2632,1531943843078163146,base_link,97198.9746094,0.0
1531943843154092989,2633,1531943843153861024,base_link,97198.9746094,0.0
1531943843275508209,2634,1531943843274995383,base_link,97203.6010742,0.0
1531943843362017062,2635,1531943843361476077,base_link,97203.6010742,0.0
1531943843445749405,2636,1531943843445228291,base_link,97200.2380371,0.0
1531943843558512184,2637,1531943843558252795,base_link,97203.7719727,0.0
1531943843670529532,2638,1531943843669803109,base_link,97203.7719727,0.0
1531943843773414637,2639,1531943843773005170,base_link,97206.7565918,0.0
1531943843856331085,2640,1531943843855943442,base_link,97206.7565918,0.0
1531943843954318905,2641,1531943843953988253,base_link,97201.8981934,0.0
1531943844063656671,2642,1531943844056249399,base_link,97195.9655762,0.0
1531943844154885501,2643,1531943844154429187,base_link,97198.5229492,0.0
1531943844251315518,2644,1531943844250963074,base_link,97196.4538574,0.0
1531943844376343593,2645,1531943844375804624,base_link,97197.277832,0.0
1531943844451823588,2646,1531943844450647058,base_link,97197.277832,0.0
1531943844535420382,2647,1531943844534942628,base_link,97190.2770996,0.0
1531943844669237056,2648,1531943844668105326,base_link,97190.2648926,0.0
1531943844736176513,2649,1531943844735849093,base_link,97192.8466797,0.0
1531943844859850076,2650,1531943844858368398,base_link,97194.1467285,0.0
1531943844965547566,2651,1531943844965249906,base_link,97192.2973633,0.0
1531943845051660459,2652,1531943845049726242,base_link,97192.2973633,0.0
1531943845182938063,2653,1531943845182346870,base_link,97192.2058105,0.0
1531943845249606804,2654,1531943845249215289,base_link,97192.2058105,0.0
1531943845380205856,2655,1531943845379307115,base_link,97182.0983887,0.0
1531943845472136504,2656,1531943845465236843,base_link,97182.0983887,0.0
1531943845573595487,2657,1531943845573222212,base_link,97180.0292969,0.0
1531943845654065632,2658,1531943845652843887,base_link,97180.0292969,0.0
1531943845762215159,2659,1531943845761961018,base_link,97170.4406738,0.0
1531943845866909528,2660,1531943845866445693,base_link,97170.4406738,0.0
1531943845960530300,2661,1531943845959778693,base_link,97171.3806152,0.0
1531943846073659321,2662,1531943846073245214,base_link,97169.1467285,0.0
1531943846177356872,2663,1531943846175630620,base_link,97165.2099609,0.0
1531943846260521835,2664,1531943846260173871,base_link,97168.7316895,0.0
1531943846372941457,2665,1531943846372295961,base_link,97164.831543,0.0
1531943846477549525,2666,1531943846477193401,base_link,97162.5183105,0.0
1531943846558799151,2667,1531943846558350740,base_link,97162.5183105,0.0
1531943846650900903,2668,1531943846650382285,base_link,97166.3757324,0.0
1531943846752702252,2669,1531943846752004404,base_link,97164.9108887,0.0
1531943846857846953,2670,1531943846857343439,base_link,97163.0187988,0.0
1531943846980288601,2671,1531943846979370308,base_link,97164.4104004,0.0
1531943847063971191,2672,1531943847063300991,base_link,97164.4104004,0.0
1531943847149614718,2673,1531943847143591110,base_link,97167.7429199,0.0
1531943847254624415,2674,1531943847254191589,base_link,97165.826416,0.0
1531943847381881881,2675,1531943847381063842,base_link,97164.831543,0.0
1531943847469670470,2676,1531943847464915071,base_link,97164.831543,0.0
1531943847560992170,2677,1531943847557259510,base_link,97164.5446777,0.0
1531943847657368498,2678,1531943847656982102,base_link,97165.0939941,0.0
1531943847789640271,2679,1531943847789102966,base_link,97162.0605469,0.0
1531943847853899444,2680,1531943847853376251,base_link,97162.0605469,0.0
1531943848014067303,2681,1531943848013377359,base_link,97168.9880371,0.0
1531943848069858802,2682,1531943848069157882,base_link,97168.9880371,0.0
1531943848162626502,2683,1531943848162130796,base_link,97171.7407227,0.0
1531943848260388799,2684,1531943848258881137,base_link,97170.7092285,0.0
1531943848373084455,2685,1531943848372750731,base_link,97177.3742676,0.0
1531943848486289225,2686,1531943848485851439,base_link,97173.4375,0.0
1531943848574236087,2687,1531943848572588906,base_link,97177.0812988,0.0
1531943848651698465,2688,1531943848651170599,base_link,97177.0812988,0.0
1531943848762269922,2689,1531943848759307397,base_link,97175.0305176,0.0
1531943848853943651,2690,1531943848853089645,base_link,97179.6081543,0.0
1531943848985028337,2691,1531943848984360153,base_link,97181.0852051,0.0
1531943849051063012,2692,1531943849050705128,base_link,97181.0852051,0.0
1531943849170234850,2693,1531943849168792851,base_link,97181.7687988,0.0
1531943849278622847,2694,1531943849277385582,base_link,97181.8481445,0.0
1531943849355815342,2695,1531943849355403059,base_link,97183.996582,0.0
1531943849464493032,2696,1531943849463652210,base_link,97188.2080078,0.0
1531943849553290765,2697,1531943849552431960,base_link,97184.0515137,0.0
1531943849655403541,2698,1531943849653679594,base_link,97181.9213867,0.0
1531943849751808801,2699,1531943849751449541,base_link,97184.5153809,0.0
1531943849872333871,2700,1531943849871868692,base_link,97182.5317383,0.0
1531943850007838091,2701,1531943850006899895,base_link,97179.284668,0.0
1531943850052226047,2702,1531943850051842436,base_link,97179.284668,0.0
1531943850169052796,2703,1531943850168352548,base_link,97179.2480469,0.0
1531943850249823682,2704,1531943850249496806,base_link,97176.739502,0.0
1531943850354958696,2705,1531943850354662892,base_link,97175.9216309,0.0
1531943850460142830,2706,1531943850459617940,base_link,97176.0070801,0.0
1531943850576646830,2707,1531943850573539411,base_link,97171.5820312,0.0
1531943850647120334,2708,1531943850646400758,base_link,97175.5737305,0.0
1531943850774678092,2709,1531943850773433178,base_link,97178.2470703,0.0
1531943850859886653,2710,1531943850859559745,base_link,97178.2470703,0.0
1531943850956660871,2711,1531943850955559476,base_link,97175.7507324,0.0
1531943851097010095,2712,1531943851096673395,base_link,97178.4484863,0.0
1531943851154153997,2713,1531943851153834833,base_link,97178.4484863,0.0
1531943851252048267,2714,1531943851251709167,base_link,97177.5817871,0.0
1531943851375942262,2715,1531943851367566361,base_link,97177.6550293,0.0
1531943851476122233,2716,1531943851473972946,base_link,97174.5239258,0.0
1531943851586587426,2717,1531943851584854647,base_link,97171.0754395,0.0
1531943851687075746,2718,1531943851685363798,base_link,97173.5595703,0.0
1531943851752558750,2719,1531943851752179970,base_link,97173.5595703,0.0
1531943851897811565,2720,1531943851897248436,base_link,97176.4892578,0.0
1531943851963813603,2721,1531943851960739399,base_link,97176.4892578,0.0
1531943852048716891,2722,1531943852048412990,base_link,97171.1120605,0.0
1531943852152329143,2723,1531943852151793406,base_link,97174.0234375,0.0
1531943852258392951,2724,1531943852256020659,base_link,97174.0234375,0.0
1531943852373289551,2725,1531943852372658678,base_link,97169.4641113,0.0
1531943852448765175,2726,1531943852448459418,base_link,97173.5900879,0.0
1531943852553711972,2727,1531943852552905549,base_link,97175.8422852,0.0
1531943852647211063,2728,1531943852646069445,base_link,97173.1384277,0.0
1531943852758273180,2729,1531943852757876289,base_link,97167.7429199,0.0
1531943852865670700,2730,1531943852865112851,base_link,97171.09375,0.0
1531943852952689356,2731,1531943852951869078,base_link,97169.6594238,0.0
1531943853069825675,2732,1531943853069362129,base_link,97166.7541504,0.0
1531943853157260552,2733,1531943853156991787,base_link,97171.5270996,0.0
1531943853254955180,2734,1531943853254700239,base_link,97164.9597168,0.0
1531943853354344508,2735,1531943853353713092,base_link,97166.9433594,0.0
1531943853457619903,2736,1531943853457249955,base_link,97170.4589844,0.0
1531943853586090137,2737,1531943853585574655,base_link,97173.8891602,0.0
1531943853656702748,2738,1531943853656062051,base_link,97173.8891602,0.0
1531943853757909014,2739,1531943853757444284,base_link,97177.3254395,0.0
1531943853850368344,2740,1531943853849934077,base_link,97179.6691895,0.0
1531943853980007109,2741,1531943853979190734,base_link,97182.3242188,0.0
1531943854057249339,2742,1531943854056823775,base_link,97182.3242188,0.0
1531943854169288057,2743,1531943854168911101,base_link,97178.729248,0.0
1531943854251680850,2744,1531943854251213400,base_link,97178.729248,0.0
1531943854359123110,2745,1531943854358873737,base_link,97191.2109375,0.0
1531943854482156163,2746,1531943854480445016,base_link,97189.8010254,0.0
1531943854564489630,2747,1531943854562575988,base_link,97189.8010254,0.0
1531943854653091567,2748,1531943854651517761,base_link,97188.494873,0.0
1531943854763051749,2749,1531943854762794952,base_link,97194.1955566,0.0
1531943854854186809,2750,1531943854849977642,base_link,97193.5119629,0.0
1531943854998251807,2751,1531943854994072592,base_link,97193.5852051,0.0
1531943855072164638,2752,1531943855071406214,base_link,97197.4487305,0.0
1531943855159045732,2753,1531943855158482379,base_link,97197.4487305,0.0
1531943855249920508,2754,1531943855249480353,base_link,97197.7478027,0.0
1531943855337378716,2755,1531943855336896386,base_link,97193.4692383,0.0
1531943855454303395,2756,1531943855454034086,base_link,97199.7497559,0.0
1531943855578692275,2757,1531943855578427766,base_link,97197.4060059,0.0
1531943855660194136,2758,1531943855659824957,base_link,97197.5219727,0.0
1531943855765291242,2759,1531943855764214423,base_link,97196.6674805,0.0
1531943855864481153,2760,1531943855864055462,base_link,97196.5515137,0.0
1531943855973567651,2761,1531943855971918327,base_link,97195.8251953,0.0
1531943856070013275,2762,1531943856069397027,base_link,97198.4436035,0.0
1531943856170342246,2763,1531943856170033162,base_link,97197.0581055,0.0
1531943856313848601,2764,1531943856306929386,base_link,97196.9604492,0.0
1531943856374096377,2765,1531943856373016485,base_link,97198.1445312,0.0
1531943856456679667,2766,1531943856456216793,base_link,97198.1445312,0.0
1531943856564605221,2767,1531943856559234276,base_link,97197.1679688,0.0
1531943856667830767,2768,1531943856667294229,base_link,97198.6450195,0.0
1531943856762199072,2769,1531943856760912847,base_link,97198.6450195,0.0
1531943856890841600,2770,1531943856890388197,base_link,97199.6948242,0.0
1531943856976882898,2771,1531943856976488279,base_link,97197.3571777,0.0
1531943857097604337,2772,1531943857097023256,base_link,97196.4355469,0.0
1531943857158225453,2773,1531943857157558325,base_link,97196.4355469,0.0
1531943857251501101,2774,1531943857250903988,base_link,97193.4509277,0.0
1531943857367704353,2775,1531943857366922858,base_link,97195.0195312,0.0
1531943857465799337,2776,1531943857464249467,base_link,97191.2963867,0.0
1531943857553763366,2777,1531943857553444522,base_link,97190.9851074,0.0
1531943857675521882,2778,1531943857674979104,base_link,97185.2722168,0.0
1531943857769907629,2779,1531943857769519793,base_link,97185.2722168,0.0
1531943857889362939,2780,1531943857888922784,base_link,97184.7961426,0.0
1531943857974880213,2781,1531943857974347355,base_link,97182.0373535,0.0
1531943858106583542,2782,1531943858106173723,base_link,97177.8442383,0.0
1531943858180927476,2783,1531943858180381595,base_link,97178.4851074,0.0
1531943858265191711,2784,1531943858264542918,base_link,97178.4851074,0.0
1531943858380365217,2785,1531943858379726024,base_link,97169.6594238,0.0
1531943858451211496,2786,1531943858450984010,base_link,97169.6594238,0.0
1531943858570142142,2787,1531943858569795906,base_link,97171.8017578,0.0
1531943858720483175,2788,1531943858716923632,base_link,97169.2077637,0.0
1531943858755313585,2789,1531943858754642457,base_link,97169.2077637,0.0
1531943858873722766,2790,1531943858873100853,base_link,97162.9333496,0.0
1531943858975958407,2791,1531943858975259759,base_link,97164.855957,0.0
1531943859055904837,2792,1531943859055584968,base_link,97164.855957,0.0
1531943859165661864,2793,1531943859159197107,base_link,97160.7727051,0.0
1531943859293748054,2794,1531943859292934176,base_link,97163.5864258,0.0
1531943859350246629,2795,1531943859349805642,base_link,97163.5864258,0.0
1531943859472656310,2796,1531943859472297402,base_link,97167.9199219,0.0
1531943859556067499,2797,1531943859554806042,base_link,97167.9199219,0.0
1531943859668985034,2798,1531943859668665358,base_link,97168.6767578,0.0
1531943859759135474,2799,1531943859758888532,base_link,97168.6767578,0.0
1531943859895452128,2800,1531943859895026661,base_link,97171.7346191,0.0
1531943859979146291,2801,1531943859978106591,base_link,97171.7346191,0.0
1531943860073504939,2802,1531943860073155087,base_link,97170.6604004,0.0
1531943860200958723,2803,1531943860200468424,base_link,97173.815918,0.0
1531943860258159019,2804,1531943860257331348,base_link,97173.815918,0.0
1531943860391766107,2805,1531943860390892069,base_link,97176.9226074,0.0
1531943860456851399,2806,1531943860456427116,base_link,97176.9226074,0.0
1531943860582826929,2807,1531943860582220312,base_link,97183.7158203,0.0
1531943860679098707,2808,1531943860678242941,base_link,97186.0107422,0.0
1531943860764395508,2809,1531943860762881286,base_link,97189.7338867,0.0
1531943860854007748,2810,1531943860853684615,base_link,97189.7338867,0.0
1531943860956524573,2811,1531943860955948740,base_link,97195.0134277,0.0
1531943861090367053,2812,1531943861085424038,base_link,97194.9768066,0.0
1531943861153195893,2813,1531943861152798105,base_link,97196.5393066,0.0
1531943861265508287,2814,1531943861264655241,base_link,97196.5393066,0.0
1531943861349587601,2815,1531943861348445534,base_link,97198.4436035,0.0
1531943861458929150,2816,1531943861458499619,base_link,97202.4536133,0.0
1531943861559606703,2817,1531943861559044309,base_link,97201.171875,0.0
1531943861660621916,2818,1531943861660037443,base_link,97201.953125,0.0
1531943861758152786,2819,1531943861757509273,base_link,97206.0119629,0.0
1531943861828024776,2820,1531943861827666700,base_link,97206.4331055,0.0
1531943861952418150,2821,1531943861947709213,base_link,97203.0212402,0.0
1531943862074456449,2822,1531943862074237412,base_link,97200.7873535,0.0
1531943862143695424,2823,1531943862142596781,base_link,97200.7873535,0.0
1531943862254519230,2824,1531943862253817606,base_link,97198.8708496,0.0
1531943862369896935,2825,1531943862369472876,base_link,97199.3041992,0.0
1531943862440254617,2826,1531943862439869181,base_link,97199.3041992,0.0
1531943862558776285,2827,1531943862558414241,base_link,97195.3857422,0.0
1531943862664350264,2828,1531943862663021703,base_link,97196.4538574,0.0
1531943862776604069,2829,1531943862776293672,base_link,97199.7924805,0.0
1531943862890660477,2830,1531943862889987589,base_link,97194.5373535,0.0
1531943862972951205,2831,1531943862972101519,base_link,97194.5373535,0.0
1531943863056104836,2832,1531943863055542730,base_link,97195.5749512,0.0
1531943863156873912,2833,1531943863156499036,base_link,97194.0551758,0.0
1531943863263737925,2834,1531943863262969966,base_link,97197.1313477,0.0
1531943863372467293,2835,1531943863372203904,base_link,97197.2167969,0.0
1531943863484985129,2836,1531943863484533614,base_link,97190.0268555,0.0
1531943863571719295,2837,1531943863571418147,base_link,97192.7612305,0.0
1531943863678763019,2838,1531943863678100178,base_link,97190.3808594,0.0
1531943863767315596,2839,1531943863766716627,base_link,97188.6291504,0.0
1531943863873590656,2840,1531943863870148168,base_link,97188.6291504,0.0
1531943863945109798,2841,1531943863943563160,base_link,97191.4978027,0.0
1531943864064010505,2842,1531943864063410800,base_link,97192.8649902,0.0
1531943864152333615,2843,1531943864151908660,base_link,97189.1174316,0.0
1531943864289274915,2844,1531943864287593047,base_link,97185.3820801,0.0
1531943864375913372,2845,1531943864375658591,base_link,97183.1726074,0.0
1531943864454616336,2846,1531943864454231669,base_link,97183.1726074,0.0
1531943864549427627,2847,1531943864549110734,base_link,97177.4963379,0.0
1531943864680392996,2848,1531943864677700739,base_link,97178.4362793,0.0
1531943864767968210,2849,1531943864767558327,base_link,97177.4963379,0.0
1531943864857579497,2850,1531943864856668947,base_link,97177.4963379,0.0
1531943864971202058,2851,1531943864970870190,base_link,97174.5117188,0.0
1531943865058757753,2852,1531943865058248159,base_link,97174.5117188,0.0
1531943865149022986,2853,1531943865148770285,base_link,97170.7885742,0.0
1531943865285616325,2854,1531943865285261353,base_link,97171.887207,0.0
1531943865354583883,2855,1531943865354160336,base_link,97171.887207,0.0
1531943865454405517,2856,1531943865451475439,base_link,97171.5148926,0.0
1531943865571372011,2857,1531943865570416342,base_link,97167.6391602,0.0
1531943865684214775,2858,1531943865680407843,base_link,97170.8251953,0.0
1531943865789101343,2859,1531943865788876642,base_link,97174.6459961,0.0
1531943865879995049,2860,1531943865879561486,base_link,97174.8962402,0.0
1531943865971383404,2861,1531943865970984177,base_link,97177.0385742,0.0
1531943866074450347,2862,1531943866074094799,base_link,97177.2583008,0.0
1531943866193641873,2863,1531943866192633436,base_link,97179.5288086,0.0
1531943866253312195,2864,1531943866252445389,base_link,97179.5288086,0.0
1531943866354451640,2865,1531943866354230139,base_link,97178.8208008,0.0
1531943866479060383,2866,1531943866478594373,base_link,97175.8117676,0.0
1531943866556876897,2867,1531943866556573252,base_link,97175.8117676,0.0
1531943866645492262,2868,1531943866645004428,base_link,97175.0061035,0.0
1531943866819769811,2869,1531943866819278104,base_link,97176.5808105,0.0
1531943866860501374,2870,1531943866859622312,base_link,97176.5808105,0.0
1531943866953752078,2871,1531943866953502449,base_link,97177.5939941,0.0
1531943867068958051,2872,1531943867068661830,base_link,97172.5585938,0.0
1531943867195201754,2873,1531943867194955101,base_link,97175.7263184,0.0
1531943867259187068,2874,1531943867258868479,base_link,97175.7263184,0.0
1531943867339070247,2875,1531943867338467758,base_link,97170.9655762,0.0
1531943867437357055,2876,1531943867436976963,base_link,97173.046875,0.0
1531943867567462473,2877,1531943867567144397,base_link,97171.9360352,0.0
1531943867672120792,2878,1531943867671777756,base_link,97170.4650879,0.0
1531943867768888353,2879,1531943867768555877,base_link,97171.6308594,0.0
1531943867876844074,2880,1531943867875619160,base_link,97167.9443359,0.0
1531943867968349488,2881,1531943867968082419,base_link,97167.565918,0.0
1531943868062644727,2882,1531943868062124573,base_link,97173.7548828,0.0
1531943868167242088,2883,1531943868166978123,base_link,97171.0449219,0.0
1531943868306396109,2884,1531943868306111120,base_link,97172.8515625,0.0
1531943868367476816,2885,1531943868367166292,base_link,97168.2189941,0.0
1531943868455762012,2886,1531943868453650389,base_link,97168.2189941,0.0
1531943868548086362,2887,1531943868547783966,base_link,97167.4133301,0.0
1531943868652726539,2888,1531943868651859413,base_link,97164.5446777,0.0
1531943868781486247,2889,1531943868780900365,base_link,97163.9282227,0.0
1531943868871683901,2890,1531943868869735827,base_link,97163.9282227,0.0
1531943868952710428,2891,1531943868952273665,base_link,97159.0454102,0.0
1531943869076717328,2892,1531943869075308800,base_link,97156.2561035,0.0
1531943869169107855,2893,1531943869167845437,base_link,97156.2561035,0.0
1531943869269825614,2894,1531943869269388819,base_link,97157.6843262,0.0
1531943869398973768,2895,1531943869398420270,base_link,97152.4536133,0.0
1531943869497115749,2896,1531943869496073073,base_link,97149.5056152,0.0
1531943869551235225,2897,1531943869550629120,base_link,97149.5056152,0.0
1531943869666885870,2898,1531943869663058202,base_link,97152.2338867,0.0
1531943869776058477,2899,1531943869775654545,base_link,97145.2575684,0.0
1531943869845465554,2900,1531943869845070455,base_link,97145.2575684,0.0
1531943869960114802,2901,1531943869959756182,base_link,97146.3867188,0.0
1531943870084466053,2902,1531943870083703053,base_link,97140.7653809,0.0
1531943870143128710,2903,1531943870142878569,base_link,97140.7653809,0.0
1531943870247207457,2904,1531943870246636840,base_link,97140.1245117,0.0
1531943870379492410,2905,1531943870378316583,base_link,97138.3361816,0.0
1531943870458559154,2906,1531943870458227574,base_link,97138.3361816,0.0
1531943870571881796,2907,1531943870568693416,base_link,97143.0908203,0.0
1531943870656070210,2908,1531943870655704550,base_link,97143.0908203,0.0
1531943870757325853,2909,1531943870756995329,base_link,97142.7001953,0.0
1531943870857401861,2910,1531943870857102953,base_link,97141.3879395,0.0
1531943870956155869,2911,1531943870955757986,base_link,97147.0458984,0.0
1531943871057035197,2912,1531943871056217991,base_link,97144.0185547,0.0
1531943871148650632,2913,1531943871145020850,base_link,97145.4956055,0.0
1531943871286678594,2914,1531943871285797068,base_link,97151.4038086,0.0
1531943871366159191,2915,1531943871365678653,base_link,97151.4038086,0.0
1531943871461556663,2916,1531943871460525923,base_link,97150.177002,0.0
1531943871559256477,2917,1531943871558859457,base_link,97150.177002,0.0
1531943871675903114,2918,1531943871675550830,base_link,97150.5004883,0.0
1531943871768044271,2919,1531943871767545813,base_link,97151.2451172,0.0
1531943871861940448,2920,1531943871860389618,base_link,97151.2451172,0.0
1531943872000695281,2921,1531943871994878292,base_link,97153.0578613,0.0
1531943872065083892,2922,1531943872063861314,base_link,97153.0578613,0.0
1531943872150457064,2923,1531943872150237546,base_link,97151.2390137,0.0
1531943872260481155,2924,1531943872258311739,base_link,97152.6062012,0.0
1531943872349870985,2925,1531943872349251888,base_link,97149.8718262,0.0
1531943872453965319,2926,1531943872453676650,base_link,97152.2094727,0.0
1531943872637251264,2927,1531943872636427529,base_link,97152.5146484,0.0
1531943872657647576,2928,1531943872657220220,base_link,97152.5146484,0.0
1531943872756500178,2929,1531943872754007150,base_link,97149.230957,0.0
1531943872879190909,2930,1531943872877786893,base_link,97153.6071777,0.0
1531943872973728808,2931,1531943872973348780,base_link,97148.6755371,0.0
1531943873076321369,2932,1531943873075682944,base_link,97146.7956543,0.0
1531943873206644526,2933,1531943873205846712,base_link,97148.5290527,0.0
1531943873253151038,2934,1531943873252791010,base_link,97148.5290527,0.0
1531943873378632618,2935,1531943873378307150,base_link,97146.9360352,0.0
1531943873456971023,2936,1531943873456308791,base_link,97146.9360352,0.0
1531943873584599460,2937,1531943873581585798,base_link,97147.277832,0.0
1531943873691142184,2938,1531943873690410256,base_link,97141.8334961,0.0
1531943873775290763,2939,1531943873774485876,base_link,97141.8334961,0.0
1531943873873485646,2940,1531943873872943924,base_link,97143.7927246,0.0
1531943873966203664,2941,1531943873965735573,base_link,97147.2473145,0.0
1531943874057436067,2942,1531943874057136679,base_link,97147.2473145,0.0
1531943874150213094,2943,1531943874149810090,base_link,97144.8120117,0.0
1531943874248341963,2944,1531943874247947600,base_link,97143.2373047,0.0
1531943874405858127,2945,1531943874402988783,base_link,97145.9655762,0.0
1531943874465471082,2946,1531943874464998735,base_link,97151.8249512,0.0
1531943874549921131,2947,1531943874549602415,base_link,97151.8249512,0.0
1531943874658286973,2948,1531943874657699203,base_link,97147.2412109,0.0
1531943874745757339,2949,1531943874741407245,base_link,97152.4108887,0.0
1531943874848177328,2950,1531943874845667949,base_link,97154.3579102,0.0
1531943875032878880,2951,1531943875032353894,base_link,97157.7148438,0.0
1531943875065476142,2952,1531943875065217521,base_link,97157.7148438,0.0
1531943875156315368,2953,1531943875155593520,base_link,97159.3078613,0.0
1531943875281947991,2954,1531943875280758949,base_link,97161.0229492,0.0
1531943875374060387,2955,1531943875372449269,base_link,97161.0229492,0.0
1531943875451162552,2956,1531943875450723389,base_link,97164.7399902,0.0
1531943875622658016,2957,1531943875612301781,base_link,97167.0654297,0.0
1531943875667159271,2958,1531943875666639437,base_link,97171.2097168,0.0
1531943875776146387,2959,1531943875775810871,base_link,97172.8820801,0.0
1531943875854814295,2960,1531943875854137823,base_link,97172.8820801,0.0
1531943875964312573,2961,1531943875963240745,base_link,97175.1403809,0.0
1531943876070789927,2962,1531943876069749523,base_link,97181.1950684,0.0
1531943876188152246,2963,1531943876187684156,base_link,97179.6630859,0.0
1531943876267020730,2964,1531943876265419916,base_link,97179.6630859,0.0
1531943876361286958,2965,1531943876359836191,base_link,97184.5581055,0.0
1531943876459445847,2966,1531943876458923453,base_link,97184.5581055,0.0
1531943876567286546,2967,1531943876566831031,base_link,97183.3129883,0.0
1531943876650577667,2968,1531943876650037161,base_link,97183.3129883,0.0
1531943876750865012,2969,1531943876750075357,base_link,97183.3984375,0.0
1531943876853574089,2970,1531943876850455884,base_link,97185.2539062,0.0
1531943876964742430,2971,1531943876964443106,base_link,97184.7351074,0.0
1531943877082348685,2972,1531943877080276644,base_link,97182.6782227,0.0
1531943877152273526,2973,1531943877151938970,base_link,97182.6782227,0.0
1531943877252565641,2974,1531943877252098638,base_link,97180.3283691,0.0
1531943877353759217,2975,1531943877352509567,base_link,97177.4902344,0.0
1531943877471833146,2976,1531943877471070403,base_link,97182.6477051,0.0
1531943877577007638,2977,1531943877576711513,base_link,97172.3388672,0.0
1531943877669240451,2978,1531943877668486252,base_link,97173.4069824,0.0
1531943877756949060,2979,1531943877756059310,base_link,97173.4069824,0.0
1531943877857194711,2980,1531943877856834907,base_link,97172.1069336,0.0
1531943877970500278,2981,1531943877969938140,base_link,97172.6623535,0.0
1531943878085428900,2982,1531943878084958314,base_link,97175.1953125,0.0
1531943878153948639,2983,1531943878152457104,base_link,97175.1953125,0.0
1531943878264611070,2984,1531943878263637961,base_link,97176.9836426,0.0
1531943878375050975,2985,1531943878374621092,base_link,97177.4291992,0.0
1531943878474276191,2986,1531943878473604135,base_link,97183.3435059,0.0
1531943878608371349,2987,1531943878608044985,base_link,97179.4128418,0.0
1531943878680081740,2988,1531943878679281877,base_link,97178.1005859,0.0
1531943878797337824,2989,1531943878796714983,base_link,97183.0993652,0.0
1531943878868373183,2990,1531943878865959514,base_link,97183.0993652,0.0
1531943878960671693,2991,1531943878959196381,base_link,97186.3037109,0.0
1531943879089001158,2992,1531943879088655434,base_link,97184.3444824,0.0
1531943879164278198,2993,1531943879161616596,base_link,97185.8276367,0.0
1531943879273108459,2994,1531943879272767631,base_link,97185.8276367,0.0
1531943879370643392,2995,1531943879370306340,base_link,97182.9223633,0.0
1531943879470078175,2996,1531943879469463750,base_link,97182.9223633,0.0
1531943879570618578,2997,1531943879563395108,base_link,97180.3955078,0.0
1531943879663808728,2998,1531943879662950242,base_link,97184.3444824,0.0
1531943879766317621,2999,1531943879764428842,base_link,97182.3181152,0.0
1531943879887856891,3000,1531943879887438016,base_link,97178.6560059,0.0
1531943879983087722,3001,1531943879982329587,base_link,97183.8989258,0.0
1531943880074715043,3002,1531943880074050986,base_link,97183.8989258,0.0
1531943880161118006,3003,1531943880160408126,base_link,97179.1992188,0.0
1531943880273790242,3004,1531943880271866968,base_link,97178.2775879,0.0
1531943880368075197,3005,1531943880367299494,base_link,97181.3232422,0.0
1531943880464381473,3006,1531943880463317421,base_link,97182.0068359,0.0
1531943880573188121,3007,1531943880572398786,base_link,97177.6794434,0.0
1531943880659213617,3008,1531943880658387162,base_link,97177.6794434,0.0
1531943880755837105,3009,1531943880755421142,base_link,97178.112793,0.0
1531943880852079702,3010,1531943880851415422,base_link,97177.557373,0.0
1531943880967104264,3011,1531943880966455727,base_link,97172.9675293,0.0
1531943881053338814,3012,1531943881052552839,base_link,97172.9675293,0.0
1531943881197072143,3013,1531943881195075685,base_link,97170.5444336,0.0
1531943881246691713,3014,1531943881246086440,base_link,97170.5444336,0.0
1531943881354931200,3015,1531943881354430982,base_link,97165.1367188,0.0
1531943881473290414,3016,1531943881472783988,base_link,97160.2294922,0.0
1531943881594406045,3017,1531943881594042465,base_link,97159.6923828,0.0
1531943881685118433,3018,1531943881684551688,base_link,97163.7084961,0.0
1531943881766887370,3019,1531943881765865686,base_link,97163.7084961,0.0
1531943881850639869,3020,1531943881844501858,base_link,97159.765625,0.0
1531943881962661266,3021,1531943881961749116,base_link,97164.1357422,0.0
1531943882051669130,3022,1531943882050805492,base_link,97159.9121094,0.0
1531943882208366604,3023,1531943882207927025,base_link,97160.7543945,0.0
1531943882267828433,3024,1531943882267455573,base_link,97161.3952637,0.0
1531943882365612200,3025,1531943882364811697,base_link,97161.3952637,0.0
1531943882450857899,3026,1531943882450116948,base_link,97160.7971191,0.0
1531943882562741476,3027,1531943882561760463,base_link,97161.6149902,0.0
1531943882683712822,3028,1531943882682918495,base_link,97163.6291504,0.0
1531943882779446980,3029,1531943882776840705,base_link,97165.7226562,0.0
1531943882857154332,3030,1531943882856785152,base_link,97165.7226562,0.0
1531943882991759830,3031,1531943882986672303,base_link,97167.3400879,0.0
1531943883070752929,3032,1531943883070252934,base_link,97167.3400879,0.0
1531943883159325760,3033,1531943883159056963,base_link,97169.9035645,0.0
1531943883270900062,3034,1531943883270454179,base_link,97173.248291,0.0
1531943883378119308,3035,1531943883377700753,base_link,97172.6928711,0.0
1531943883468636918,3036,1531943883468258586,base_link,97172.6928711,0.0
1531943883591788306,3037,1531943883590784733,base_link,97176.2268066,0.0
1531943883656615804,3038,1531943883655642662,base_link,97176.2268066,0.0
1531943883782875701,3039,1531943883782434426,base_link,97173.815918,0.0
1531943883871449332,3040,1531943883871075352,base_link,97173.815918,0.0
1531943883942311706,3041,1531943883941992894,base_link,97178.1982422,0.0
1531943884076019105,3042,1531943884075001804,base_link,97174.1394043,0.0
1531943884176936536,3043,1531943884176391102,base_link,97177.3986816,0.0
1531943884270925724,3044,1531943884270555840,base_link,97172.6257324,0.0
1531943884352958118,3045,1531943884352559114,base_link,97172.6257324,0.0
1531943884470176582,3046,1531943884469343119,base_link,97173.1750488,0.0
1531943884577297015,3047,1531943884576837948,base_link,97171.7346191,0.0
1531943884657183033,3048,1531943884656751838,base_link,97171.7346191,0.0
1531943884750276839,3049,1531943884744132268,base_link,97171.6796875,0.0
1531943884848044161,3050,1531943884846670193,base_link,97171.2646484,0.0
1531943884959785407,3051,1531943884959116134,base_link,97168.7683105,0.0
1531943885051210305,3052,1531943885050879524,base_link,97170.3857422,0.0
1531943885156317994,3053,1531943885154558526,base_link,97168.737793,0.0
1531943885274874814,3054,1531943885274536962,base_link,97167.8833008,0.0
1531943885358625974,3055,1531943885358333625,base_link,97167.8833008,0.0
1531943885468849031,3056,1531943885466897180,base_link,97164.2883301,0.0
1531943885551937158,3057,1531943885551563691,base_link,97164.2883301,0.0
1531943885661210178,3058,1531943885656542326,base_link,97166.015625,0.0
1531943885760112977,3059,1531943885759788212,base_link,97167.1569824,0.0
1531943885867956156,3060,1531943885860557454,base_link,97162.7380371,0.0
1531943885936675708,3061,1531943885935452586,base_link,97167.9260254,0.0
1531943886080578837,3062,1531943886078572844,base_link,97169.0917969,0.0
1531943886153222667,3063,1531943886152859951,base_link,97169.0917969,0.0
1531943886262618406,3064,1531943886260877882,base_link,97165.020752,0.0
1531943886392599324,3065,1531943886391983299,base_link,97169.6594238,0.0
1531943886458064770,3066,1531943886457719846,base_link,97169.6594238,0.0
1531943886571895308,3067,1531943886566827652,base_link,97165.9484863,0.0
1531943886661819936,3068,1531943886660354545,base_link,97166.5344238,0.0
1531943886764695301,3069,1531943886764274889,base_link,97166.5344238,0.0
1531943886888662365,3070,1531943886888058308,base_link,97170.489502,0.0
1531943886972811090,3071,1531943886970489452,base_link,97170.489502,0.0
1531943887078997875,3072,1531943887078687798,base_link,97169.3237305,0.0
1531943887149204005,3073,1531943887148662219,base_link,97170.1843262,0.0
1531943887271778223,3074,1531943887271251637,base_link,97169.0063477,0.0
1531943887371405145,3075,1531943887370937694,base_link,97164.7949219,0.0
1531943887458152562,3076,1531943887457092510,base_link,97164.7949219,0.0
1531943887555215897,3077,1531943887553371245,base_link,97165.5822754,0.0
1531943887657145097,3078,1531943887656869580,base_link,97165.5761719,0.0
1531943887763150508,3079,1531943887762523475,base_link,97166.003418,0.0
1531943887869245198,3080,1531943887868916049,base_link,97164.2578125,0.0
1531943887955933096,3081,1531943887955588908,base_link,97164.2578125,0.0
1531943888056340778,3082,1531943888052966447,base_link,97165.5395508,0.0
1531943888166638430,3083,1531943888165695529,base_link,97167.8405762,0.0
1531943888246492134,3084,1531943888246098154,base_link,97170.5749512,0.0
1531943888449035096,3085,1531943888448703516,base_link,97174.3347168,0.0
1531943888564872943,3086,1531943888561807153,base_link,97173.5534668,0.0
1531943888643237031,3087,1531943888642249938,base_link,97176.0498047,0.0
1531943888756936918,3088,1531943888756496731,base_link,97173.5900879,0.0
1531943888906799986,3089,1531943888906287832,base_link,97176.7028809,0.0
1531943888996504076,3090,1531943888996151184,base_link,97178.8574219,0.0
1531943889055056641,3091,1531943889054547591,base_link,97178.8574219,0.0
1531943889169717447,3092,1531943889169307820,base_link,97177.4902344,0.0
1531943889243925102,3093,1531943889243072696,base_link,97177.4902344,0.0
1531943889393436625,3094,1531943889393013686,base_link,97175.3112793,0.0
1531943889472655137,3095,1531943889472298149,base_link,97176.8981934,0.0
1531943889584387911,3096,1531943889584010155,base_link,97177.0446777,0.0
1531943889649594418,3097,1531943889649247382,base_link,97177.0446777,0.0
1531943889772613211,3098,1531943889771772133,base_link,97178.338623,0.0
1531943889842784912,3099,1531943889842365396,base_link,97174.7619629,0.0
1531943889977894514,3100,1531943889977387384,base_link,97173.3276367,0.0
1531943890066782712,3101,1531943890066397724,base_link,97176.2634277,0.0
1531943890157686855,3102,1531943890153598900,base_link,97176.2634277,0.0
1531943890253861180,3103,1531943890253495456,base_link,97173.8464355,0.0
1531943890358797136,3104,1531943890358457844,base_link,97175.0366211,0.0
1531943890461412254,3105,1531943890461132929,base_link,97174.5544434,0.0
1531943890564904545,3106,1531943890564613221,base_link,97171.2036133,0.0
1531943890649745012,3107,1531943890649183642,base_link,97169.6594238,0.0
1531943890777384524,3108,1531943890776513462,base_link,97169.2260742,0.0
1531943890868916693,3109,1531943890868550041,base_link,97168.0053711,0.0
1531943890978927984,3110,1531943890978620724,base_link,97167.755127,0.0
1531943891045770251,3111,1531943891044866805,base_link,97167.755127,0.0
1531943891176227846,3112,1531943891173931903,base_link,97168.7072754,0.0
1531943891255898835,3113,1531943891255433528,base_link,97168.7072754,0.0
1531943891366171982,3114,1531943891365897041,base_link,97166.4794922,0.0
1531943891493845735,3115,1531943891493536554,base_link,97170.1293945,0.0
1531943891558636921,3116,1531943891558219358,base_link,97168.4570312,0.0
1531943891649729928,3117,1531943891649271917,base_link,97168.4570312,0.0
1531943891755891504,3118,1531943891755477684,base_link,97167.7062988,0.0
1531943891846392645,3119,1531943891845793260,base_link,97166.3391113,0.0
1531943892010294765,3120,1531943892009928049,base_link,97163.6291504,0.0
1531943892075149760,3121,1531943892074820259,base_link,97166.5893555,0.0
1531943892164932030,3122,1531943892164675521,base_link,97166.5893555,0.0
1531943892262365320,3123,1531943892260086402,base_link,97166.3513184,0.0
1531943892352809632,3124,1531943892352425188,base_link,97170.703125,0.0
1531943892506792280,3125,1531943892505274313,base_link,97172.3205566,0.0
1531943892580964259,3126,1531943892580392266,base_link,97168.0419922,0.0
1531943892650729631,3127,1531943892650394179,base_link,97168.0419922,0.0
1531943892777369638,3128,1531943892776612015,base_link,97168.8171387,0.0
1531943892852290377,3129,1531943892851880654,base_link,97166.6625977,0.0
1531943892951055717,3130,1531943892950580778,base_link,97174.1149902,0.0
1531943893057568779,3131,1531943893056743156,base_link,97172.1374512,0.0
1531943893172311543,3132,1531943893170949638,base_link,97177.0751953,0.0
1531943893271818028,3133,1531943893270001376,base_link,97177.0751953,0.0
1531943893371994041,3134,1531943893371111651,base_link,97180.456543,0.0
1531943893454426602,3135,1531943893454043150,base_link,97180.456543,0.0
1531943893557064476,3136,1531943893553713281,base_link,97183.2397461,0.0
1531943893644838706,3137,1531943893644431511,base_link,97186.895752,0.0
1531943893778676555,3138,1531943893777468761,base_link,97187.286377,0.0
1531943893828139721,3139,1531943893827803212,base_link,97185.2783203,0.0
1531943893982239586,3140,1531943893980948816,base_link,97191.8945312,0.0
1531943894077517414,3141,1531943894075778234,base_link,97191.8945312,0.0
1531943894157851376,3142,1531943894157147032,base_link,97193.1091309,0.0
1531943894259277297,3143,1531943894258743223,base_link,97184.6435547,0.0
1531943894353557952,3144,1531943894352092753,base_link,97184.6435547,0.0
1531943894433319664,3145,1531943894432628728,base_link,97186.6760254,0.0
1531943894606407514,3146,1531943894605882592,base_link,97184.753418,0.0
1531943894664377275,3147,1531943894663780673,base_link,97186.529541,0.0
1531943894755659595,3148,1531943894755168561,base_link,97186.529541,0.0
1531943894852691421,3149,1531943894851078575,base_link,97186.114502,0.0
1531943894955251761,3150,1531943894954907381,base_link,97185.6872559,0.0
1531943895060007630,3151,1531943895059073336,base_link,97179.3640137,0.0
1531943895148270913,3152,1531943895147445515,base_link,97179.3640137,0.0
1531943895268191192,3153,1531943895267577983,base_link,97177.2460938,0.0
1531943895346102685,3154,1531943895345769601,base_link,97177.2460938,0.0
1531943895433301117,3155,1531943895432986080,base_link,97174.3835449,0.0
1531943895629617225,3156,1531943895629123823,base_link,97169.9890137,0.0
1531943895696047149,3157,1531943895688006182,base_link,97169.4091797,0.0
1531943895752108227,3158,1531943895751831782,base_link,97169.4091797,0.0
1531943895866783700,3159,1531943895865694752,base_link,97163.5437012,0.0
1531943895954187825,3160,1531943895953781621,base_link,97163.5437012,0.0
1531943896054829852,3161,1531943896053467115,base_link,97163.8000488,0.0
1531943896173391619,3162,1531943896172744970,base_link,97159.4055176,0.0
1531943896252288382,3163,1531943896251535111,base_link,97159.4055176,0.0
1531943896388450052,3164,1531943896385473828,base_link,97157.7575684,0.0
1531943896505318365,3165,1531943896503915660,base_link,97153.4484863,0.0
1531943896548947613,3166,1531943896548618272,base_link,97153.4484863,0.0
1531943896662904214,3167,1531943896662520859,base_link,97156.9274902,0.0
1531943896751792772,3168,1531943896751218602,base_link,97154.9377441,0.0
1531943896872957454,3169,1531943896868590398,base_link,97155.9509277,0.0
1531943896990966235,3170,1531943896988888978,base_link,97156.9763184,0.0
1531943897093940527,3171,1531943897093107960,base_link,97158.2214355,0.0
1531943897185834492,3172,1531943897185234211,base_link,97154.6081543,0.0
1531943897261888184,3173,1531943897259602066,base_link,97154.6081543,0.0
1531943897348831197,3174,1531943897348544480,base_link,97163.5925293,0.0
1531943897458849891,3175,1531943897458428808,base_link,97163.5925293,0.0
1531943897562050101,3176,1531943897561739480,base_link,97161.1633301,0.0
1531943897695872597,3177,1531943897694893760,base_link,97174.6704102,0.0
1531943897778220972,3178,1531943897777809489,base_link,97174.6704102,0.0
1531943897872279490,3179,1531943897871706920,base_link,97178.0456543,0.0
1531943897953183753,3180,1531943897952608207,base_link,97178.0456543,0.0
1531943898083007031,3181,1531943898081095404,base_link,97186.7858887,0.0
1531943898176992559,3182,1531943898176633459,base_link,97180.3100586,0.0
1531943898255072150,3183,1531943898254404893,base_link,97180.3100586,0.0
1531943898352741253,3184,1531943898351724081,base_link,97184.6557617,0.0
1531943898453093048,3185,1531943898452603421,base_link,97184.9731445,0.0
1531943898548322786,3186,1531943898548051269,base_link,97186.7858887,0.0
1531943898714338276,3187,1531943898713435053,base_link,97185.9741211,0.0
1531943898745891433,3188,1531943898745477326,base_link,97185.9741211,0.0
1531943898837391805,3189,1531943898836383496,base_link,97189.440918,0.0
1531943898987681643,3190,1531943898987166960,base_link,97189.6789551,0.0
1531943899051133395,3191,1531943899050723415,base_link,97189.6789551,0.0
1531943899177924421,3192,1531943899176377814,base_link,97189.630127,0.0
1531943899257854744,3193,1531943899257375262,base_link,97189.630127,0.0
1531943899346235279,3194,1531943899345951731,base_link,97190.7104492,0.0
1531943899443824034,3195,1531943899442082229,base_link,97193.0847168,0.0
1531943899584491099,3196,1531943899584143615,base_link,97189.5263672,0.0
1531943899643922736,3197,1531943899643284215,base_link,97189.5263672,0.0
1531943899770390149,3198,1531943899770003113,base_link,97192.6757812,0.0
1531943899867533372,3199,1531943899866718373,base_link,97192.9260254,0.0
1531943899959326062,3200,1531943899958483095,base_link,97192.9260254,0.0
1531943900055404369,3201,1531943900054335773,base_link,97190.0390625,0.0
1531943900155402474,3202,1531943900154928112,base_link,97190.8325195,0.0
1531943900249185544,3203,1531943900248340625,base_link,97196.6918945,0.0
1531943900348762373,3204,1531943900348170252,base_link,97191.5893555,0.0
1531943900458845296,3205,1531943900458422133,base_link,97192.2973633,0.0
1531943900557742869,3206,1531943900557390809,base_link,97192.7490234,0.0
1531943900668962739,3207,1531943900668597943,base_link,97188.8183594,0.0
1531943900790518977,3208,1531943900789921351,base_link,97192.4743652,0.0
1531943900840442302,3209,1531943900840165057,base_link,97192.4743652,0.0
1531943900945727645,3210,1531943900945165123,base_link,97198.8586426,0.0
1531943901071034466,3211,1531943901070746022,base_link,97196.8017578,0.0
1531943901153406238,3212,1531943901152495592,base_link,97196.8017578,0.0
1531943901255487522,3213,1531943901255030663,base_link,97194.4030762,0.0
1531943901357655781,3214,1531943901354367688,base_link,97196.9421387,0.0
1531943901445672546,3215,1531943901445090185,base_link,97197.4304199,0.0
1531943901575580918,3216,1531943901574698687,base_link,97195.513916,0.0
1531943901645982132,3217,1531943901645711607,base_link,97195.513916,0.0
1531943901752026669,3218,1531943901751727728,base_link,97197.3327637,0.0
1531943901872803492,3219,1531943901872475656,base_link,97190.6860352,0.0
1531943901959506288,3220,1531943901959000949,base_link,97190.6860352,0.0
1531943902066202658,3221,1531943902065589193,base_link,97190.0817871,0.0
1531943902154887097,3222,1531943902153294827,base_link,97192.6696777,0.0
1531943902306097670,3223,1531943902305436205,base_link,97195.0927734,0.0
1531943902358730055,3224,1531943902358484586,base_link,97191.7724609,0.0
1531943902448950765,3225,1531943902447885561,base_link,97191.7724609,0.0
1531943902561905340,3226,1531943902561593791,base_link,97201.9592285,0.0
1531943902667411963,3227,1531943902666964448,base_link,97200.4638672,0.0
1531943902788360114,3228,1531943902787599099,base_link,97202.4658203,0.0
1531943902858600339,3229,1531943902857857947,base_link,97202.5695801,0.0
1531943902962650722,3230,1531943902962469572,base_link,97202.5695801,0.0
1531943903047023818,3231,1531943903044675747,base_link,97207.9589844,0.0
1531943903158377195,3232,1531943903157947856,base_link,97209.7167969,0.0
1531943903294250561,3233,1531943903293817350,base_link,97210.723877,0.0
1531943903365341145,3234,1531943903364703040,base_link,97206.4575195,0.0
1531943903459037883,3235,1531943903458609632,base_link,97206.4575195,0.0
1531943903541007133,3236,1531943903540413316,base_link,97204.0893555,0.0
1531943903644459349,3237,1531943903643694173,base_link,97205.9875488,0.0
1531943903748599429,3238,1531943903748221929,base_link,97198.5046387,0.0
1531943903868415210,3239,1531943903868093678,base_link,97205.2490234,0.0
1531943903961157238,3240,1531943903960799322,base_link,97205.2490234,0.0
1531943904048177826,3241,1531943904047657480,base_link,97199.8413086,0.0
1531943904162086185,3242,1531943904158585807,base_link,97198.7060547,0.0
1531943904254841015,3243,1531943904252162100,base_link,97201.7272949,0.0
1531943904373310444,3244,1531943904372990192,base_link,97207.1960449,0.0
1531943904450161383,3245,1531943904449478735,base_link,97202.3010254,0.0
1531943904551493751,3246,1531943904550838047,base_link,97202.9602051,0.0
1531943904631289138,3247,1531943904630907830,base_link,97200.4516602,0.0
1531943904775928395,3248,1531943904775493871,base_link,97200.8911133,0.0
1531943904871107870,3249,1531943904870034058,base_link,97203.137207,0.0
1531943904990714151,3250,1531943904990299756,base_link,97195.1782227,0.0
1531943905061288039,3251,1531943905059004928,base_link,97193.0419922,0.0
1531943905163101171,3252,1531943905160253202,base_link,97193.0419922,0.0
1531943905276360291,3253,1531943905276099845,base_link,97189.5690918,0.0
1531943905365106717,3254,1531943905364837216,base_link,97189.5690918,0.0
1531943905451941164,3255,1531943905451254323,base_link,97187.2192383,0.0
1531943905573641056,3256,1531943905572893896,base_link,97184.375,0.0
1531943905655663203,3257,1531943905654821900,base_link,97184.375,0.0
1531943905774477558,3258,1531943905774212025,base_link,97177.722168,0.0
1531943905863570285,3259,1531943905861737153,base_link,97177.722168,0.0
1531943905954973418,3260,1531943905953518906,base_link,97174.7192383,0.0
1531943906048867533,3261,1531943906048466290,base_link,97172.8881836,0.0
1531943906163638094,3262,1531943906161913985,base_link,97173.4375,0.0
1531943906252496712,3263,1531943906249537961,base_link,97168.9575195,0.0
1531943906350527071,3264,1531943906349822887,base_link,97169.0185547,0.0
1531943906450097829,3265,1531943906449664874,base_link,97167.388916,0.0
1531943906556132165,3266,1531943906553327075,base_link,97164.7460938,0.0
1531943906638426343,3267,1531943906638146538,base_link,97166.0888672,0.0
1531943906758193041,3268,1531943906757698134,base_link,97171.887207,0.0
1531943906847946882,3269,1531943906847412040,base_link,97169.2687988,0.0
1531943906979252495,3270,1531943906973852298,base_link,97169.8730469,0.0
1531943907069458940,3271,1531943907068762819,base_link,97168.6950684,0.0
1531943907152194714,3272,1531943907151489953,base_link,97168.6950684,0.0
1531943907271852295,3273,1531943907271231534,base_link,97168.7316895,0.0
1531943907376378297,3274,1531943907376049053,base_link,97170.0378418,0.0
1531943907451109966,3275,1531943907450157624,base_link,97170.0378418,0.0
1531943907552145766,3276,1531943907551867145,base_link,97168.8781738,0.0
1531943907652447365,3277,1531943907652020554,base_link,97167.9016113,0.0
1531943907778215952,3278,1531943907777678262,base_link,97168.2556152,0.0
1531943907892753109,3279,1531943907892371866,base_link,97163.8366699,0.0
1531943907974397407,3280,1531943907972893680,base_link,97163.8366699,0.0
1531943908053109546,3281,1531943908052617871,base_link,97166.998291,0.0
1531943908172657146,3282,1531943908171274505,base_link,97161.7004395,0.0
1531943908247404463,3283,1531943908245887680,base_link,97161.7004395,0.0
1531943908369164072,3284,1531943908367959061,base_link,97156.6162109,0.0
1531943908459081017,3285,1531943908458722365,base_link,97156.6162109,0.0
1531943908552848832,3286,1531943908552584611,base_link,97157.421875,0.0
1531943908635826781,3287,1531943908634713129,base_link,97160.6201172,0.0
1531943908746915560,3288,1531943908741787744,base_link,97158.6669922,0.0
1531943908865585314,3289,1531943908864777419,base_link,97155.291748,0.0
1531943908988313071,3290,1531943908986361253,base_link,97155.0109863,0.0
1531943909063609696,3291,1531943909063080070,base_link,97155.0109863,0.0
1531943909186922505,3292,1531943909186251792,base_link,97157.1716309,0.0
1531943909256587863,3293,1531943909256208187,base_link,97157.1716309,0.0
1531943909408263469,3294,1531943909407892241,base_link,97160.168457,0.0
1531943909451505657,3295,1531943909450917695,base_link,97160.168457,0.0
1531943909559740421,3296,1531943909559411657,base_link,97158.5998535,0.0
1531943909681303905,3297,1531943909676246904,base_link,97161.2609863,0.0
1531943909772217001,3298,1531943909771728942,base_link,97168.8415527,0.0
1531943909854355120,3299,1531943909851407600,base_link,97168.8415527,0.0
1531943909963085911,3300,1531943909962742650,base_link,97167.1203613,0.0
1531943910073704842,3301,1531943910072716949,base_link,97167.791748,0.0
1531943910175128417,3302,1531943910174696102,base_link,97170.9655762,0.0
1531943910262757133,3303,1531943910262408337,base_link,97170.9655762,0.0
1531943910369528491,3304,1531943910368930993,base_link,97167.2485352,0.0
1531943910455282891,3305,1531943910454830640,base_link,97167.2485352,0.0
1531943910560243996,3306,1531943910555030901,base_link,97169.2321777,0.0
1531943910646382297,3307,1531943910645791775,base_link,97171.5454102,0.0
1531943910749199361,3308,1531943910748716774,base_link,97171.1547852,0.0
1531943910865524823,3309,1531943910864952925,base_link,97171.4416504,0.0
1531943910974719354,3310,1531943910974070849,base_link,97175.0854492,0.0
1531943911057332733,3311,1531943911056603045,base_link,97172.3022461,0.0
1531943911159859754,3312,1531943911159398799,base_link,97174.4567871,0.0
1531943911255638688,3313,1531943911255120549,base_link,97174.4567871,0.0
1531943911384766477,3314,1531943911377839544,base_link,97175.5981445,0.0
1531943911463463675,3315,1531943911462912737,base_link,97177.5268555,0.0
1531943911547902987,3316,1531943911546578009,base_link,97177.5268555,0.0
1531943911674939055,3317,1531943911674399637,base_link,97179.901123,0.0
1531943911761181420,3318,1531943911760489395,base_link,97178.7536621,0.0
1531943911868892705,3319,1531943911868255143,base_link,97179.1992188,0.0
1531943911964450617,3320,1531943911964114140,base_link,97171.8566895,0.0
1531943912065448119,3321,1531943912062196474,base_link,97171.8566895,0.0
1531943912152689257,3322,1531943912151932209,base_link,97178.2775879,0.0
1531943912253152685,3323,1531943912252599155,base_link,97172.6928711,0.0
1531943912356737584,3324,1531943912356487603,base_link,97167.4560547,0.0
1531943912459014816,3325,1531943912456108704,base_link,97167.1569824,0.0
1531943912546643055,3326,1531943912545577435,base_link,97167.1569824,0.0
1531943912630725540,3327,1531943912630256489,base_link,97162.6831055,0.0
1531943912764442433,3328,1531943912761505089,base_link,97168.4875488,0.0
1531943912846724106,3329,1531943912846510604,base_link,97165.2648926,0.0
1531943912958608787,3330,1531943912957789691,base_link,97167.8405762,0.0
1531943913056670449,3331,1531943913056271446,base_link,97167.2851562,0.0
1531943913155867940,3332,1531943913155506856,base_link,97168.8598633,0.0
1531943913242082179,3333,1531943913241792262,base_link,97168.8598633,0.0
1531943913367285694,3334,1531943913366877026,base_link,97167.7734375,0.0
1531943913462049472,3335,1531943913460589808,base_link,97169.7143555,0.0
1531943913609687913,3336,1531943913607823549,base_link,97165.8325195,0.0
1531943913673213117,3337,1531943913672828257,base_link,97172.1069336,0.0
1531943913754861613,3338,1531943913750801272,base_link,97172.1069336,0.0
1531943913828973614,3339,1531943913828308565,base_link,97169.3664551,0.0
1531943913949654585,3340,1531943913949122431,base_link,97171.1547852,0.0
1531943914120231917,3341,1531943914119609491,base_link,97174.8413086,0.0
1531943914172418523,3342,1531943914172063743,base_link,97174.8413086,0.0
1531943914242562120,3343,1531943914242170956,base_link,97176.739502,0.0
1531943914357595890,3344,1531943914357149527,base_link,97182.7880859,0.0
1531943914448647838,3345,1531943914448309122,base_link,97183.3190918,0.0
1531943914561630398,3346,1531943914558549663,base_link,97185.0585938,0.0
1531943914633434809,3347,1531943914632871967,base_link,97186.6394043,0.0
1531943914775644511,3348,1531943914774718249,base_link,97191.2109375,0.0
1531943914847631480,3349,1531943914847376635,base_link,97191.2109375,0.0
1531943914952948875,3350,1531943914952542223,base_link,97199.6826172,0.0
1531943915068537455,3351,1531943915068212851,base_link,97207.8796387,0.0
1531943915175014359,3352,1531943915174592091,base_link,97217.5476074,0.0
1531943915250383500,3353,1531943915248787037,base_link,97217.5476074,0.0
1531943915350741077,3354,1531943915350304186,base_link,97201.6784668,0.0
1531943915448967765,3355,1531943915448126558,base_link,97219.8120117,0.0
1531943915593979454,3356,1531943915593358181,base_link,97216.5527344,0.0
1531943915682752100,3357,1531943915682424039,base_link,97214.3432617,0.0
1531943915772159874,3358,1531943915771647624,base_link,97216.3757324,0.0
1531943915843328037,3359,1531943915843032680,base_link,97216.3757324,0.0
1531943915976529485,3360,1531943915974106023,base_link,97216.015625,0.0
1531943916074787406,3361,1531943916074528849,base_link,97217.3522949,0.0
1531943916154495094,3362,1531943916154042363,base_link,97214.6789551,0.0
1531943916255571449,3363,1531943916255288668,base_link,97214.6789551,0.0
1531943916357677937,3364,1531943916357393844,base_link,97213.671875,0.0
1531943916451801374,3365,1531943916451495073,base_link,97216.7419434,0.0
1531943916592763509,3366,1531943916592297818,base_link,97215.5273438,0.0
1531943916654839930,3367,1531943916654246177,base_link,97215.5273438,0.0
1531943916760537963,3368,1531943916760182511,base_link,97214.8254395,0.0
1531943916849825101,3369,1531943916849402449,base_link,97214.8254395,0.0
1531943916960944740,3370,1531943916960676967,base_link,97212.0666504,0.0
1531943917060287034,3371,1531943917059417379,base_link,97213.1958008,0.0
1531943917166737764,3372,1531943917164716154,base_link,97213.28125,0.0
1531943917269571605,3373,1531943917267389741,base_link,97207.019043,0.0
1531943917367865143,3374,1531943917367521243,base_link,97208.1359863,0.0
1531943917455725417,3375,1531943917451192025,base_link,97208.1359863,0.0
1531943917561136446,3376,1531943917560057162,base_link,97206.3415527,0.0
1531943917697360681,3377,1531943917694533575,base_link,97204.8400879,0.0
1531943917766605186,3378,1531943917766267750,base_link,97208.0383301,0.0
1531943917854628786,3379,1531943917853747132,base_link,97208.0383301,0.0
1531943917940182941,3380,1531943917937362043,base_link,97200.012207,0.0
1531943918053803195,3381,1531943918053470974,base_link,97198.0651855,0.0
1531943918185220571,3382,1531943918184797855,base_link,97189.6179199,0.0
1531943918248268535,3383,1531943918241801693,base_link,97189.6179199,0.0
1531943918372565379,3384,1531943918372266567,base_link,97188.2568359,0.0
1531943918489546398,3385,1531943918485411370,base_link,97187.701416,0.0
1531943918556044726,3386,1531943918553160309,base_link,97187.701416,0.0
1531943918658098832,3387,1531943918657527254,base_link,97182.7697754,0.0
1531943918760658597,3388,1531943918752709275,base_link,97182.4401855,0.0
1531943918852418382,3389,1531943918852065490,base_link,97180.0292969,0.0
1531943918964641244,3390,1531943918964091586,base_link,97174.597168,0.0
1531943919060419994,3391,1531943919059751650,base_link,97174.597168,0.0
1531943919160226318,3392,1531943919159327448,base_link,97170.7458496,0.0
1531943919249531090,3393,1531943919248979352,base_link,97166.9616699,0.0
1531943919371194428,3394,1531943919370956415,base_link,97161.9140625,0.0
1531943919467408374,3395,1531943919467101242,base_link,97159.1796875,0.0
1531943919572982189,3396,1531943919571184576,base_link,97159.1796875,0.0
1531943919703289178,3397,1531943919702930814,base_link,97154.1564941,0.0
1531943919756816669,3398,1531943919754649652,base_link,97154.1564941,0.0
1531943919871041334,3399,1531943919870604283,base_link,97151.385498,0.0
1531943919969628695,3400,1531943919966147421,base_link,97151.385498,0.0
1531943920057406829,3401,1531943920056710004,base_link,97148.1933594,0.0
1531943920191725009,3402,1531943920191247286,base_link,97142.2851562,0.0
1531943920277910072,3403,1531943920277124704,base_link,97141.1804199,0.0
1531943920366754402,3404,1531943920365693006,base_link,97141.1804199,0.0
1531943920477462499,3405,1531943920476396623,base_link,97143.2067871,0.0
1531943920581618826,3406,1531943920580091642,base_link,97137.2314453,0.0
1531943920630080996,3407,1531943920629678632,base_link,97137.2314453,0.0
1531943920774264639,3408,1531943920771929944,base_link,97140.9606934,0.0
1531943920855024704,3409,1531943920854149609,base_link,97140.9606934,0.0
1531943920957535192,3410,1531943920956914495,base_link,97150.5371094,0.0
1531943921082820702,3411,1531943921080307065,base_link,97145.0134277,0.0
1531943921159154735,3412,1531943921156115855,base_link,97147.668457,0.0
1531943921264133838,3413,1531943921262833852,base_link,97154.0039062,0.0
1531943921374772785,3414,1531943921373105443,base_link,97157.3364258,0.0
1531943921488998669,3415,1531943921488028760,base_link,97155.3649902,0.0
1531943921567213450,3416,1531943921565409533,base_link,97160.6994629,0.0
1531943921664211231,3417,1531943921663439495,base_link,97158.605957,0.0
1531943921784574330,3418,1531943921784252797,base_link,97159.5275879,0.0
1531943921872317393,3419,1531943921871462202,base_link,97162.8173828,0.0
1531943921957327141,3420,1531943921956122738,base_link,97162.8173828,0.0
1531943922039594327,3421,1531943922038754496,base_link,97165.3320312,0.0
1531943922183231835,3422,1531943922182925726,base_link,97165.1306152,0.0
1531943922302181062,3423,1531943922299267302,base_link,97167.3522949,0.0
1531943922372949652,3424,1531943922372299227,base_link,97167.3522949,0.0
1531943922457069586,3425,1531943922456682839,base_link,97169.3237305,0.0
1531943922569223878,3426,1531943922567210204,base_link,97173.0529785,0.0
1531943922656831552,3427,1531943922655612973,base_link,97175.2258301,0.0
1531943922794699553,3428,1531943922794442244,base_link,97175.213623,0.0
1531943922862488206,3429,1531943922861682327,base_link,97175.213623,0.0
1531943922985929290,3430,1531943922985558350,base_link,97178.8879395,0.0
1531943923074739255,3431,1531943923074048383,base_link,97179.0771484,0.0
1531943923150996267,3432,1531943923150599471,base_link,97179.0771484,0.0
1531943923250509383,3433,1531943923250048748,base_link,97175.7385254,0.0
1531943923384555475,3434,1531943923383429631,base_link,97176.4953613,0.0
1531943923499921029,3435,1531943923498855729,base_link,97177.9968262,0.0
1531943923546011930,3436,1531943923545404961,base_link,97177.9968262,0.0
1531943923650517249,3437,1531943923650230180,base_link,97182.0617676,0.0
1531943923746415011,3438,1531943923746029095,base_link,97181.8237305,0.0
1531943923858492665,3439,1531943923858133213,base_link,97180.7312012,0.0
1531943923977651523,3440,1531943923971736226,base_link,97178.6682129,0.0
1531943924057728431,3441,1531943924057194581,base_link,97178.515625,0.0
1531943924149714556,3442,1531943924149320000,base_link,97179.1442871,0.0
1531943924272121125,3443,1531943924269173284,base_link,97175.1831055,0.0
1531943924389362053,3444,1531943924387235900,base_link,97174.810791,0.0
1531943924487864909,3445,1531943924486550203,base_link,97173.6877441,0.0
1531943924552723035,3446,1531943924552292575,base_link,97173.6877441,0.0
1531943924642741884,3447,1531943924642412768,base_link,97170.6787109,0.0
1531943924750159781,3448,1531943924749660042,base_link,97175.5859375,0.0
1531943924883970901,3449,1531943924883504698,base_link,97171.9970703,0.0
1531943924952817720,3450,1531943924951926690,base_link,97171.9970703,0.0
1531943925065137006,3451,1531943925062724935,base_link,97165.4663086,0.0
1531943925178107357,3452,1531943925177569891,base_link,97169.1101074,0.0
1531943925258234665,3453,1531943925257640560,base_link,97166.3635254,0.0
1531943925367220835,3454,1531943925366830791,base_link,97165.826416,0.0
1531943925450153490,3455,1531943925445181607,base_link,97165.826416,0.0
1531943925583898788,3456,1531943925581526077,base_link,97162.121582,0.0
1531943925669128922,3457,1531943925668682143,base_link,97162.121582,0.0
1531943925763713773,3458,1531943925761413989,base_link,97164.9597168,0.0
1531943925914209742,3459,1531943925913543989,base_link,97160.9558105,0.0
1531943925957008103,3460,1531943925956606731,base_link,97160.9558105,0.0
1531943926043223763,3461,1531943926042627769,base_link,97162.8417969,0.0
1531943926199240346,3462,1531943926198749280,base_link,97162.8723145,0.0
1531943926255425446,3463,1531943926254779981,base_link,97162.8723145,0.0
1531943926405141424,3464,1531943926395231641,base_link,97166.418457,0.0
1531943926474330162,3465,1531943926473865463,base_link,97166.418457,0.0
1531943926543086040,3466,1531943926542743643,base_link,97165.9423828,0.0
1531943926654044062,3467,1531943926647368548,base_link,97167.6879883,0.0
1531943926759858714,3468,1531943926758769318,base_link,97168.3776855,0.0
1531943926864466499,3469,1531943926863645228,base_link,97173.046875,0.0
1531943927016898001,3470,1531943927016471190,base_link,97174.1882324,0.0
1531943927069172487,3471,1531943927068740907,base_link,97174.1882324,0.0
1531943927130814393,3472,1531943927130364766,base_link,97176.9104004,0.0
1531943927255026036,3473,1531943927248472153,base_link,97177.0385742,0.0
1531943927425573955,3474,1531943927425070152,base_link,97180.9875488,0.0
1531943927514330613,3475,1531943927513125314,base_link,97182.6477051,0.0
1531943927592235963,3476,1531943927589721558,base_link,97183.7402344,0.0
1531943927645956033,3477,1531943927645351528,base_link,97183.7402344,0.0
1531943927747118449,3478,1531943927746709685,base_link,97183.5754395,0.0
1531943927846880718,3479,1531943927845385502,base_link,97180.5603027,0.0
1531943927974715139,3480,1531943927974232040,base_link,97188.482666,0.0
1531943928047441664,3481,1531943928046909541,base_link,97188.28125,0.0
1531943928150530140,3482,1531943928147533115,base_link,97190.045166,0.0
1531943928280736600,3483,1531943928280263357,base_link,97193.6096191,0.0
1531943928357298413,3484,1531943928356907857,base_link,97200.5310059,0.0
1531943928488212802,3485,1531943928486460308,base_link,97203.4118652,0.0
1531943928598736943,3486,1531943928597972855,base_link,97204.3518066,0.0
1531943928649663699,3487,1531943928649238680,base_link,97204.3518066,0.0
1531943928754542268,3488,1531943928754160704,base_link,97207.824707,0.0
1531943928856437221,3489,1531943928856090024,base_link,97207.244873,0.0
1531943928965090757,3490,1531943928964717257,base_link,97212.2924805,0.0
1531943929052237707,3491,1531943929051472851,base_link,97212.2924805,0.0
1531943929148340914,3492,1531943929147828215,base_link,97216.8884277,0.0
1531943929253363130,3493,1531943929253034174,base_link,97216.8884277,0.0
1531943929363896168,3494,1531943929363451309,base_link,97215.1794434,0.0
1531943929454237676,3495,1531943929453915471,base_link,97218.359375,0.0
1531943929594956571,3496,1531943929594288194,base_link,97222.6867676,0.0
1531943929669724515,3497,1531943929669200137,base_link,97222.3266602,0.0
1531943929751689984,3498,1531943929751201797,base_link,97222.3266602,0.0
1531943929849703699,3499,1531943929845160771,base_link,97224.1760254,0.0
1531943929990966492,3500,1531943929990469953,base_link,97224.3041992,0.0
1531943930048122623,3501,1531943930047220873,base_link,97224.3041992,0.0
1531943930159976449,3502,1531943930159663268,base_link,97227.4353027,0.0
1531943930267785773,3503,1531943930267394385,base_link,97224.0844727,0.0
1531943930359730529,3504,1531943930358966313,base_link,97223.9562988,0.0
1531943930497321074,3505,1531943930495822850,base_link,97223.8342285,0.0
1531943930547271362,3506,1531943930546784903,base_link,97223.8342285,0.0
1531943930649648039,3507,1531943930647652605,base_link,97223.2971191,0.0
1531943930770174285,3508,1531943930768629598,base_link,97222.6745605,0.0
1531943930850899480,3509,1531943930850483548,base_link,97222.6745605,0.0
1531943930958298280,3510,1531943930953873687,base_link,97220.7458496,0.0
1531943931079042829,3511,1531943931078482482,base_link,97222.9370117,0.0
1531943931171859704,3512,1531943931170832739,base_link,97224.1882324,0.0
1531943931252352326,3513,1531943931252048777,base_link,97224.1882324,0.0
1531943931351865195,3514,1531943931351171635,base_link,97223.7731934,0.0
1531943931433888169,3515,1531943931432694934,base_link,97228.4362793,0.0
1531943931572317427,3516,1531943931570899906,base_link,97225.2502441,0.0
1531943931682452392,3517,1531943931682086380,base_link,97225.213623,0.0
1531943931763254162,3518,1531943931762743320,base_link,97229.3579102,0.0
1531943931863660910,3519,1531943931863122932,base_link,97231.2255859,0.0
1531943931951747244,3520,1531943931951431791,base_link,97231.2255859,0.0
1531943932069174932,3521,1531943932068748953,base_link,97233.8317871,0.0
1531943932161582341,3522,1531943932160033654,base_link,97233.8317871,0.0
1531943932251907020,3523,1531943932249410343,base_link,97233.6608887,0.0
1531943932352209898,3524,1531943932351806382,base_link,97236.4929199,0.0
1531943932431049354,3525,1531943932430610287,base_link,97235.6872559,0.0
1531943932558512170,3526,1531943932558021135,base_link,97240.3747559,0.0
1531943932649545417,3527,1531943932648926576,base_link,97240.4907227,0.0
1531943932752755528,3528,1531943932752405836,base_link,97244.3359375,0.0
1531943932849574539,3529,1531943932849158511,base_link,97244.732666,0.0
1531943932990414237,3530,1531943932987807769,base_link,97249.9267578,0.0
1531943933052330544,3531,1531943933050832128,base_link,97249.9267578,0.0
1531943933166540701,3532,1531943933163624539,base_link,97252.2155762,0.0
1531943933254341791,3533,1531943933253212523,base_link,97251.763916,0.0
1531943933397085599,3534,1531943933395994731,base_link,97257.4279785,0.0
1531943933456196400,3535,1531943933455620598,base_link,97257.4279785,0.0
1531943933600309473,3536,1531943933599575849,base_link,97262.6403809,0.0
1531943933681514025,3537,1531943933680792017,base_link,97262.3718262,0.0
1531943933752792346,3538,1531943933748771429,base_link,97262.3718262,0.0
1531943933856333495,3539,1531943933855488704,base_link,97266.7724609,0.0
1531943933954264399,3540,1531943933953765940,base_link,97267.2180176,0.0
1531943934066159060,3541,1531943934065849687,base_link,97270.1293945,0.0
1531943934177723837,3542,1531943934177367233,base_link,97266.8151855,0.0
1531943934259220323,3543,1531943934258716904,base_link,97266.8151855,0.0
1531943934357747925,3544,1531943934357206075,base_link,97266.8640137,0.0
1531943934468919011,3545,1531943934468257577,base_link,97266.6931152,0.0
1531943934592851465,3546,1531943934592412910,base_link,97267.8649902,0.0
1531943934642078339,3547,1531943934641486665,base_link,97267.8649902,0.0
1531943934789174390,3548,1531943934787802564,base_link,97267.7490234,0.0
1531943934847491280,3549,1531943934847009077,base_link,97267.7490234,0.0
1531943934976775710,3550,1531943934976454337,base_link,97267.8894043,0.0
1531943935052284963,3551,1531943935050599669,base_link,97267.8894043,0.0
1531943935161034635,3552,1531943935151819084,base_link,97266.3085938,0.0
1531943935272183834,3553,1531943935271657023,base_link,97268.8964844,0.0
1531943935349729162,3554,1531943935349422125,base_link,97268.8964844,0.0
1531943935471775558,3555,1531943935471201900,base_link,97268.6401367,0.0
1531943935546784721,3556,1531943935546478068,base_link,97268.6401367,0.0
1531943935672808035,3557,1531943935670744345,base_link,97268.3959961,0.0
1531943935781504364,3558,1531943935781170991,base_link,97267.199707,0.0
1531943935844268535,3559,1531943935843644126,base_link,97267.199707,0.0
1531943935948975946,3560,1531943935948570414,base_link,97269.6166992,0.0
1531943936090814455,3561,1531943936085743948,base_link,97267.9992676,0.0
1531943936188134968,3562,1531943936187912666,base_link,97268.3288574,0.0
1531943936249526227,3563,1531943936248920217,base_link,97268.3288574,0.0
1531943936353864714,3564,1531943936353263985,base_link,97271.7468262,0.0
1531943936440637722,3565,1531943936440175871,base_link,97273.2788086,0.0
1531943936574383101,3566,1531943936573939009,base_link,97275.567627,0.0
1531943936635438555,3567,1531943936635144542,base_link,97275.567627,0.0
1531943936770673678,3568,1531943936770028917,base_link,97276.4770508,0.0
1531943936881217124,3569,1531943936870608884,base_link,97280.6213379,0.0
1531943936953710954,3570,1531943936953306799,base_link,97281.9763184,0.0
1531943937038041301,3571,1531943937037691288,base_link,97281.9763184,0.0
1531943937149430339,3572,1531943937148826793,base_link,97285.6201172,0.0
1531943937284275132,3573,1531943937283833184,base_link,97288.3728027,0.0
1531943937354741592,3574,1531943937354298108,base_link,97288.3728027,0.0
1531943937470959700,3575,1531943937470189372,base_link,97291.7480469,0.0
1531943937555180832,3576,1531943937554681413,base_link,97298.3520508,0.0
1531943937671013760,3577,1531943937670572900,base_link,97298.5351562,0.0
1531943937758006766,3578,1531943937757170679,base_link,97298.5351562,0.0
1531943937869487676,3579,1531943937868970017,base_link,97301.8798828,0.0
1531943937971736619,3580,1531943937971117297,base_link,97306.8054199,0.0
1531943938051944577,3581,1531943938051074218,base_link,97306.8054199,0.0
1531943938147846323,3582,1531943938147307801,base_link,97307.9223633,0.0
1531943938265709247,3583,1531943938265184005,base_link,97310.2233887,0.0
1531943938349110069,3584,1531943938348739161,base_link,97312.7563477,0.0
1531943938497397986,3585,1531943938496964646,base_link,97316.394043,0.0
1531943938602605682,3586,1531943938602076472,base_link,97320.3125,0.0
1531943938666791185,3587,1531943938666320662,base_link,97321.1669922,0.0
1531943938739442583,3588,1531943938739061883,base_link,97321.1669922,0.0
1531943938851287299,3589,1531943938850913831,base_link,97323.9440918,0.0
1531943938964465792,3590,1531943938964077732,base_link,97326.2695312,0.0
1531943939076170669,3591,1531943939075915824,base_link,97329.1687012,0.0
1531943939155185521,3592,1531943939154456889,base_link,97329.1687012,0.0
1531943939276139614,3593,1531943939275754690,base_link,97334.4360352,0.0
1531943939399929294,3594,1531943939392562299,base_link,97336.7004395,0.0
1531943939459675420,3595,1531943939458830341,base_link,97336.7004395,0.0
1531943939597036957,3596,1531943939596582081,base_link,97338.8549805,0.0
1531943939684265739,3597,1531943939683912623,base_link,97342.6757812,0.0
1531943939756377784,3598,1531943939756044667,base_link,97342.6757812,0.0
1531943939872096315,3599,1531943939871487202,base_link,97343.0969238,0.0
1531943939949507472,3600,1531943939948786712,base_link,97343.0969238,0.0
1531943940051452005,3601,1531943940050831275,base_link,97340.6982422,0.0
1531943940175189942,3602,1531943940174770042,base_link,97349.2858887,0.0
1531943940262316485,3603,1531943940257086780,base_link,97349.2858887,0.0
1531943940389035991,3604,1531943940388590524,base_link,97354.0893555,0.0
1531943940445872100,3605,1531943940445501864,base_link,97354.0893555,0.0
1531943940552332618,3606,1531943940549496999,base_link,97355.6640625,0.0
1531943940679719060,3607,1531943940678391458,base_link,97361.2304688,0.0
1531943940759926636,3608,1531943940758724121,base_link,97361.2304688,0.0
1531943940874174240,3609,1531943940873884643,base_link,97363.3972168,0.0
1531943941026117514,3610,1531943941025396498,base_link,97366.2841797,0.0
1531943941064860469,3611,1531943941064170396,base_link,97366.2841797,0.0
1531943941153161754,3612,1531943941152914492,base_link,97366.1437988,0.0
1531943941272022239,3613,1531943941271500196,base_link,97373.8952637,0.0
1531943941386076406,3614,1531943941385599003,base_link,97378.5583496,0.0
1531943941439813892,3615,1531943941439165323,base_link,97378.5583496,0.0
1531943941601200268,3616,1531943941596312128,base_link,97388.482666,0.0
1531943941647630407,3617,1531943941645427838,base_link,97388.482666,0.0
1531943941763119343,3618,1531943941761707006,base_link,97384.1003418,0.0
1531943941889881538,3619,1531943941889550853,base_link,97391.9250488,0.0
1531943941952995086,3620,1531943941952313173,base_link,97391.9250488,0.0
1531943942065078074,3621,1531943942064800893,base_link,97395.1477051,0.0
1531943942153241153,3622,1531943942152522281,base_link,97396.8566895,0.0
1531943942245659036,3623,1531943942245329472,base_link,97396.9604492,0.0
1531943942388887108,3624,1531943942387951342,base_link,97403.0029297,0.0
1531943942460725846,3625,1531943942460223259,base_link,97403.0029297,0.0
1531943942562936522,3626,1531943942562451535,base_link,97403.8513184,0.0
1531943942641440438,3627,1531943942640875708,base_link,97407.3791504,0.0
1531943942784104260,3628,1531943942783736935,base_link,97410.6628418,0.0
1531943942886696084,3629,1531943942885159108,base_link,97414.9841309,0.0
1531943942954867820,3630,1531943942954559311,base_link,97414.9841309,0.0
1531943943072783613,3631,1531943943071475147,base_link,97418.9758301,0.0
1531943943128568663,3632,1531943943126980839,base_link,97418.9758301,0.0
