%time,field.header.seq,field.header.stamp,field.header.frame_id,field.temperature,field.variance
1531943810883182331,2310,1531943810882826784,base_link,60.04,0.0
1531943810958558103,2311,1531943810958133181,base_link,60.04,0.0
1531943811062925506,2312,1531943811061840688,base_link,60.03,0.0
1531943811153422272,2313,1531943811153166979,base_link,60.02,0.0
1531943811245081006,2314,1531943811244522581,base_link,60.01,0.0
1531943811366109030,2315,1531943811365744011,base_link,59.99,0.0
1531943811483151441,2316,1531943811478326190,base_link,59.98,0.0
1531943811587158562,2317,1531943811586099311,base_link,59.97,0.0
1531943811671505837,2318,1531943811671178002,base_link,59.96,0.0
1531943811775219202,2319,1531943811774945670,base_link,59.95,0.0
1531943811881723283,2320,1531943811881438103,base_link,59.94,0.0
1531943811977339791,2321,1531943811977085970,base_link,59.93,0.0
1531943812073276393,2322,1531943812073060332,base_link,59.93,0.0
1531943812179683422,2323,1531943812176751843,base_link,59.92,0.0
1531943812284621734,2324,1531943812284243979,base_link,59.9,0.0
1531943812381423541,2325,1531943812381118233,base_link,59.89,0.0
1531943812477870345,2326,1531943812477575853,base_link,59.88,0.0
1531943812576782078,2327,1531943812576093318,base_link,59.87,0.0
1531943812657325276,2328,1531943812657096991,base_link,59.87,0.0
1531943812787241126,2329,1531943812786655693,base_link,59.85,0.0
1531943812859705579,2330,1531943812859175218,base_link,59.85,0.0
1531943812984618453,2331,1531943812982756812,base_link,59.83,0.0
1531943813088579372,2332,1531943813088191280,base_link,59.82,0.0
1531943813152765116,2333,1531943813152088325,base_link,59.82,0.0
1531943813352947181,2334,1531943813348250697,base_link,59.8,0.0
1531943813384227904,2335,1531943813383748454,base_link,59.79,0.0
1531943813451422730,2336,1531943813451006159,base_link,59.79,0.0
1531943813573111136,2337,1531943813572788772,base_link,59.78,0.0
1531943813675445388,2338,1531943813673291368,base_link,59.76,0.0
1531943813846797004,2339,1531943813845838136,base_link,59.75,0.0
1531943813890935547,2340,1531943813890628863,base_link,59.74,0.0
1531943813974551669,2341,1531943813974316024,base_link,59.73,0.0
1531943814057484857,2342,1531943814051187272,base_link,59.73,0.0
1531943814172515526,2343,1531943814172107819,base_link,59.72,0.0
1531943814272856622,2344,1531943814271753596,base_link,59.7,0.0
1531943814357481885,2345,1531943814357241568,base_link,59.7,0.0
1531943814480474310,2346,1531943814477367374,base_link,59.68,0.0
1531943814563945572,2347,1531943814562836466,base_link,59.68,0.0
1531943814647919099,2348,1531943814647425218,base_link,59.67,0.0
1531943814777211668,2349,1531943814776973559,base_link,59.65,0.0
1531943814854623327,2350,1531943814854345219,base_link,59.65,0.0
1531943814968224095,2351,1531943814967924835,base_link,59.64,0.0
1531943815060817739,2352,1531943815060427919,base_link,59.62,0.0
1531943815157147272,2353,1531943815155632155,base_link,59.62,0.0
1531943815274752920,2354,1531943815270867977,base_link,59.6,0.0
1531943815374635624,2355,1531943815374299117,base_link,59.59,0.0
1531943815456400094,2356,1531943815456191137,base_link,59.59,0.0
1531943815554148713,2357,1531943815551298893,base_link,59.58,0.0
1531943815659739185,2358,1531943815659456789,base_link,59.56,0.0
1531943815773597265,2359,1531943815773340116,base_link,59.55,0.0
1531943815858587518,2360,1531943815858223714,base_link,59.55,0.0
1531943815975984145,2361,1531943815975007645,base_link,59.53,0.0
1531943816081813656,2362,1531943816080490185,base_link,59.53,0.0
1531943816164131849,2363,1531943816163714382,base_link,59.5,0.0
1531943816257647949,2364,1531943816256246047,base_link,59.5,0.0
1531943816375282976,2365,1531943816374985188,base_link,59.49,0.0
1531943816480052246,2366,1531943816479709882,base_link,59.48,0.0
1531943816563548696,2367,1531943816560341280,base_link,59.48,0.0
1531943816647947247,2368,1531943816647698834,base_link,59.47,0.0
1531943816766418583,2369,1531943816766022268,base_link,59.46,0.0
1531943816838420427,2370,1531943816838088463,base_link,59.45,0.0
1531943816993743394,2371,1531943816991389856,base_link,59.42,0.0
1531943817055966866,2372,1531943817055536120,base_link,59.42,0.0
1531943817158019053,2373,1531943817157718385,base_link,59.41,0.0
1531943817265902558,2374,1531943817263591355,base_link,59.4,0.0
1531943817380772887,2375,1531943817380413084,base_link,59.39,0.0
1531943817452485200,2376,1531943817452119125,base_link,59.39,0.0
1531943817576119131,2377,1531943817574348177,base_link,59.36,0.0
1531943817646084298,2378,1531943817645639535,base_link,59.36,0.0
1531943817767756397,2379,1531943817767204468,base_link,59.35,0.0
1531943817864762791,2380,1531943817864314509,base_link,59.35,0.0
1531943817958648489,2381,1531943817958092912,base_link,59.34,0.0
1531943818052688489,2382,1531943818051928883,base_link,59.32,0.0
1531943818159054257,2383,1531943818158508727,base_link,59.32,0.0
1531943818254414722,2384,1531943818253792746,base_link,59.31,0.0
1531943818377853458,2385,1531943818377529142,base_link,59.3,0.0
1531943818462462443,2386,1531943818461263802,base_link,59.29,0.0
1531943818575781883,2387,1531943818572834688,base_link,59.27,0.0
1531943818673821194,2388,1531943818672733976,base_link,59.26,0.0
1531943818806228650,2389,1531943818805871279,base_link,59.25,0.0
1531943818867442153,2390,1531943818864142866,base_link,59.25,0.0
1531943818964266568,2391,1531943818964021419,base_link,59.24,0.0
1531943819078895273,2392,1531943819078557677,base_link,59.22,0.0
1531943819152018772,2393,1531943819151695192,base_link,59.22,0.0
1531943819249793961,2394,1531943819246030360,base_link,59.21,0.0
1531943819392192207,2395,1531943819391896115,base_link,59.19,0.0
1531943819456863684,2396,1531943819456300075,base_link,59.19,0.0
1531943819564343232,2397,1531943819559477341,base_link,59.18,0.0
1531943819688622601,2398,1531943819688395564,base_link,59.17,0.0
1531943819774982094,2399,1531943819774613170,base_link,59.16,0.0
1531943819850986036,2400,1531943819850609785,base_link,59.16,0.0
1531943819974318473,2401,1531943819973743409,base_link,59.15,0.0
1531943820071585127,2402,1531943820069417443,base_link,59.14,0.0
1531943820154313916,2403,1531943820154056351,base_link,59.13,0.0
1531943820251821816,2404,1531943820251566139,base_link,59.12,0.0
1531943820391233032,2405,1531943820390940299,base_link,59.11,0.0
1531943820458593757,2406,1531943820458290944,base_link,59.11,0.0
1531943820553385306,2407,1531943820553050079,base_link,59.1,0.0
1531943820722574965,2408,1531943820719885655,base_link,59.08,0.0
1531943820789772716,2409,1531943820789364914,base_link,59.07,0.0
1531943820882342374,2410,1531943820882001002,base_link,59.06,0.0
1531943820991547312,2411,1531943820991248243,base_link,59.05,0.0
1531943821060482258,2412,1531943821059470815,base_link,59.05,0.0
1531943821163935495,2413,1531943821163641034,base_link,59.04,0.0
1531943821259311424,2414,1531943821259084418,base_link,59.04,0.0
1531943821365536433,2415,1531943821365148278,base_link,59.03,0.0
1531943821467933266,2416,1531943821467385945,base_link,59.02,0.0
1531943821557614931,2417,1531943821556596607,base_link,59.01,0.0
1531943821654879924,2418,1531943821654591448,base_link,59.0,0.0
1531943821745845124,2419,1531943821745583111,base_link,59.0,0.0
1531943821856334688,2420,1531943821855939589,base_link,58.99,0.0
1531943821975910539,2421,1531943821975435633,base_link,58.97,0.0
1531943822067233944,2422,1531943822066782558,base_link,58.97,0.0
1531943822145386379,2423,1531943822144062587,base_link,58.96,0.0
1531943822236279134,2424,1531943822235171116,base_link,58.95,0.0
1531943822369407779,2425,1531943822369013064,base_link,58.95,0.0
1531943822462092832,2426,1531943822461822819,base_link,58.93,0.0
1531943822557958933,2427,1531943822557751672,base_link,58.93,0.0
1531943822652569850,2428,1531943822651731269,base_link,58.92,0.0
1531943822758303541,2429,1531943822757892122,base_link,58.91,0.0
1531943822888238018,2430,1531943822887611338,base_link,58.89,0.0
1531943822966158135,2431,1531943822964832103,base_link,58.89,0.0
1531943823071570999,2432,1531943823071325626,base_link,58.88,0.0
1531943823202198207,2433,1531943823201959714,base_link,58.87,0.0
1531943823277899761,2434,1531943823277116443,base_link,58.86,0.0
1531943823369376192,2435,1531943823369005828,base_link,58.85,0.0
1531943823500321379,2436,1531943823499994055,base_link,58.84,0.0
1531943823554983004,2437,1531943823554632800,base_link,58.84,0.0
1531943823669957094,2438,1531943823669016754,base_link,58.83,0.0
1531943823752612962,2439,1531943823752347493,base_link,58.83,0.0
1531943823845835291,2440,1531943823844435916,base_link,58.82,0.0
1531943824015897240,2441,1531943824015030659,base_link,58.8,0.0
1531943824069648253,2442,1531943824067997906,base_link,58.8,0.0
1531943824147391096,2443,1531943824147026397,base_link,58.8,0.0
1531943824253115064,2444,1531943824252472224,base_link,58.79,0.0
1531943824375405258,2445,1531943824373685599,base_link,58.77,0.0
1531943824488759563,2446,1531943824488345744,base_link,58.77,0.0
1531943824558855589,2447,1531943824558629000,base_link,58.77,0.0
1531943824652628121,2448,1531943824652068512,base_link,58.75,0.0
1531943824759757319,2449,1531943824759440427,base_link,58.74,0.0
1531943824880417581,2450,1531943824879603031,base_link,58.74,0.0
1531943824989690657,2451,1531943824989224231,base_link,58.72,0.0
1531943825055714479,2452,1531943825054807194,base_link,58.72,0.0
1531943825148685455,2453,1531943825148351987,base_link,58.71,0.0
1531943825244921479,2454,1531943825244574091,base_link,58.7,0.0
1531943825360908266,2455,1531943825360192115,base_link,58.7,0.0
1531943825454082344,2456,1531943825453563791,base_link,58.69,0.0
1531943825555843964,2457,1531943825553100990,base_link,58.67,0.0
1531943825668923619,2458,1531943825668336202,base_link,58.67,0.0
1531943825755544082,2459,1531943825755143095,base_link,58.67,0.0
1531943825859474347,2460,1531943825859089680,base_link,58.66,0.0
1531943825968241736,2461,1531943825968003562,base_link,58.65,0.0
1531943826069417028,2462,1531943826068952810,base_link,58.64,0.0
1531943826162636964,2463,1531943826162372327,base_link,58.62,0.0
1531943826304756167,2464,1531943826304117391,base_link,58.61,0.0
1531943826396843221,2465,1531943826395951392,base_link,58.61,0.0
1531943826457136812,2466,1531943826456840975,base_link,58.61,0.0
1531943826560948808,2467,1531943826560323728,base_link,58.6,0.0
1531943826691934581,2468,1531943826691561914,base_link,58.58,0.0
1531943826781986556,2469,1531943826780875818,base_link,58.58,0.0
1531943826890016421,2470,1531943826889740136,base_link,58.57,0.0
1531943826990065488,2471,1531943826989858419,base_link,58.56,0.0
1531943827064162398,2472,1531943827062049944,base_link,58.56,0.0
1531943827199602775,2473,1531943827199171165,base_link,58.54,0.0
1531943827248648314,2474,1531943827248353246,base_link,58.54,0.0
1531943827357346366,2475,1531943827357141568,base_link,58.53,0.0
1531943827459067511,2476,1531943827458459710,base_link,58.53,0.0
1531943827586523379,2477,1531943827580896696,base_link,58.51,0.0
1531943827630578931,2478,1531943827630201624,base_link,58.51,0.0
1531943827761811297,2479,1531943827760638159,base_link,58.5,0.0
1531943827834905979,2480,1531943827834630431,base_link,58.49,0.0
1531943827975830865,2481,1531943827975533749,base_link,58.48,0.0
1531943828063635959,2482,1531943828063040479,base_link,58.47,0.0
1531943828232063293,2483,1531943828231287623,base_link,58.46,0.0
1531943828289649400,2484,1531943828289105407,base_link,58.45,0.0
1531943828376620650,2485,1531943828376369517,base_link,58.44,0.0
1531943828470530437,2486,1531943828469170326,base_link,58.44,0.0
1531943828553639494,2487,1531943828553405833,base_link,58.44,0.0
1531943828653922131,2488,1531943828653515544,base_link,58.43,0.0
1531943828802547118,2489,1531943828802103763,base_link,58.41,0.0
1531943828862901574,2490,1531943828862008785,base_link,58.41,0.0
1531943828951802208,2491,1531943828951481508,base_link,58.4,0.0
1531943829034832994,2492,1531943829033878094,base_link,58.39,0.0
1531943829152526236,2493,1531943829151854053,base_link,58.39,0.0
1531943829276303980,2494,1531943829269914874,base_link,58.38,0.0
1531943829361932464,2495,1531943829361618323,base_link,58.37,0.0
1531943829452752116,2496,1531943829452218874,base_link,58.36,0.0
1531943829552989412,2497,1531943829552613673,base_link,58.35,0.0
1531943829646038029,2498,1531943829644601407,base_link,58.35,0.0
1531943829762780083,2499,1531943829762587285,base_link,58.34,0.0
1531943829850776698,2500,1531943829850555004,base_link,58.33,0.0
1531943829976630287,2501,1531943829975871353,base_link,58.32,0.0
1531943830048629340,2502,1531943830047051535,base_link,58.32,0.0
1531943830171469818,2503,1531943830170797538,base_link,58.3,0.0
1531943830245937673,2504,1531943830245451727,base_link,58.3,0.0
1531943830365322001,2505,1531943830364945398,base_link,58.29,0.0
1531943830489296545,2506,1531943830487415832,base_link,58.27,0.0
1531943830584202294,2507,1531943830583873690,base_link,58.27,0.0
1531943830668461101,2508,1531943830668214544,base_link,58.27,0.0
1531943830762782632,2509,1531943830759993515,base_link,58.26,0.0
1531943830860927157,2510,1531943830860145535,base_link,58.26,0.0
1531943830955717067,2511,1531943830955268656,base_link,58.24,0.0
1531943831059194264,2512,1531943831057329582,base_link,58.24,0.0
1531943831185657708,2513,1531943831183582149,base_link,58.22,0.0
1531943831273485657,2514,1531943831272990015,base_link,58.21,0.0
1531943831356340675,2515,1531943831355959752,base_link,58.21,0.0
1531943831458526273,2516,1531943831458093606,base_link,58.21,0.0
1531943831575198349,2517,1531943831574924080,base_link,58.19,0.0
1531943831666951786,2518,1531943831666227859,base_link,58.19,0.0
1531943831778716242,2519,1531943831778476501,base_link,58.17,0.0
1531943831876527685,2520,1531943831875906957,base_link,58.17,0.0
1531943831956551570,2521,1531943831954622602,base_link,58.16,0.0
1531943832070251972,2522,1531943832069528717,base_link,58.16,0.0
1531943832176144023,2523,1531943832173654230,base_link,58.14,0.0
1531943832260280404,2524,1531943832259825369,base_link,58.14,0.0
1531943832380686293,2525,1531943832380409369,base_link,58.13,0.0
1531943832457752808,2526,1531943832457532363,base_link,58.13,0.0
1531943832577741999,2527,1531943832577361972,base_link,58.11,0.0
1531943832667789123,2528,1531943832667462951,base_link,58.1,0.0
1531943832766605549,2529,1531943832765525114,base_link,58.1,0.0
1531943832853521447,2530,1531943832853124556,base_link,58.09,0.0
1531943832954188474,2531,1531943832951749240,base_link,58.09,0.0
1531943833063719554,2532,1531943833063416038,base_link,58.08,0.0
1531943833166557884,2533,1531943833166381086,base_link,58.06,0.0
1531943833256593651,2534,1531943833253936019,base_link,58.06,0.0
1531943833356069270,2535,1531943833355630908,base_link,58.06,0.0
1531943833447206239,2536,1531943833446591911,base_link,58.05,0.0
1531943833571630259,2537,1531943833571261335,base_link,58.04,0.0
1531943833716985927,2538,1531943833716500461,base_link,58.03,0.0
1531943833775755195,2539,1531943833775271265,base_link,58.02,0.0
1531943833851787612,2540,1531943833851292866,base_link,58.02,0.0
1531943833960601293,2541,1531943833959889974,base_link,58.01,0.0
1531943834077927769,2542,1531943834076595209,base_link,58.0,0.0
1531943834197200622,2543,1531943834196921105,base_link,57.99,0.0
1531943834291265237,2544,1531943834291009976,base_link,57.98,0.0
1531943834351049566,2545,1531943834350804609,base_link,57.98,0.0
1531943834475458452,2546,1531943834474750173,base_link,57.96,0.0
1531943834583651248,2547,1531943834583253333,base_link,57.96,0.0
1531943834738479636,2548,1531943834738125176,base_link,57.95,0.0
1531943834786752649,2549,1531943834786396429,base_link,57.94,0.0
1531943834844981316,2550,1531943834844715912,base_link,57.94,0.0
1531943834960748196,2551,1531943834960380648,base_link,57.93,0.0
1531943835056525880,2552,1531943835056220988,base_link,57.93,0.0
1531943835176191051,2553,1531943835172879411,base_link,57.91,0.0
1531943835257092245,2554,1531943835255793221,base_link,57.91,0.0
1531943835407133719,2555,1531943835406118244,base_link,57.9,0.0
1531943835450759238,2556,1531943835450423018,base_link,57.9,0.0
1531943835566299179,2557,1531943835565715346,base_link,57.89,0.0
1531943835681228119,2558,1531943835680296963,base_link,57.88,0.0
1531943835783506430,2559,1531943835782734343,base_link,57.87,0.0
1531943835873665111,2560,1531943835873186045,base_link,57.86,0.0
1531943835972562150,2561,1531943835964908899,base_link,57.86,0.0
1531943836054831777,2562,1531943836054507013,base_link,57.85,0.0
1531943836158572792,2563,1531943836158239964,base_link,57.85,0.0
1531943836303516955,2564,1531943836297035530,base_link,57.83,0.0
1531943836379721696,2565,1531943836378742859,base_link,57.83,0.0
1531943836491222168,2566,1531943836490220581,base_link,57.81,0.0
1531943836562402106,2567,1531943836561016491,base_link,57.81,0.0
1531943836676019513,2568,1531943836675476607,base_link,57.8,0.0
1531943836804494308,2569,1531943836804187624,base_link,57.79,0.0
1531943836853231093,2570,1531943836852730747,base_link,57.79,0.0
1531943836953556630,2571,1531943836953165146,base_link,57.79,0.0
1531943837054421392,2572,1531943837054055893,base_link,57.77,0.0
1531943837165506481,2573,1531943837165267604,base_link,57.77,0.0
1531943837312577854,2574,1531943837312338497,base_link,57.76,0.0
1531943837362347716,2575,1531943837359700708,base_link,57.76,0.0
1531943837444405155,2576,1531943837442751383,base_link,57.75,0.0
1531943837562592141,2577,1531943837560824387,base_link,57.74,0.0
1531943837670324342,2578,1531943837669873788,base_link,57.73,0.0
1531943837760123192,2579,1531943837759521151,base_link,57.73,0.0
1531943837846032681,2580,1531943837845687981,base_link,57.72,0.0
1531943837980766219,2581,1531943837980071892,base_link,57.71,0.0
1531943838089994308,2582,1531943838089528010,base_link,57.7,0.0
1531943838156611840,2583,1531943838156388162,base_link,57.7,0.0
1531943838271717490,2584,1531943838271313431,base_link,57.68,0.0
1531943838378686470,2585,1531943838378191884,base_link,57.68,0.0
1531943838458312741,2586,1531943838457642957,base_link,57.68,0.0
1531943838557850003,2587,1531943838557582998,base_link,57.67,0.0
1531943838658060665,2588,1531943838657666142,base_link,57.66,0.0
1531943838778580426,2589,1531943838778005873,base_link,57.65,0.0
1531943838854266360,2590,1531943838853670687,base_link,57.65,0.0
1531943838995970857,2591,1531943838995482607,base_link,57.63,0.0
1531943839068549375,2592,1531943839068135971,base_link,57.63,0.0
1531943839163538726,2593,1531943839159190106,base_link,57.62,0.0
1531943839267563008,2594,1531943839267153221,base_link,57.61,0.0
1531943839385339957,2595,1531943839382529303,base_link,57.61,0.0
1531943839453772412,2596,1531943839453482496,base_link,57.61,0.0
1531943839611467152,2597,1531943839611123380,base_link,57.59,0.0
1531943839660468097,2598,1531943839660030566,base_link,57.59,0.0
1531943839754006842,2599,1531943839753711197,base_link,57.58,0.0
1531943839857907190,2600,1531943839857429659,base_link,57.58,0.0
1531943839955318528,2601,1531943839954714983,base_link,57.57,0.0
1531943840053258596,2602,1531943840052980584,base_link,57.56,0.0
1531943840199424646,2603,1531943840193643020,base_link,57.55,0.0
1531943840286346673,2604,1531943840285809143,base_link,57.54,0.0
1531943840353706758,2605,1531943840353324299,base_link,57.54,0.0
1531943840479275488,2606,1531943840479013251,base_link,57.53,0.0
1531943840555167695,2607,1531943840554887922,base_link,57.52,0.0
1531943840727210809,2608,1531943840725473646,base_link,57.51,0.0
1531943840779848640,2609,1531943840778970891,base_link,57.51,0.0
1531943840926501948,2610,1531943840926230815,base_link,57.5,0.0
1531943840948125208,2611,1531943840947815260,base_link,57.5,0.0
1531943841046223101,2612,1531943841045940928,base_link,57.49,0.0
1531943841146276364,2613,1531943841145927440,base_link,57.48,0.0
1531943841274058381,2614,1531943841273748593,base_link,57.47,0.0
1531943841345997582,2615,1531943841345702481,base_link,57.47,0.0
1531943841452185715,2616,1531943841451963189,base_link,57.46,0.0
1531943841568823450,2617,1531943841564018932,base_link,57.46,0.0
1531943841662931760,2618,1531943841659285244,base_link,57.45,0.0
1531943841760051138,2619,1531943841759591496,base_link,57.44,0.0
1531943841886733713,2620,1531943841884239951,base_link,57.43,0.0
1531943841961819308,2621,1531943841959977858,base_link,57.43,0.0
1531943842073225748,2622,1531943842072822136,base_link,57.42,0.0
1531943842191477962,2623,1531943842191085839,base_link,57.41,0.0
1531943842273423380,2624,1531943842272900827,base_link,57.41,0.0
1531943842373325511,2625,1531943842372613744,base_link,57.4,0.0
1531943842525592998,2626,1531943842525046573,base_link,57.38,0.0
1531943842589813093,2627,1531943842589124237,base_link,57.37,0.0
1531943842649732855,2628,1531943842649215741,base_link,57.37,0.0
1531943842782539295,2629,1531943842782242626,base_link,57.36,0.0
1531943842856896260,2630,1531943842855714162,base_link,57.36,0.0
1531943842959564469,2631,1531943842959256185,base_link,57.36,0.0
1531943843078657444,2632,1531943843078163146,base_link,57.34,0.0
1531943843154068222,2633,1531943843153861024,base_link,57.34,0.0
1531943843275443282,2634,1531943843274995383,base_link,57.33,0.0
1531943843361989767,2635,1531943843361476077,base_link,57.33,0.0
1531943843445561215,2636,1531943843445228291,base_link,57.32,0.0
1531943843558484888,2637,1531943843558252795,base_link,57.31,0.0
1531943843670016354,2638,1531943843669803109,base_link,57.31,0.0
1531943843773326222,2639,1531943843773005170,base_link,57.29,0.0
1531943843856335245,2640,1531943843855943442,base_link,57.29,0.0
1531943843954284858,2641,1531943843953988253,base_link,57.28,0.0
1531943844063533280,2642,1531943844056249399,base_link,57.28,0.0
1531943844154655840,2643,1531943844154429187,base_link,57.27,0.0
1531943844251260959,2644,1531943844250963074,base_link,57.26,0.0
1531943844376280458,2645,1531943844375804624,base_link,57.25,0.0
1531943844451780965,2646,1531943844450647058,base_link,57.25,0.0
1531943844535401598,2647,1531943844534942628,base_link,57.24,0.0
1531943844669153633,2648,1531943844668105326,base_link,57.23,0.0
1531943844736124386,2649,1531943844735849093,base_link,57.22,0.0
1531943844859810301,2650,1531943844858368398,base_link,57.22,0.0
1531943844965474799,2651,1531943844965249906,base_link,57.2,0.0
1531943845051617292,2652,1531943845049726242,base_link,57.2,0.0
1531943845182861360,2653,1531943845182346870,base_link,57.19,0.0
1531943845249592628,2654,1531943845249215289,base_link,57.19,0.0
1531943845380160192,2655,1531943845379307115,base_link,57.18,0.0
1531943845465735813,2656,1531943845465236843,base_link,57.18,0.0
1531943845573527296,2657,1531943845573222212,base_link,57.16,0.0
1531943845654047104,2658,1531943845652843887,base_link,57.16,0.0
1531943845762169432,2659,1531943845761961018,base_link,57.15,0.0
1531943845866628315,2660,1531943845866445693,base_link,57.15,0.0
1531943845960514492,2661,1531943845959778693,base_link,57.14,0.0
1531943846073604346,2662,1531943846073245214,base_link,57.13,0.0
1531943846177322024,2663,1531943846175630620,base_link,57.12,0.0
1531943846260477515,2664,1531943846260173871,base_link,57.12,0.0
1531943846372885426,2665,1531943846372295961,base_link,57.1,0.0
1531943846477532757,2666,1531943846477193401,base_link,57.1,0.0
1531943846558760143,2667,1531943846558350740,base_link,57.1,0.0
1531943846650640202,2668,1531943846650382285,base_link,57.09,0.0
1531943846752464527,2669,1531943846752004404,base_link,57.09,0.0
1531943846857815114,2670,1531943846857343439,base_link,57.08,0.0
1531943846980231834,2671,1531943846979370308,base_link,57.07,0.0
1531943847063645403,2672,1531943847063300991,base_link,57.07,0.0
1531943847149593406,2673,1531943847143591110,base_link,57.06,0.0
1531943847254539904,2674,1531943847254191589,base_link,57.05,0.0
1531943847381791642,2675,1531943847381063842,base_link,57.04,0.0
1531943847469489768,2676,1531943847464915071,base_link,57.04,0.0
1531943847560916011,2677,1531943847557259510,base_link,57.03,0.0
1531943847657350322,2678,1531943847656982102,base_link,57.02,0.0
1531943847789463697,2679,1531943847789102966,base_link,57.01,0.0
1531943847853858133,2680,1531943847853376251,base_link,57.01,0.0
1531943848013848362,2681,1531943848013377359,base_link,57.0,0.0
1531943848069807922,2682,1531943848069157882,base_link,57.0,0.0
1531943848162599974,2683,1531943848162130796,base_link,56.99,0.0
1531943848260343488,2684,1531943848258881137,base_link,56.98,0.0
1531943848373055432,2685,1531943848372750731,base_link,56.97,0.0
1531943848486200682,2686,1531943848485851439,base_link,56.96,0.0
1531943848574078041,2687,1531943848572588906,base_link,56.96,0.0
1531943848651598978,2688,1531943848651170599,base_link,56.96,0.0
1531943848762075684,2689,1531943848759307397,base_link,56.95,0.0
1531943848853895972,2690,1531943848853089645,base_link,56.94,0.0
1531943848984975858,2691,1531943848984360153,base_link,56.93,0.0
1531943849051029252,2692,1531943849050705128,base_link,56.93,0.0
1531943849170192866,2693,1531943849168792851,base_link,56.92,0.0
1531943849278019494,2694,1531943849277385582,base_link,56.92,0.0
1531943849355726511,2695,1531943849355403059,base_link,56.91,0.0
1531943849464368137,2696,1531943849463652210,base_link,56.9,0.0
1531943849552666165,2697,1531943849552431960,base_link,56.9,0.0
1531943849655163128,2698,1531943849653679594,base_link,56.89,0.0
1531943849751747969,2699,1531943849751449541,base_link,56.89,0.0
1531943849872258223,2700,1531943849871868692,base_link,56.87,0.0
1531943850007641134,2701,1531943850006899895,base_link,56.86,0.0
1531943850052147200,2702,1531943850051842436,base_link,56.86,0.0
1531943850168727199,2703,1531943850168352548,base_link,56.86,0.0
1531943850249763331,2704,1531943850249496806,base_link,56.85,0.0
1531943850354883561,2705,1531943850354662892,base_link,56.84,0.0
1531943850459926929,2706,1531943850459617940,base_link,56.84,0.0
1531943850574400937,2707,1531943850573539411,base_link,56.83,0.0
1531943850647083022,2708,1531943850646400758,base_link,56.83,0.0
1531943850774634156,2709,1531943850773433178,base_link,56.81,0.0
1531943850859804734,2710,1531943850859559745,base_link,56.81,0.0
1531943850956633639,2711,1531943850955559476,base_link,56.81,0.0
1531943851096941744,2712,1531943851096673395,base_link,56.8,0.0
1531943851154094542,2713,1531943851153834833,base_link,56.8,0.0
1531943851251968396,2714,1531943851251709167,base_link,56.79,0.0
1531943851375911382,2715,1531943851367566361,base_link,56.78,0.0
1531943851476091513,2716,1531943851473972946,base_link,56.77,0.0
1531943851586463492,2717,1531943851584854647,base_link,56.77,0.0
1531943851686638791,2718,1531943851685363798,base_link,56.75,0.0
1531943851752564637,2719,1531943851752179970,base_link,56.75,0.0
1531943851897806669,2720,1531943851897248436,base_link,56.75,0.0
1531943851963770339,2721,1531943851960739399,base_link,56.75,0.0
1531943852048610844,2722,1531943852048412990,base_link,56.74,0.0
1531943852152292888,2723,1531943852151793406,base_link,56.72,0.0
1531943852258374551,2724,1531943852256020659,base_link,56.72,0.0
1531943852373250735,2725,1531943852372658678,base_link,56.72,0.0
1531943852448693464,2726,1531943852448459418,base_link,56.71,0.0
1531943852553676836,2727,1531943852552905549,base_link,56.71,0.0
1531943852647150520,2728,1531943852646069445,base_link,56.71,0.0
1531943852758234045,2729,1531943852757876289,base_link,56.69,0.0
1531943852865596333,2730,1531943852865112851,base_link,56.69,0.0
1531943852952593422,2731,1531943852951869078,base_link,56.68,0.0
1531943853069741228,2732,1531943853069362129,base_link,56.68,0.0
1531943853157178377,2733,1531943853156991787,base_link,56.67,0.0
1531943853254911181,2734,1531943853254700239,base_link,56.66,0.0
1531943853354271709,2735,1531943853353713092,base_link,56.66,0.0
1531943853457590015,2736,1531943853457249955,base_link,56.65,0.0
1531943853585996250,2737,1531943853585574655,base_link,56.64,0.0
1531943853656624092,2738,1531943853656062051,base_link,56.64,0.0
1531943853757891159,2739,1531943853757444284,base_link,56.63,0.0
1531943853850223130,2740,1531943853849934077,base_link,56.63,0.0
1531943853979960965,2741,1531943853979190734,base_link,56.61,0.0
1531943854057154108,2742,1531943854056823775,base_link,56.61,0.0
1531943854169237721,2743,1531943854168911101,base_link,56.6,0.0
1531943854251592179,2744,1531943854251213400,base_link,56.6,0.0
1531943854359104871,2745,1531943854358873737,base_link,56.6,0.0
1531943854481319693,2746,1531943854480445016,base_link,56.58,0.0
1531943854564376863,2747,1531943854562575988,base_link,56.58,0.0
1531943854653023056,2748,1531943854651517761,base_link,56.58,0.0
1531943854762985158,2749,1531943854762794952,base_link,56.57,0.0
1531943854854169305,2750,1531943854849977642,base_link,56.56,0.0
1531943854998194592,2751,1531943854994072592,base_link,56.55,0.0
1531943855072130014,2752,1531943855071406214,base_link,56.54,0.0
1531943855159025317,2753,1531943855158482379,base_link,56.54,0.0
1531943855249833533,2754,1531943855249480353,base_link,56.54,0.0
1531943855337351037,2755,1531943855336896386,base_link,56.53,0.0
1531943855454267108,2756,1531943855454034086,base_link,56.53,0.0
1531943855578628276,2757,1531943855578427766,base_link,56.52,0.0
1531943855660123001,2758,1531943855659824957,base_link,56.51,0.0
1531943855765255402,2759,1531943855764214423,base_link,56.51,0.0
1531943855864385282,2760,1531943855864055462,base_link,56.5,0.0
1531943855973319622,2761,1531943855971918327,base_link,56.5,0.0
1531943856069986268,2762,1531943856069397027,base_link,56.48,0.0
1531943856170272327,2763,1531943856170033162,base_link,56.48,0.0
1531943856313575356,2764,1531943856306929386,base_link,56.47,0.0
1531943856373829500,2765,1531943856373016485,base_link,56.47,0.0
1531943856456616276,2766,1531943856456216793,base_link,56.47,0.0
1531943856564559238,2767,1531943856559234276,base_link,56.46,0.0
1531943856667751536,2768,1531943856667294229,base_link,56.45,0.0
1531943856762142688,2769,1531943856760912847,base_link,56.45,0.0
1531943856890730017,2770,1531943856890388197,base_link,56.43,0.0
1531943856976842482,2771,1531943856976488279,base_link,56.43,0.0
1531943857097584721,2772,1531943857097023256,base_link,56.42,0.0
1531943857158202734,2773,1531943857157558325,base_link,56.42,0.0
1531943857251105618,2774,1531943857250903988,base_link,56.41,0.0
1531943857367616482,2775,1531943857366922858,base_link,56.41,0.0
1531943857465762537,2776,1531943857464249467,base_link,56.4,0.0
1531943857553727399,2777,1531943857553444522,base_link,56.4,0.0
1531943857675491482,2778,1531943857674979104,base_link,56.39,0.0
1531943857769887629,2779,1531943857769519793,base_link,56.39,0.0
1531943857889298236,2780,1531943857888922784,base_link,56.37,0.0
1531943857974850229,2781,1531943857974347355,base_link,56.37,0.0
1531943858106493783,2782,1531943858106173723,base_link,56.36,0.0
1531943858180678775,2783,1531943858180381595,base_link,56.35,0.0
1531943858265129823,2784,1531943858264542918,base_link,56.35,0.0
1531943858380273058,2785,1531943858379726024,base_link,56.34,0.0
1531943858451184616,2786,1531943858450984010,base_link,56.34,0.0
1531943858570042207,2787,1531943858569795906,base_link,56.34,0.0
1531943858720458375,2788,1531943858716923632,base_link,56.33,0.0
1531943858755296433,2789,1531943858754642457,base_link,56.33,0.0
1531943858873656655,2790,1531943858873100853,base_link,56.31,0.0
1531943858975935591,2791,1531943858975259759,base_link,56.31,0.0
1531943859055874181,2792,1531943859055584968,base_link,56.31,0.0
1531943859165642600,2793,1531943859159197107,base_link,56.3,0.0
1531943859293718743,2794,1531943859292934176,base_link,56.29,0.0
1531943859350189958,2795,1531943859349805642,base_link,56.29,0.0
1531943859472629462,2796,1531943859472297402,base_link,56.28,0.0
1531943859556003628,2797,1531943859554806042,base_link,56.28,0.0
1531943859668927339,2798,1531943859668665358,base_link,56.27,0.0
1531943859759095794,2799,1531943859758888532,base_link,56.27,0.0
1531943859895305282,2800,1531943859895026661,base_link,56.26,0.0
1531943859978884534,2801,1531943859978106591,base_link,56.26,0.0
1531943860073475563,2802,1531943860073155087,base_link,56.24,0.0
1531943860200877028,2803,1531943860200468424,base_link,56.24,0.0
1531943860257883214,2804,1531943860257331348,base_link,56.24,0.0
1531943860391743995,2805,1531943860390892069,base_link,56.23,0.0
1531943860456702697,2806,1531943860456427116,base_link,56.23,0.0
1531943860582769169,2807,1531943860582220312,base_link,56.22,0.0
1531943860679012852,2808,1531943860678242941,base_link,56.21,0.0
1531943860764358901,2809,1531943860762881286,base_link,56.21,0.0
1531943860853967876,2810,1531943860853684615,base_link,56.21,0.0
1531943860956352607,2811,1531943860955948740,base_link,56.2,0.0
1531943861090320910,2812,1531943861085424038,base_link,56.19,0.0
1531943861153109366,2813,1531943861152798105,base_link,56.19,0.0
1531943861265493407,2814,1531943861264655241,base_link,56.19,0.0
1531943861349531857,2815,1531943861348445534,base_link,56.18,0.0
1531943861458754816,2816,1531943861458499619,base_link,56.17,0.0
1531943861559545295,2817,1531943861559044309,base_link,56.17,0.0
1531943861660547741,2818,1531943861660037443,base_link,56.16,0.0
1531943861758121938,2819,1531943861757509273,base_link,56.16,0.0
1531943861827957513,2820,1531943861827666700,base_link,56.16,0.0
1531943861952374663,2821,1531943861947709213,base_link,56.15,0.0
1531943862074441857,2822,1531943862074237412,base_link,56.14,0.0
1531943862143694304,2823,1531943862142596781,base_link,56.14,0.0
1531943862254494110,2824,1531943862253817606,base_link,56.13,0.0
1531943862369819240,2825,1531943862369472876,base_link,56.12,0.0
1531943862440235225,2826,1531943862439869181,base_link,56.12,0.0
1531943862558700350,2827,1531943862558414241,base_link,56.12,0.0
1531943862664267225,2828,1531943862663021703,base_link,56.11,0.0
1531943862776550405,2829,1531943862776293672,base_link,56.11,0.0
1531943862890252770,2830,1531943862889987589,base_link,56.1,0.0
1531943862972517418,2831,1531943862972101519,base_link,56.1,0.0
1531943863055860135,2832,1531943863055542730,base_link,56.09,0.0
1531943863156841240,2833,1531943863156499036,base_link,56.08,0.0
1531943863263680166,2834,1531943863262969966,base_link,56.07,0.0
1531943863372410046,2835,1531943863372203904,base_link,56.07,0.0
1531943863484972585,2836,1531943863484533614,base_link,56.06,0.0
1531943863571658112,2837,1531943863571418147,base_link,56.06,0.0
1531943863678560237,2838,1531943863678100178,base_link,56.05,0.0
1531943863767269068,2839,1531943863766716627,base_link,56.04,0.0
1531943863873429890,2840,1531943863870148168,base_link,56.04,0.0
1531943863945093510,2841,1531943863943563160,base_link,56.04,0.0
1531943864063696557,2842,1531943864063410800,base_link,56.04,0.0
1531943864152295599,2843,1531943864151908660,base_link,56.03,0.0
1531943864289104677,2844,1531943864287593047,base_link,56.02,0.0
1531943864375884988,2845,1531943864375658591,base_link,56.01,0.0
1531943864454592113,2846,1531943864454231669,base_link,56.01,0.0
1531943864549402091,2847,1531943864549110734,base_link,56.01,0.0
1531943864678969045,2848,1531943864677700739,base_link,56.0,0.0
1531943864767777588,2849,1531943864767558327,base_link,55.99,0.0
1531943864857295340,2850,1531943864856668947,base_link,55.99,0.0
1531943864971186090,2851,1531943864970870190,base_link,55.98,0.0
1531943865058701786,2852,1531943865058248159,base_link,55.98,0.0
1531943865148971275,2853,1531943865148770285,base_link,55.97,0.0
1531943865285616869,2854,1531943865285261353,base_link,55.97,0.0
1531943865354510156,2855,1531943865354160336,base_link,55.97,0.0
1531943865451807755,2856,1531943865451475439,base_link,55.96,0.0
1531943865570753266,2857,1531943865570416342,base_link,55.95,0.0
1531943865681089467,2858,1531943865680407843,base_link,55.94,0.0
1531943865789065184,2859,1531943865788876642,base_link,55.94,0.0
1531943865879982185,2860,1531943865879561486,base_link,55.93,0.0
1531943865971291790,2861,1531943865970984177,base_link,55.93,0.0
1531943866074369548,2862,1531943866074094799,base_link,55.93,0.0
1531943866193609809,2863,1531943866192633436,base_link,55.92,0.0
1531943866253304707,2864,1531943866252445389,base_link,55.92,0.0
1531943866354435000,2865,1531943866354230139,base_link,55.91,0.0
1531943866479024352,2866,1531943866478594373,base_link,55.91,0.0
1531943866556828929,2867,1531943866556573252,base_link,55.91,0.0
1531943866645469702,2868,1531943866645004428,base_link,55.9,0.0
1531943866819715347,2869,1531943866819278104,base_link,55.89,0.0
1531943866860483582,2870,1531943866859622312,base_link,55.89,0.0
1531943866953727727,2871,1531943866953502449,base_link,55.88,0.0
1531943867068943107,2872,1531943867068661830,base_link,55.87,0.0
1531943867195175322,2873,1531943867194955101,base_link,55.87,0.0
1531943867259111197,2874,1531943867258868479,base_link,55.87,0.0
1531943867338666827,2875,1531943867338467758,base_link,55.86,0.0
1531943867437321791,2876,1531943867436976963,base_link,55.85,0.0
1531943867567326219,2877,1531943867567144397,base_link,55.85,0.0
1531943867672051545,2878,1531943867671777756,base_link,55.84,0.0
1531943867768856034,2879,1531943867768555877,base_link,55.84,0.0
1531943867876824715,2880,1531943867875619160,base_link,55.83,0.0
1531943867968303249,2881,1531943867968082419,base_link,55.82,0.0
1531943868062405433,2882,1531943868062124573,base_link,55.82,0.0
1531943868167228328,2883,1531943868166978123,base_link,55.82,0.0
1531943868306374509,2884,1531943868306111120,base_link,55.81,0.0
1531943868367414225,2885,1531943868367166292,base_link,55.81,0.0
1531943868455661406,2886,1531943868453650389,base_link,55.81,0.0
1531943868548041211,2887,1531943868547783966,base_link,55.8,0.0
1531943868652686443,2888,1531943868651859413,base_link,55.8,0.0
1531943868781485095,2889,1531943868780900365,base_link,55.79,0.0
1531943868871664765,2890,1531943868869735827,base_link,55.79,0.0
1531943868952593085,2891,1531943868952273665,base_link,55.78,0.0
1531943869075859962,2892,1531943869075308800,base_link,55.77,0.0
1531943869168981424,2893,1531943869167845437,base_link,55.77,0.0
1531943869269730095,2894,1531943869269388819,base_link,55.76,0.0
1531943869398723691,2895,1531943869398420270,base_link,55.75,0.0
1531943869497096805,2896,1531943869496073073,base_link,55.75,0.0
1531943869551116987,2897,1531943869550629120,base_link,55.75,0.0
1531943869664830181,2898,1531943869663058202,base_link,55.75,0.0
1531943869775956206,2899,1531943869775654545,base_link,55.74,0.0
1531943869845452338,2900,1531943869845070455,base_link,55.74,0.0
1531943869960019379,2901,1531943869959756182,base_link,55.73,0.0
1531943870084379334,2902,1531943870083703053,base_link,55.72,0.0
1531943870143087335,2903,1531943870142878569,base_link,55.72,0.0
1531943870247168290,2904,1531943870246636840,base_link,55.72,0.0
1531943870379281276,2905,1531943870378316583,base_link,55.7,0.0
1531943870458497459,2906,1531943870458227574,base_link,55.7,0.0
1531943870571722181,2907,1531943870568693416,base_link,55.7,0.0
1531943870656047842,2908,1531943870655704550,base_link,55.7,0.0
1531943870757245790,2909,1531943870756995329,base_link,55.69,0.0
1531943870857351206,2910,1531943870857102953,base_link,55.68,0.0
1531943870956086206,2911,1531943870955757986,base_link,55.68,0.0
1531943871056874111,2912,1531943871056217991,base_link,55.67,0.0
1531943871148633289,2913,1531943871145020850,base_link,55.67,0.0
1531943871286199879,2914,1531943871285797068,base_link,55.66,0.0
1531943871366119576,2915,1531943871365678653,base_link,55.66,0.0
1531943871461433113,2916,1531943871460525923,base_link,55.65,0.0
1531943871559193469,2917,1531943871558859457,base_link,55.65,0.0
1531943871675822507,2918,1531943871675550830,base_link,55.65,0.0
1531943871768018319,2919,1531943871767545813,base_link,55.64,0.0
1531943871860786637,2920,1531943871860389618,base_link,55.64,0.0
1531943872000643346,2921,1531943871994878292,base_link,55.63,0.0
1531943872064861494,2922,1531943872063861314,base_link,55.63,0.0
1531943872150451112,2923,1531943872150237546,base_link,55.62,0.0
1531943872260459235,2924,1531943872258311739,base_link,55.61,0.0
1531943872349825225,2925,1531943872349251888,base_link,55.61,0.0
1531943872453948519,2926,1531943872453676650,base_link,55.61,0.0
1531943872636746310,2927,1531943872636427529,base_link,55.6,0.0
1531943872657568472,2928,1531943872657220220,base_link,55.6,0.0
1531943872756276436,2929,1531943872754007150,base_link,55.59,0.0
1531943872878846336,2930,1531943872877786893,base_link,55.59,0.0
1531943872973653033,2931,1531943872973348780,base_link,55.58,0.0
1531943873075983773,2932,1531943873075682944,base_link,55.57,0.0
1531943873206517072,2933,1531943873205846712,base_link,55.57,0.0
1531943873253138974,2934,1531943873252791010,base_link,55.57,0.0
1531943873378551787,2935,1531943873378307150,base_link,55.56,0.0
1531943873456933808,2936,1531943873456308791,base_link,55.56,0.0
1531943873584595204,2937,1531943873581585798,base_link,55.55,0.0
1531943873691113736,2938,1531943873690410256,base_link,55.55,0.0
1531943873775248268,2939,1531943873774485876,base_link,55.55,0.0
1531943873873460559,2940,1531943873872943924,base_link,55.54,0.0
1531943873966180112,2941,1531943873965735573,base_link,55.53,0.0
1531943874057373508,2942,1531943874057136679,base_link,55.53,0.0
1531943874150107207,2943,1531943874149810090,base_link,55.53,0.0
1531943874248228845,2944,1531943874247947600,base_link,55.52,0.0
1531943874405490259,2945,1531943874402988783,base_link,55.51,0.0
1531943874465320236,2946,1531943874464998735,base_link,55.51,0.0
1531943874549872556,2947,1531943874549602415,base_link,55.51,0.0
1531943874658211229,2948,1531943874657699203,base_link,55.5,0.0
1531943874745715260,2949,1531943874741407245,base_link,55.5,0.0
1531943874848155953,2950,1531943874845667949,base_link,55.49,0.0
1531943875032876928,2951,1531943875032353894,base_link,55.49,0.0
1531943875065433198,2952,1531943875065217521,base_link,55.49,0.0
1531943875156301960,2953,1531943875155593520,base_link,55.48,0.0
1531943875281926487,2954,1531943875280758949,base_link,55.47,0.0
1531943875373963716,2955,1531943875372449269,base_link,55.47,0.0
1531943875451140377,2956,1531943875450723389,base_link,55.47,0.0
1531943875622641504,2957,1531943875612301781,base_link,55.46,0.0
1531943875666897290,2958,1531943875666639437,base_link,55.45,0.0
1531943875776084084,2959,1531943875775810871,base_link,55.45,0.0
1531943875854817239,2960,1531943875854137823,base_link,55.45,0.0
1531943875964281662,2961,1531943875963240745,base_link,55.45,0.0
1531943876070387020,2962,1531943876069749523,base_link,55.44,0.0
1531943876188128215,2963,1531943876187684156,base_link,55.43,0.0
1531943876266989850,2964,1531943876265419916,base_link,55.43,0.0
1531943876361257839,2965,1531943876359836191,base_link,55.43,0.0
1531943876459331096,2966,1531943876458923453,base_link,55.43,0.0
1531943876567212307,2967,1531943876566831031,base_link,55.42,0.0
1531943876650398565,2968,1531943876650037161,base_link,55.42,0.0
1531943876750375417,2969,1531943876750075357,base_link,55.41,0.0
1531943876853540073,2970,1531943876850455884,base_link,55.41,0.0
1531943876964689727,2971,1531943876964443106,base_link,55.4,0.0
1531943877082324781,2972,1531943877080276644,base_link,55.39,0.0
1531943877152211383,2973,1531943877151938970,base_link,55.39,0.0
1531943877252483530,2974,1531943877252098638,base_link,55.39,0.0
1531943877353684946,2975,1531943877352509567,base_link,55.39,0.0
1531943877471757787,2976,1531943877471070403,base_link,55.38,0.0
1531943877576941046,2977,1531943877576711513,base_link,55.37,0.0
1531943877669155588,2978,1531943877668486252,base_link,55.37,0.0
1531943877756882884,2979,1531943877756059310,base_link,55.37,0.0
1531943877857157495,2980,1531943877856834907,base_link,55.37,0.0
1531943877970462902,2981,1531943877969938140,base_link,55.36,0.0
1531943878085409669,2982,1531943878084958314,base_link,55.35,0.0
1531943878153384709,2983,1531943878152457104,base_link,55.35,0.0
1531943878264239810,2984,1531943878263637961,base_link,55.35,0.0
1531943878374979072,2985,1531943878374621092,base_link,55.34,0.0
1531943878474298847,2986,1531943878473604135,base_link,55.33,0.0
1531943878608304726,2987,1531943878608044985,base_link,55.33,0.0
1531943878679995437,2988,1531943878679281877,base_link,55.32,0.0
1531943878797315585,2989,1531943878796714983,base_link,55.32,0.0
1531943878868355455,2990,1531943878865959514,base_link,55.32,0.0
1531943878960178418,2991,1531943878959196381,base_link,55.32,0.0
1531943879088902407,2992,1531943879088655434,base_link,55.3,0.0
1531943879164216150,2993,1531943879161616596,base_link,55.3,0.0
1531943879273076396,2994,1531943879272767631,base_link,55.3,0.0
1531943879370584481,2995,1531943879370306340,base_link,55.29,0.0
1531943879470009792,2996,1531943879469463750,base_link,55.29,0.0
1531943879570551635,2997,1531943879563395108,base_link,55.29,0.0
1531943879663790776,2998,1531943879662950242,base_link,55.28,0.0
1531943879766253910,2999,1531943879764428842,base_link,55.28,0.0
1531943879887835996,3000,1531943879887438016,base_link,55.27,0.0
1531943879983023307,3001,1531943879982329587,base_link,55.27,0.0
1531943880074284520,3002,1531943880074050986,base_link,55.27,0.0
1531943880161075223,3003,1531943880160408126,base_link,55.26,0.0
1531943880273755779,3004,1531943880271866968,base_link,55.26,0.0
1531943880367993374,3005,1531943880367299494,base_link,55.25,0.0
1531943880464349794,3006,1531943880463317421,base_link,55.25,0.0
1531943880573147513,3007,1531943880572398786,base_link,55.24,0.0
1531943880659171633,3008,1531943880658387162,base_link,55.24,0.0
1531943880755676403,3009,1531943880755421142,base_link,55.23,0.0
1531943880851675227,3010,1531943880851415422,base_link,55.23,0.0
1531943880967026601,3011,1531943880966455727,base_link,55.22,0.0
1531943881053240799,3012,1531943881052552839,base_link,55.22,0.0
1531943881197029807,3013,1531943881195075685,base_link,55.22,0.0
1531943881246634625,3014,1531943881246086440,base_link,55.22,0.0
1531943881354927456,3015,1531943881354430982,base_link,55.21,0.0
1531943881473100240,3016,1531943881472783988,base_link,55.2,0.0
1531943881594385565,3017,1531943881594042465,base_link,55.19,0.0
1531943881685089442,3018,1531943881684551688,base_link,55.19,0.0
1531943881766792779,3019,1531943881765865686,base_link,55.19,0.0
1531943881850615357,3020,1531943881844501858,base_link,55.19,0.0
1531943881962598611,3021,1531943881961749116,base_link,55.19,0.0
1531943882051630795,3022,1531943882050805492,base_link,55.18,0.0
1531943882208312045,3023,1531943882207927025,base_link,55.17,0.0
1531943882267753362,3024,1531943882267455573,base_link,55.17,0.0
1531943882365400746,3025,1531943882364811697,base_link,55.17,0.0
1531943882450800300,3026,1531943882450116948,base_link,55.16,0.0
1531943882562715940,3027,1531943882561760463,base_link,55.16,0.0
1531943882683401082,3028,1531943882682918495,base_link,55.14,0.0
1531943882779423716,3029,1531943882776840705,base_link,55.14,0.0
1531943882857086525,3030,1531943882856785152,base_link,55.14,0.0
1531943882991701111,3031,1531943882986672303,base_link,55.13,0.0
1531943883070710945,3032,1531943883070252934,base_link,55.13,0.0
1531943883159254465,3033,1531943883159056963,base_link,55.13,0.0
1531943883270856126,3034,1531943883270454179,base_link,55.12,0.0
1531943883378082061,3035,1531943883377700753,base_link,55.12,0.0
1531943883468569175,3036,1531943883468258586,base_link,55.12,0.0
1531943883591200473,3037,1531943883590784733,base_link,55.11,0.0
1531943883656546076,3038,1531943883655642662,base_link,55.11,0.0
1531943883782813365,3039,1531943883782434426,base_link,55.1,0.0
1531943883871323542,3040,1531943883871075352,base_link,55.1,0.0
1531943883942225211,3041,1531943883941992894,base_link,55.1,0.0
1531943884075324905,3042,1531943884075001804,base_link,55.09,0.0
1531943884176779833,3043,1531943884176391102,base_link,55.08,0.0
1531943884270905948,3044,1531943884270555840,base_link,55.08,0.0
1531943884352866919,3045,1531943884352559114,base_link,55.08,0.0
1531943884469851882,3046,1531943884469343119,base_link,55.07,0.0
1531943884577190744,3047,1531943884576837948,base_link,55.06,0.0
1531943884657165881,3048,1531943884656751838,base_link,55.06,0.0
1531943884749995019,3049,1531943884744132268,base_link,55.06,0.0
1531943884847854179,3050,1531943884846670193,base_link,55.06,0.0
1531943884959760927,3051,1531943884959116134,base_link,55.06,0.0
1531943885051153249,3052,1531943885050879524,base_link,55.05,0.0
1531943885156067469,3053,1531943885154558526,base_link,55.05,0.0
1531943885274869086,3054,1531943885274536962,base_link,55.04,0.0
1531943885358552887,3055,1531943885358333625,base_link,55.04,0.0
1531943885468846887,3056,1531943885466897180,base_link,55.03,0.0
1531943885551856423,3057,1531943885551563691,base_link,55.03,0.0
1531943885661204962,3058,1531943885656542326,base_link,55.02,0.0
1531943885760031025,3059,1531943885759788212,base_link,55.02,0.0
1531943885867579936,3060,1531943885860557454,base_link,55.02,0.0
1531943885935997828,3061,1531943885935452586,base_link,55.01,0.0
1531943886080583317,3062,1531943886078572844,base_link,55.0,0.0
1531943886153228651,3063,1531943886152859951,base_link,55.0,0.0
1531943886261589042,3064,1531943886260877882,base_link,55.0,0.0
1531943886392570268,3065,1531943886391983299,base_link,54.99,0.0
1531943886458049090,3066,1531943886457719846,base_link,54.99,0.0
1531943886567254431,3067,1531943886566827652,base_link,54.99,0.0
1531943886661715521,3068,1531943886660354545,base_link,54.98,0.0
1531943886764625253,3069,1531943886764274889,base_link,54.98,0.0
1531943886888597950,3070,1531943886888058308,base_link,54.97,0.0
1531943886972761587,3071,1531943886970489452,base_link,54.97,0.0
1531943887078934676,3072,1531943887078687798,base_link,54.96,0.0
1531943887149179109,3073,1531943887148662219,base_link,54.96,0.0
1531943887271760239,3074,1531943887271251637,base_link,54.95,0.0
1531943887371283034,3075,1531943887370937694,base_link,54.95,0.0
1531943887458034804,3076,1531943887457092510,base_link,54.95,0.0
1531943887555203033,3077,1531943887553371245,base_link,54.94,0.0
1531943887657128937,3078,1531943887656869580,base_link,54.94,0.0
1531943887762788720,3079,1531943887762523475,base_link,54.94,0.0
1531943887869169390,3080,1531943887868916049,base_link,54.93,0.0
1531943887955852201,3081,1531943887955588908,base_link,54.93,0.0
1531943888056327146,3082,1531943888052966447,base_link,54.92,0.0
1531943888166605823,3083,1531943888165695529,base_link,54.92,0.0
1531943888246470182,3084,1531943888246098154,base_link,54.92,0.0
1531943888449004536,3085,1531943888448703516,base_link,54.91,0.0
1531943888564833903,3086,1531943888561807153,base_link,54.91,0.0
1531943888643199143,3087,1531943888642249938,base_link,54.9,0.0
1531943888756882102,3088,1531943888756496731,base_link,54.89,0.0
1531943888906698355,3089,1531943888906287832,base_link,54.89,0.0
1531943888996505196,3090,1531943888996151184,base_link,54.89,0.0
1531943889055039489,3091,1531943889054547591,base_link,54.89,0.0
1531943889169678056,3092,1531943889169307820,base_link,54.88,0.0
1531943889243898863,3093,1531943889243072696,base_link,54.88,0.0
1531943889393389490,3094,1531943889393013686,base_link,54.87,0.0
1531943889472555970,3095,1531943889472298149,base_link,54.87,0.0
1531943889584214313,3096,1531943889584010155,base_link,54.86,0.0
1531943889649565939,3097,1531943889649247382,base_link,54.86,0.0
1531943889772599867,3098,1531943889771772133,base_link,54.86,0.0
1531943889842758960,3099,1531943889842365396,base_link,54.85,0.0
1531943889977883026,3100,1531943889977387384,base_link,54.84,0.0
1531943890066770616,3101,1531943890066397724,base_link,54.84,0.0
1531943890157674151,3102,1531943890153598900,base_link,54.84,0.0
1531943890253844412,3103,1531943890253495456,base_link,54.84,0.0
1531943890358754992,3104,1531943890358457844,base_link,54.83,0.0
1531943890461395678,3105,1531943890461132929,base_link,54.83,0.0
1531943890564889730,3106,1531943890564613221,base_link,54.82,0.0
1531943890649707957,3107,1531943890649183642,base_link,54.82,0.0
1531943890777329837,3108,1531943890776513462,base_link,54.82,0.0
1531943890868828438,3109,1531943890868550041,base_link,54.81,0.0
1531943890978876945,3110,1531943890978620724,base_link,54.81,0.0
1531943891045757163,3111,1531943891044866805,base_link,54.81,0.0
1531943891176197414,3112,1531943891173931903,base_link,54.8,0.0
1531943891255898003,3113,1531943891255433528,base_link,54.8,0.0
1531943891366148750,3114,1531943891365897041,base_link,54.79,0.0
1531943891493829703,3115,1531943891493536554,base_link,54.78,0.0
1531943891558593722,3116,1531943891558219358,base_link,54.78,0.0
1531943891649470891,3117,1531943891649271917,base_link,54.78,0.0
1531943891755851216,3118,1531943891755477684,base_link,54.78,0.0
1531943891846378629,3119,1531943891845793260,base_link,54.77,0.0
1531943892010271566,3120,1531943892009928049,base_link,54.77,0.0
1531943892075139648,3121,1531943892074820259,base_link,54.76,0.0
1531943892164902943,3122,1531943892164675521,base_link,54.76,0.0
1531943892262289193,3123,1531943892260086402,base_link,54.76,0.0
1531943892352702625,3124,1531943892352425188,base_link,54.76,0.0
1531943892506366717,3125,1531943892505274313,base_link,54.75,0.0
1531943892580942724,3126,1531943892580392266,base_link,54.74,0.0
1531943892650547329,3127,1531943892650394179,base_link,54.74,0.0
1531943892776949003,3128,1531943892776612015,base_link,54.74,0.0
1531943892852208042,3129,1531943892851880654,base_link,54.73,0.0
1531943892951028997,3130,1531943892950580778,base_link,54.73,0.0
1531943893057545195,3131,1531943893056743156,base_link,54.72,0.0
1531943893172080794,3132,1531943893170949638,base_link,54.72,0.0
1531943893271756172,3133,1531943893270001376,base_link,54.72,0.0
1531943893371985881,3134,1531943893371111651,base_link,54.71,0.0
1531943893454385354,3135,1531943893454043150,base_link,54.71,0.0
1531943893557012028,3136,1531943893553713281,base_link,54.71,0.0
1531943893644750419,3137,1531943893644431511,base_link,54.7,0.0
1531943893778402158,3138,1531943893777468761,base_link,54.7,0.0
1531943893828078601,3139,1531943893827803212,base_link,54.69,0.0
1531943893982220962,3140,1531943893980948816,base_link,54.68,0.0
1531943894077314793,3141,1531943894075778234,base_link,54.68,0.0
1531943894157800337,3142,1531943894157147032,base_link,54.68,0.0
1531943894259209842,3143,1531943894258743223,base_link,54.68,0.0
1531943894353508225,3144,1531943894352092753,base_link,54.68,0.0
1531943894433148850,3145,1531943894432628728,base_link,54.67,0.0
1531943894606287612,3146,1531943894605882592,base_link,54.66,0.0
1531943894664380123,3147,1531943894663780673,base_link,54.66,0.0
1531943894755541773,3148,1531943894755168561,base_link,54.66,0.0
1531943894852011812,3149,1531943894851078575,base_link,54.66,0.0
1531943894955164530,3150,1531943894954907381,base_link,54.65,0.0
1531943895059978382,3151,1531943895059073336,base_link,54.64,0.0
1531943895148291905,3152,1531943895147445515,base_link,54.64,0.0
1531943895268103897,3153,1531943895267577983,base_link,54.63,0.0
1531943895346033278,3154,1531943895345769601,base_link,54.63,0.0
1531943895433225373,3155,1531943895432986080,base_link,54.63,0.0
1531943895629572906,3156,1531943895629123823,base_link,54.62,0.0
1531943895689125881,3157,1531943895688006182,base_link,54.62,0.0
1531943895752034980,3158,1531943895751831782,base_link,54.62,0.0
1531943895866678837,3159,1531943895865694752,base_link,54.61,0.0
1531943895954053170,3160,1531943895953781621,base_link,54.61,0.0
1531943896054788957,3161,1531943896053467115,base_link,54.61,0.0
1531943896173365827,3162,1531943896172744970,base_link,54.6,0.0
1531943896252169600,3163,1531943896251535111,base_link,54.6,0.0
1531943896388425860,3164,1531943896385473828,base_link,54.59,0.0
1531943896505120671,3165,1531943896503915660,base_link,54.58,0.0
1531943896548924381,3166,1531943896548618272,base_link,54.58,0.0
1531943896662744216,3167,1531943896662520859,base_link,54.58,0.0
1531943896751723109,3168,1531943896751218602,base_link,54.58,0.0
1531943896872883311,3169,1531943896868590398,base_link,54.57,0.0
1531943896990905180,3170,1531943896988888978,base_link,54.56,0.0
1531943897093701233,3171,1531943897093107960,base_link,54.56,0.0
1531943897193609959,3172,1531943897185234211,base_link,54.55,0.0
1531943897261858969,3173,1531943897259602066,base_link,54.55,0.0
1531943897348781469,3174,1531943897348544480,base_link,54.55,0.0
1531943897458783108,3175,1531943897458428808,base_link,54.55,0.0
1531943897562032373,3176,1531943897561739480,base_link,54.54,0.0
1531943897695695255,3177,1531943897694893760,base_link,54.54,0.0
1531943897778207436,3178,1531943897777809489,base_link,54.54,0.0
1531943897872167715,3179,1531943897871706920,base_link,54.53,0.0
1531943897953083082,3180,1531943897952608207,base_link,54.53,0.0
1531943898082952247,3181,1531943898081095404,base_link,54.52,0.0
1531943898176876848,3182,1531943898176633459,base_link,54.52,0.0
1531943898255000374,3183,1531943898254404893,base_link,54.52,0.0
1531943898352382793,3184,1531943898351724081,base_link,54.51,0.0
1531943898453093496,3185,1531943898452603421,base_link,54.51,0.0
1531943898548251875,3186,1531943898548051269,base_link,54.5,0.0
1531943898714311332,3187,1531943898713435053,base_link,54.5,0.0
1531943898745891145,3188,1531943898745477326,base_link,54.5,0.0
1531943898837312734,3189,1531943898836383496,base_link,54.49,0.0
1531943898987532108,3190,1531943898987166960,base_link,54.49,0.0
1531943899051051796,3191,1531943899050723415,base_link,54.49,0.0
1531943899177902181,3192,1531943899176377814,base_link,54.47,0.0
1531943899257762745,3193,1531943899257375262,base_link,54.47,0.0
1531943899346192944,3194,1531943899345951731,base_link,54.47,0.0
1531943899443802626,3195,1531943899442082229,base_link,54.47,0.0
1531943899584476251,3196,1531943899584143615,base_link,54.46,0.0
1531943899643915856,3197,1531943899643284215,base_link,54.46,0.0
1531943899770316966,3198,1531943899770003113,base_link,54.45,0.0
1531943899867468861,3199,1531943899866718373,base_link,54.45,0.0
1531943899959264910,3200,1531943899958483095,base_link,54.45,0.0
1531943900055386193,3201,1531943900054335773,base_link,54.45,0.0
1531943900155412874,3202,1531943900154928112,base_link,54.45,0.0
1531943900249166056,3203,1531943900248340625,base_link,54.44,0.0
1531943900348644679,3204,1531943900348170252,base_link,54.43,0.0
1531943900458798769,3205,1531943900458422133,base_link,54.43,0.0
1531943900557726965,3206,1531943900557390809,base_link,54.43,0.0
1531943900668890036,3207,1531943900668597943,base_link,54.42,0.0
1531943900790440385,3208,1531943900789921351,base_link,54.42,0.0
1531943900840360735,3209,1531943900840165057,base_link,54.42,0.0
1531943900945361345,3210,1531943900945165123,base_link,54.41,0.0
1531943901070955939,3211,1531943901070746022,base_link,54.41,0.0
1531943901152725285,3212,1531943901152495592,base_link,54.41,0.0
1531943901255397283,3213,1531943901255030663,base_link,54.4,0.0
1531943901357606565,3214,1531943901354367688,base_link,54.4,0.0
1531943901445599011,3215,1531943901445090185,base_link,54.39,0.0
1531943901575460471,3216,1531943901574698687,base_link,54.39,0.0
1531943901645969620,3217,1531943901645711607,base_link,54.39,0.0
1531943901751958829,3218,1531943901751727728,base_link,54.38,0.0
1531943901872717669,3219,1531943901872475656,base_link,54.38,0.0
1531943901959229811,3220,1531943901959000949,base_link,54.38,0.0
1531943902066164035,3221,1531943902065589193,base_link,54.37,0.0
1531943902154871546,3222,1531943902153294827,base_link,54.37,0.0
1531943902306082470,3223,1531943902305436205,base_link,54.36,0.0
1531943902358685191,3224,1531943902358484586,base_link,54.36,0.0
1531943902448937678,3225,1531943902447885561,base_link,54.36,0.0
1531943902561877916,3226,1531943902561593791,base_link,54.36,0.0
1531943902667259453,3227,1531943902666964448,base_link,54.35,0.0
1531943902788337394,3228,1531943902787599099,base_link,54.34,0.0
1531943902858534996,3229,1531943902857857947,base_link,54.34,0.0
1531943902962597827,3230,1531943902962469572,base_link,54.34,0.0
1531943903046975786,3231,1531943903044675747,base_link,54.33,0.0
1531943903158360939,3232,1531943903157947856,base_link,54.33,0.0
1531943903294162370,3233,1531943903293817350,base_link,54.32,0.0
1531943903364992797,3234,1531943903364703040,base_link,54.32,0.0
1531943903459007132,3235,1531943903458609632,base_link,54.32,0.0
1531943903540883071,3236,1531943903540413316,base_link,54.31,0.0
1531943903644333622,3237,1531943903643694173,base_link,54.31,0.0
1531943903748569413,3238,1531943903748221929,base_link,54.3,0.0
1531943903868377706,3239,1531943903868093678,base_link,54.3,0.0
1531943903961139575,3240,1531943903960799322,base_link,54.3,0.0
1531943904048140578,3241,1531943904047657480,base_link,54.3,0.0
1531943904162051082,3242,1531943904158585807,base_link,54.29,0.0
1531943904254800407,3243,1531943904252162100,base_link,54.29,0.0
1531943904373310668,3244,1531943904372990192,base_link,54.28,0.0
1531943904449737644,3245,1531943904449478735,base_link,54.27,0.0
1531943904551441464,3246,1531943904550838047,base_link,54.27,0.0
1531943904631216947,3247,1531943904630907830,base_link,54.27,0.0
1531943904775850508,3248,1531943904775493871,base_link,54.26,0.0
1531943904871056798,3249,1531943904870034058,base_link,54.25,0.0
1531943904990697063,3250,1531943904990299756,base_link,54.25,0.0
1531943905061180200,3251,1531943905059004928,base_link,54.25,0.0
1531943905163085715,3252,1531943905160253202,base_link,54.25,0.0
1531943905276300259,3253,1531943905276099845,base_link,54.24,0.0
1531943905365052893,3254,1531943905364837216,base_link,54.24,0.0
1531943905451911532,3255,1531943905451254323,base_link,54.24,0.0
1531943905573604096,3256,1531943905572893896,base_link,54.23,0.0
1531943905655468805,3257,1531943905654821900,base_link,54.23,0.0
1531943905774411511,3258,1531943905774212025,base_link,54.22,0.0
1531943905863533133,3259,1531943905861737153,base_link,54.22,0.0
1531943905954965994,3260,1531943905953518906,base_link,54.22,0.0
1531943906048791470,3261,1531943906048466290,base_link,54.21,0.0
1531943906163580527,3262,1531943906161913985,base_link,54.21,0.0
1531943906252467177,3263,1531943906249537961,base_link,54.2,0.0
1531943906350484864,3264,1531943906349822887,base_link,54.2,0.0
1531943906449992774,3265,1531943906449664874,base_link,54.2,0.0
1531943906556066758,3266,1531943906553327075,base_link,54.2,0.0
1531943906638374759,3267,1531943906638146538,base_link,54.19,0.0
1531943906758085074,3268,1531943906757698134,base_link,54.18,0.0
1531943906847790371,3269,1531943906847412040,base_link,54.18,0.0
1531943906979201551,3270,1531943906973852298,base_link,54.18,0.0
1531943907069370109,3271,1531943907068762819,base_link,54.17,0.0
1531943907152153786,3272,1531943907151489953,base_link,54.17,0.0
1531943907271656969,3273,1531943907271231534,base_link,54.16,0.0
1531943907376316346,3274,1531943907376049053,base_link,54.15,0.0
1531943907450991311,3275,1531943907450157624,base_link,54.15,0.0
1531943907552139174,3276,1531943907551867145,base_link,54.15,0.0
1531943907652363014,3277,1531943907652020554,base_link,54.15,0.0
1531943907778162385,3278,1531943907777678262,base_link,54.14,0.0
1531943907892717590,3279,1531943907892371866,base_link,54.14,0.0
1531943907974367616,3280,1531943907972893680,base_link,54.14,0.0
1531943908053009003,3281,1531943908052617871,base_link,54.13,0.0
1531943908172246078,3282,1531943908171274505,base_link,54.12,0.0
1531943908246975028,3283,1531943908245887680,base_link,54.12,0.0
1531943908369138024,3284,1531943908367959061,base_link,54.11,0.0
1531943908459057049,3285,1531943908458722365,base_link,54.11,0.0
1531943908552796385,3286,1531943908552584611,base_link,54.11,0.0
1531943908635761117,3287,1531943908634713129,base_link,54.11,0.0
1531943908746880681,3288,1531943908741787744,base_link,54.11,0.0
1531943908865534179,3289,1531943908864777419,base_link,54.1,0.0
1531943908988251792,3290,1531943908986361253,base_link,54.09,0.0
1531943909063534081,3291,1531943909063080070,base_link,54.09,0.0
1531943909186615565,3292,1531943909186251792,base_link,54.08,0.0
1531943909256516312,3293,1531943909256208187,base_link,54.08,0.0
1531943909408168430,3294,1531943909407892241,base_link,54.08,0.0
1531943909451484377,3295,1531943909450917695,base_link,54.08,0.0
1531943909559685158,3296,1531943909559411657,base_link,54.07,0.0
1531943909676435126,3297,1531943909676246904,base_link,54.06,0.0
1531943909772199561,3298,1531943909771728942,base_link,54.06,0.0
1531943909853853717,3299,1531943909851407600,base_link,54.06,0.0
1531943909962998712,3300,1531943909962742650,base_link,54.06,0.0
1531943910073675786,3301,1531943910072716949,base_link,54.05,0.0
1531943910175104577,3302,1531943910174696102,base_link,54.04,0.0
1531943910262680558,3303,1531943910262408337,base_link,54.04,0.0
1531943910369480267,3304,1531943910368930993,base_link,54.04,0.0
1531943910455040334,3305,1531943910454830640,base_link,54.04,0.0
1531943910560162781,3306,1531943910555030901,base_link,54.03,0.0
1531943910646356857,3307,1531943910645791775,base_link,54.03,0.0
1531943910749169633,3308,1531943910748716774,base_link,54.02,0.0
1531943910865483543,3309,1531943910864952925,base_link,54.02,0.0
1531943910974524924,3310,1531943910974070849,base_link,54.02,0.0
1531943911057160671,3311,1531943911056603045,base_link,54.01,0.0
1531943911159792779,3312,1531943911159398799,base_link,54.01,0.0
1531943911255596768,3313,1531943911255120549,base_link,54.01,0.0
1531943911384622447,3314,1531943911377839544,base_link,54.0,0.0
1531943911463318845,3315,1531943911462912737,base_link,53.99,0.0
1531943911547163155,3316,1531943911546578009,base_link,53.99,0.0
1531943911674778417,3317,1531943911674399637,base_link,53.99,0.0
1531943911761158636,3318,1531943911760489395,base_link,53.99,0.0
1531943911868817985,3319,1531943911868255143,base_link,53.98,0.0
1531943911964391769,3320,1531943911964114140,base_link,53.97,0.0
1531943912065408183,3321,1531943912062196474,base_link,53.97,0.0
1531943912152236110,3322,1531943912151932209,base_link,53.97,0.0
1531943912253125294,3323,1531943912252599155,base_link,53.97,0.0
1531943912356702384,3324,1531943912356487603,base_link,53.96,0.0
1531943912458993633,3325,1531943912456108704,base_link,53.95,0.0
1531943912546270515,3326,1531943912545577435,base_link,53.95,0.0
1531943912630459495,3327,1531943912630256489,base_link,53.95,0.0
1531943912764424834,3328,1531943912761505089,base_link,53.95,0.0
1531943912846684138,3329,1531943912846510604,base_link,53.94,0.0
1531943912958516596,3330,1531943912957789691,base_link,53.93,0.0
1531943913056591794,3331,1531943913056271446,base_link,53.93,0.0
1531943913155834309,3332,1531943913155506856,base_link,53.93,0.0
1531943913242018084,3333,1531943913241792262,base_link,53.93,0.0
1531943913367197919,3334,1531943913366877026,base_link,53.93,0.0
1531943913462043104,3335,1531943913460589808,base_link,53.91,0.0
1531943913609641962,3336,1531943913607823549,base_link,53.91,0.0
1531943913673139453,3337,1531943913672828257,base_link,53.91,0.0
1531943913754841581,3338,1531943913750801272,base_link,53.91,0.0
1531943913828932430,3339,1531943913828308565,base_link,53.9,0.0
1531943913949637113,3340,1531943913949122431,base_link,53.9,0.0
1531943914120161133,3341,1531943914119609491,base_link,53.9,0.0
1531943914172359068,3342,1531943914172063743,base_link,53.9,0.0
1531943914242404298,3343,1531943914242170956,base_link,53.89,0.0
1531943914357390196,3344,1531943914357149527,base_link,53.89,0.0
1531943914448534463,3345,1531943914448309122,base_link,53.88,0.0
1531943914561605982,3346,1531943914558549663,base_link,53.88,0.0
1531943914633091005,3347,1531943914632871967,base_link,53.87,0.0
1531943914775612031,3348,1531943914774718249,base_link,53.87,0.0
1531943914847588184,3349,1531943914847376635,base_link,53.87,0.0
1531943914952890155,3350,1531943914952542223,base_link,53.86,0.0
1531943915068459888,3351,1531943915068212851,base_link,53.86,0.0
1531943915174941943,3352,1531943915174592091,base_link,53.85,0.0
1531943915250302797,3353,1531943915248787037,base_link,53.85,0.0
1531943915350724757,3354,1531943915350304186,base_link,53.85,0.0
1531943915448930518,3355,1531943915448126558,base_link,53.84,0.0
1531943915593955902,3356,1531943915593358181,base_link,53.84,0.0
1531943915682676132,3357,1531943915682424039,base_link,53.84,0.0
1531943915772069059,3358,1531943915771647624,base_link,53.83,0.0
1531943915843290758,3359,1531943915843032680,base_link,53.83,0.0
1531943915974683041,3360,1531943915974106023,base_link,53.83,0.0
1531943916074746478,3361,1531943916074528849,base_link,53.82,0.0
1531943916154430935,3362,1531943916154042363,base_link,53.82,0.0
1531943916255520665,3363,1531943916255288668,base_link,53.82,0.0
1531943916357635345,3364,1531943916357393844,base_link,53.82,0.0
1531943916451799166,3365,1531943916451495073,base_link,53.81,0.0
1531943916592676598,3366,1531943916592297818,base_link,53.8,0.0
1531943916654823226,3367,1531943916654246177,base_link,53.8,0.0
1531943916760522668,3368,1531943916760182511,base_link,53.8,0.0
1531943916849775021,3369,1531943916849402449,base_link,53.8,0.0
1531943916960908196,3370,1531943916960676967,base_link,53.79,0.0
1531943917060268474,3371,1531943917059417379,base_link,53.79,0.0
1531943917166717732,3372,1531943917164716154,base_link,53.78,0.0
1531943917269565269,3373,1531943917267389741,base_link,53.78,0.0
1531943917367784728,3374,1531943917367521243,base_link,53.77,0.0
1531943917454173241,3375,1531943917451192025,base_link,53.77,0.0
1531943917560857953,3376,1531943917560057162,base_link,53.77,0.0
1531943917696823567,3377,1531943917694533575,base_link,53.76,0.0
1531943917766437828,3378,1531943917766267750,base_link,53.76,0.0
1531943917854612755,3379,1531943917853747132,base_link,53.76,0.0
1531943917940066718,3380,1531943917937362043,base_link,53.76,0.0
1531943918053737083,3381,1531943918053470974,base_link,53.75,0.0
1531943918185116060,3382,1531943918184797855,base_link,53.74,0.0
1531943918248187608,3383,1531943918241801693,base_link,53.74,0.0
1531943918372508996,3384,1531943918372266567,base_link,53.73,0.0
1531943918489506655,3385,1531943918485411370,base_link,53.73,0.0
1531943918555942039,3386,1531943918553160309,base_link,53.73,0.0
1531943918658076849,3387,1531943918657527254,base_link,53.73,0.0
1531943918754095372,3388,1531943918752709275,base_link,53.72,0.0
1531943918852385583,3389,1531943918852065490,base_link,53.72,0.0
1531943918964375551,3390,1531943918964091586,base_link,53.71,0.0
1531943919060364603,3391,1531943919059751650,base_link,53.71,0.0
1531943919159664564,3392,1531943919159327448,base_link,53.71,0.0
1531943919249505619,3393,1531943919248979352,base_link,53.71,0.0
1531943919371149885,3394,1531943919370956415,base_link,53.7,0.0
1531943919467330743,3395,1531943919467101242,base_link,53.69,0.0
1531943919572956397,3396,1531943919571184576,base_link,53.69,0.0
1531943919703262170,3397,1531943919702930814,base_link,53.68,0.0
1531943919756796061,3398,1531943919754649652,base_link,53.68,0.0
1531943919870966167,3399,1531943919870604283,base_link,53.68,0.0
1531943919966630487,3400,1531943919966147421,base_link,53.68,0.0
1531943920057330093,3401,1531943920056710004,base_link,53.67,0.0
1531943920191607090,3402,1531943920191247286,base_link,53.67,0.0
1531943920277890072,3403,1531943920277124704,base_link,53.67,0.0
1531943920366711939,3404,1531943920365693006,base_link,53.67,0.0
1531943920477440675,3405,1531943920476396623,base_link,53.65,0.0
1531943920581329485,3406,1531943920580091642,base_link,53.65,0.0
1531943920630051940,3407,1531943920629678632,base_link,53.65,0.0
1531943920774249311,3408,1531943920771929944,base_link,53.64,0.0
1531943920854973376,3409,1531943920854149609,base_link,53.64,0.0
1531943920957493753,3410,1531943920956914495,base_link,53.64,0.0
1531943921082783390,3411,1531943921080307065,base_link,53.63,0.0
1531943921162803304,3412,1531943921156115855,base_link,53.63,0.0
1531943921263855793,3413,1531943921262833852,base_link,53.63,0.0
1531943921374680466,3414,1531943921373105443,base_link,53.62,0.0
1531943921488983341,3415,1531943921488028760,base_link,53.62,0.0
1531943921567189930,3416,1531943921565409533,base_link,53.62,0.0
1531943921664159711,3417,1531943921663439495,base_link,53.61,0.0
1531943921784513018,3418,1531943921784252797,base_link,53.61,0.0
1531943921872291793,3419,1531943921871462202,base_link,53.6,0.0
1531943921957213318,3420,1531943921956122738,base_link,53.6,0.0
1531943922039546392,3421,1531943922038754496,base_link,53.6,0.0
1531943922183216603,3422,1531943922182925726,base_link,53.59,0.0
1531943922301059058,3423,1531943922299267302,base_link,53.59,0.0
1531943922372908084,3424,1531943922372299227,base_link,53.59,0.0
1531943922456998131,3425,1531943922456682839,base_link,53.58,0.0
1531943922569169159,3426,1531943922567210204,base_link,53.58,0.0
1531943922656808896,3427,1531943922655612973,base_link,53.58,0.0
1531943922794642210,3428,1531943922794442244,base_link,53.57,0.0
1531943922862391791,3429,1531943922861682327,base_link,53.57,0.0
1531943922985927050,3430,1531943922985558350,base_link,53.56,0.0
1531943923074375643,3431,1531943923074048383,base_link,53.56,0.0
1531943923150918444,3432,1531943923150599471,base_link,53.56,0.0
1531943923250460071,3433,1531943923250048748,base_link,53.56,0.0
1531943923383667740,3434,1531943923383429631,base_link,53.55,0.0
1531943923499704264,3435,1531943923498855729,base_link,53.55,0.0
1531943923545979803,3436,1531943923545404961,base_link,53.55,0.0
1531943923650487393,3437,1531943923650230180,base_link,53.55,0.0
1531943923746394467,3438,1531943923746029095,base_link,53.54,0.0
1531943923858427578,3439,1531943923858133213,base_link,53.54,0.0
1531943923977629508,3440,1531943923971736226,base_link,53.53,0.0
1531943924057706863,3441,1531943924057194581,base_link,53.53,0.0
1531943924149624477,3442,1531943924149320000,base_link,53.52,0.0
1531943924272065926,3443,1531943924269173284,base_link,53.52,0.0
1531943924388308016,3444,1531943924387235900,base_link,53.51,0.0
1531943924487811373,3445,1531943924486550203,base_link,53.51,0.0
1531943924552599388,3446,1531943924552292575,base_link,53.51,0.0
1531943924642666429,3447,1531943924642412768,base_link,53.5,0.0
1531943924750137413,3448,1531943924749660042,base_link,53.5,0.0
1531943924883912662,3449,1531943924883504698,base_link,53.5,0.0
1531943924952799032,3450,1531943924951926690,base_link,53.5,0.0
1531943925065069326,3451,1531943925062724935,base_link,53.49,0.0
1531943925177953983,3452,1531943925177569891,base_link,53.49,0.0
1531943925257926637,3453,1531943925257640560,base_link,53.49,0.0
1531943925367151492,3454,1531943925366830791,base_link,53.48,0.0
1531943925449923668,3455,1531943925445181607,base_link,53.48,0.0
1531943925583840773,3456,1531943925581526077,base_link,53.47,0.0
1531943925669112218,3457,1531943925668682143,base_link,53.47,0.0
1531943925763676653,3458,1531943925761413989,base_link,53.47,0.0
1531943925914147054,3459,1531943925913543989,base_link,53.46,0.0
1531943925956905416,3460,1531943925956606731,base_link,53.46,0.0
1531943926043176979,3461,1531943926042627769,base_link,53.46,0.0
1531943926199215227,3462,1531943926198749280,base_link,53.45,0.0
1531943926255107753,3463,1531943926254779981,base_link,53.45,0.0
1531943926405062385,3464,1531943926395231641,base_link,53.45,0.0
1531943926474132436,3465,1531943926473865463,base_link,53.45,0.0
1531943926543010936,3466,1531943926542743643,base_link,53.44,0.0
1531943926654028766,3467,1531943926647368548,base_link,53.44,0.0
1531943926759804571,3468,1531943926758769318,base_link,53.43,0.0
1531943926864466659,3469,1531943926863645228,base_link,53.42,0.0
1531943927016868754,3470,1531943927016471190,base_link,53.42,0.0
1531943927069140647,3471,1531943927068740907,base_link,53.42,0.0
1531943927130769818,3472,1531943927130364766,base_link,53.42,0.0
1531943927254994964,3473,1531943927248472153,base_link,53.41,0.0
1531943927425551331,3474,1531943927425070152,base_link,53.41,0.0
1531943927514000121,3475,1531943927513125314,base_link,53.41,0.0
1531943927592219163,3476,1531943927589721558,base_link,53.4,0.0
1531943927645925250,3477,1531943927645351528,base_link,53.4,0.0
1531943927747044273,3478,1531943927746709685,base_link,53.4,0.0
1531943927846654001,3479,1531943927845385502,base_link,53.4,0.0
1531943927974621028,3480,1531943927974232040,base_link,53.39,0.0
1531943928047191554,3481,1531943928046909541,base_link,53.39,0.0
1531943928150491964,3482,1531943928147533115,base_link,53.38,0.0
1531943928280650873,3483,1531943928280263357,base_link,53.38,0.0
1531943928357213614,3484,1531943928356907857,base_link,53.37,0.0
1531943928486979951,3485,1531943928486460308,base_link,53.37,0.0
1531943928598679472,3486,1531943928597972855,base_link,53.37,0.0
1531943928649611572,3487,1531943928649238680,base_link,53.37,0.0
1531943928754512572,3488,1531943928754160704,base_link,53.36,0.0
1531943928856347014,3489,1531943928856090024,base_link,53.36,0.0
1531943928965001286,3490,1531943928964717257,base_link,53.35,0.0
1531943929052194123,3491,1531943929051472851,base_link,53.35,0.0
1531943929148280338,3492,1531943929147828215,base_link,53.35,0.0
1531943929253295995,3493,1531943929253034174,base_link,53.35,0.0
1531943929363867113,3494,1531943929363451309,base_link,53.34,0.0
1531943929454177933,3495,1531943929453915471,base_link,53.34,0.0
1531943929594853724,3496,1531943929594288194,base_link,53.33,0.0
1531943929669528422,3497,1531943929669200137,base_link,53.33,0.0
1531943929751581857,3498,1531943929751201797,base_link,53.33,0.0
1531943929849684403,3499,1531943929845160771,base_link,53.33,0.0
1531943929990951068,3500,1531943929990469953,base_link,53.32,0.0
1531943930048083040,3501,1531943930047220873,base_link,53.32,0.0
1531943930159955585,3502,1531943930159663268,base_link,53.32,0.0
1531943930267706030,3503,1531943930267394385,base_link,53.31,0.0
1531943930359597570,3504,1531943930358966313,base_link,53.31,0.0
1531943930496649721,3505,1531943930495822850,base_link,53.31,0.0
1531943930547051812,3506,1531943930546784903,base_link,53.31,0.0
1531943930649602248,3507,1531943930647652605,base_link,53.3,0.0
1531943930769887248,3508,1531943930768629598,base_link,53.3,0.0
1531943930850884344,3509,1531943930850483548,base_link,53.3,0.0
1531943930958259401,3510,1531943930953873687,base_link,53.29,0.0
1531943931078945614,3511,1531943931078482482,base_link,53.29,0.0
1531943931171764377,3512,1531943931170832739,base_link,53.29,0.0
1531943931252337126,3513,1531943931252048777,base_link,53.29,0.0
1531943931351573294,3514,1531943931351171635,base_link,53.28,0.0
1531943931433866217,3515,1531943931432694934,base_link,53.28,0.0
1531943931571986678,3516,1531943931570899906,base_link,53.27,0.0
1531943931682426696,3517,1531943931682086380,base_link,53.27,0.0
1531943931763014261,3518,1531943931762743320,base_link,53.27,0.0
1531943931863617518,3519,1531943931863122932,base_link,53.27,0.0
1531943931951733612,3520,1531943931951431791,base_link,53.27,0.0
1531943932069098357,3521,1531943932068748953,base_link,53.26,0.0
1531943932160954284,3522,1531943932160033654,base_link,53.26,0.0
1531943932251851597,3523,1531943932249410343,base_link,53.26,0.0
1531943932352196234,3524,1531943932351806382,base_link,53.26,0.0
1531943932431037899,3525,1531943932430610287,base_link,53.26,0.0
1531943932558472874,3526,1531943932558021135,base_link,53.25,0.0
1531943932649452778,3527,1531943932648926576,base_link,53.25,0.0
1531943932752653161,3528,1531943932752405836,base_link,53.25,0.0
1531943932849543019,3529,1531943932849158511,base_link,53.24,0.0
1531943932989674469,3530,1531943932987807769,base_link,53.24,0.0
1531943933052316849,3531,1531943933050832128,base_link,53.24,0.0
1531943933166503613,3532,1531943933163624539,base_link,53.24,0.0
1531943933254300608,3533,1531943933253212523,base_link,53.23,0.0
1531943933397040063,3534,1531943933395994731,base_link,53.23,0.0
1531943933456160176,3535,1531943933455620598,base_link,53.23,0.0
1531943933600270786,3536,1531943933599575849,base_link,53.23,0.0
1531943933681517353,3537,1531943933680792017,base_link,53.22,0.0
1531943933752774906,3538,1531943933748771429,base_link,53.22,0.0
1531943933855857276,3539,1531943933855488704,base_link,53.23,0.0
1531943933954253711,3540,1531943933953765940,base_link,53.22,0.0
1531943934066111637,3541,1531943934065849687,base_link,53.22,0.0
1531943934177663518,3542,1531943934177367233,base_link,53.21,0.0
1531943934259189795,3543,1531943934258716904,base_link,53.21,0.0
1531943934357409657,3544,1531943934357206075,base_link,53.21,0.0
1531943934468908483,3545,1531943934468257577,base_link,53.21,0.0
1531943934592757930,3546,1531943934592412910,base_link,53.21,0.0
1531943934642051715,3547,1531943934641486665,base_link,53.21,0.0
1531943934789136630,3548,1531943934787802564,base_link,53.2,0.0
1531943934847436976,3549,1531943934847009077,base_link,53.2,0.0
1531943934976720159,3550,1531943934976454337,base_link,53.2,0.0
1531943935052180548,3551,1531943935050599669,base_link,53.2,0.0
1531943935161010348,3552,1531943935151819084,base_link,53.2,0.0
1531943935272175930,3553,1531943935271657023,base_link,53.2,0.0
1531943935349669227,3554,1531943935349422125,base_link,53.2,0.0
1531943935471569000,3555,1531943935471201900,base_link,53.19,0.0
1531943935546783825,3556,1531943935546478068,base_link,53.19,0.0
1531943935670953111,3557,1531943935670744345,base_link,53.19,0.0
1531943935781475308,3558,1531943935781170991,base_link,53.18,0.0
1531943935844263063,3559,1531943935843644126,base_link,53.18,0.0
1531943935948891371,3560,1531943935948570414,base_link,53.18,0.0
1531943936090812887,3561,1531943936085743948,base_link,53.18,0.0
1531943936188077913,3562,1531943936187912666,base_link,53.18,0.0
1531943936249224854,3563,1531943936248920217,base_link,53.18,0.0
1531943936353833803,3564,1531943936353263985,base_link,53.18,0.0
1531943936440542267,3565,1531943936440175871,base_link,53.18,0.0
1531943936574332893,3566,1531943936573939009,base_link,53.17,0.0
1531943936635379676,3567,1531943936635144542,base_link,53.17,0.0
1531943936770598543,3568,1531943936770028917,base_link,53.17,0.0
1531943936881181125,3569,1531943936870608884,base_link,53.17,0.0
1531943936953596172,3570,1531943936953306799,base_link,53.17,0.0
1531943937037952661,3571,1531943937037691288,base_link,53.17,0.0
1531943937149354660,3572,1531943937148826793,base_link,53.16,0.0
1531943937284249052,3573,1531943937283833184,base_link,53.16,0.0
1531943937354709144,3574,1531943937354298108,base_link,53.16,0.0
1531943937470896212,3575,1531943937470189372,base_link,53.16,0.0
1531943937555151744,3576,1531943937554681413,base_link,53.16,0.0
1531943937670995680,3577,1531943937670572900,base_link,53.16,0.0
1531943937757974191,3578,1531943937757170679,base_link,53.16,0.0
1531943937869413757,3579,1531943937868970017,base_link,53.16,0.0
1531943937971719371,3580,1531943937971117297,base_link,53.15,0.0
1531943938051325000,3581,1531943938051074218,base_link,53.15,0.0
1531943938147577686,3582,1531943938147307801,base_link,53.15,0.0
1531943938265680160,3583,1531943938265184005,base_link,53.15,0.0
1531943938349056085,3584,1531943938348739161,base_link,53.14,0.0
1531943938497293251,3585,1531943938496964646,base_link,53.15,0.0
1531943938602564211,3586,1531943938602076472,base_link,53.14,0.0
1531943938666500628,3587,1531943938666320662,base_link,53.14,0.0
1531943938739286489,3588,1531943938739061883,base_link,53.14,0.0
1531943938851267363,3589,1531943938850913831,base_link,53.14,0.0
1531943938964442528,3590,1531943938964077732,base_link,53.14,0.0
1531943939076149325,3591,1531943939075915824,base_link,53.14,0.0
1531943939154718518,3592,1531943939154456889,base_link,53.14,0.0
1531943939276119743,3593,1531943939275754690,base_link,53.13,0.0
1531943939392979510,3594,1531943939392562299,base_link,53.14,0.0
1531943939459184513,3595,1531943939458830341,base_link,53.14,0.0
1531943939596994749,3596,1531943939596582081,base_link,53.13,0.0
1531943939684194028,3597,1531943939683912623,base_link,53.13,0.0
1531943939756307032,3598,1531943939756044667,base_link,53.13,0.0
1531943939871828478,3599,1531943939871487202,base_link,53.13,0.0
1531943939949516656,3600,1531943939948786712,base_link,53.13,0.0
1531943940051321702,3601,1531943940050831275,base_link,53.13,0.0
1531943940175110326,3602,1531943940174770042,base_link,53.12,0.0
1531943940262071048,3603,1531943940257086780,base_link,53.12,0.0
1531943940388979256,3604,1531943940388590524,base_link,53.12,0.0
1531943940445810021,3605,1531943940445501864,base_link,53.12,0.0
1531943940552309994,3606,1531943940549496999,base_link,53.12,0.0
1531943940679673940,3607,1531943940678391458,base_link,53.11,0.0
1531943940759830317,3608,1531943940758724121,base_link,53.11,0.0
1531943940874099745,3609,1531943940873884643,base_link,53.11,0.0
1531943941026095338,3610,1531943941025396498,base_link,53.11,0.0
1531943941064744470,3611,1531943941064170396,base_link,53.11,0.0
1531943941153104314,3612,1531943941152914492,base_link,53.11,0.0
1531943941272003039,3613,1531943941271500196,base_link,53.11,0.0
1531943941386053558,3614,1531943941385599003,base_link,53.11,0.0
1531943941439755205,3615,1531943941439165323,base_link,53.11,0.0
1531943941601182701,3616,1531943941596312128,base_link,53.11,0.0
1531943941647588967,3617,1531943941645427838,base_link,53.11,0.0
1531943941763048592,3618,1531943941761707006,base_link,53.1,0.0
1531943941889851810,3619,1531943941889550853,base_link,53.1,0.0
1531943941952798704,3620,1531943941952313173,base_link,53.1,0.0
1531943942065013819,3621,1531943942064800893,base_link,53.1,0.0
1531943942153202530,3622,1531943942152522281,base_link,53.1,0.0
1531943942245596221,3623,1531943942245329472,base_link,53.1,0.0
1531943942388825349,3624,1531943942387951342,base_link,53.09,0.0
1531943942460703446,3625,1531943942460223259,base_link,53.09,0.0
1531943942562917834,3626,1531943942562451535,base_link,53.09,0.0
1531943942641413782,3627,1531943942640875708,base_link,53.09,0.0
1531943942784007013,3628,1531943942783736935,base_link,53.09,0.0
1531943942886464950,3629,1531943942885159108,base_link,53.09,0.0
1531943942954847372,3630,1531943942954559311,base_link,53.09,0.0
1531943943071959621,3631,1531943943071475147,base_link,53.09,0.0
1531943943128541815,3632,1531943943126980839,base_link,53.09,0.0
