%time,field.header.seq,field.header.stamp,field.header.frame_id,field.rssi,field.channels0,field.channels1,field.channels2,field.channels3,field.channels4,field.channels5,field.channels6,field.channels7,field.channels8,field.channels9,field.channels10,field.channels11,field.channels12,field.channels13,field.channels14,field.channels15
1531943810915695931,754,1531943810915273633,,0,1626,1532,1548,1512,1943,2036,991,2036,1514,1514,1514,1514,1514,1514,1514,1514
1531943811287676975,755,1531943811284625846,,0,1515,1552,1548,1512,1943,2036,991,2036,1514,1514,1514,1514,1514,1514,1514,1514
1531943811559413508,756,1531943811559131783,,0,1515,1552,1548,1511,1943,2036,991,2036,1514,1514,1514,1514,1514,1514,1514,1514
1531943811827905058,757,1531943811827293386,,0,1515,1552,1548,1511,1943,2036,991,2036,1514,1514,1514,1514,1514,1514,1514,1514
1531943812188201330,758,1531943812187236670,,0,1515,1552,1548,1511,1943,2036,991,2036,1514,1514,1514,1514,1514,1514,1514,1514
1531943812484494837,759,1531943812481080896,,0,1515,1552,1548,1511,1943,2036,991,2036,1514,1514,1514,1514,1514,1514,1514,1514
1531943812878680026,760,1531943812878382877,,0,1515,1552,1548,1511,1943,2036,991,2036,1514,1514,1514,1514,1514,1514,1514,1514
1531943813239793195,761,1531943813239505262,,0,1515,1552,1548,1511,1943,2036,991,2036,1514,1514,1514,1514,1514,1514,1514,1514
1531943813576791762,762,1531943813576579444,,0,1515,1552,1548,1511,1943,2036,991,2036,1514,1514,1514,1514,1514,1514,1514,1514
1531943813945890945,763,1531943813945584293,,0,1515,1552,1548,1511,1943,2036,991,2036,1514,1514,1514,1514,1514,1514,1514,1514
1531943814176137816,764,1531943814175876060,,0,1515,1552,1548,1511,1943,2036,991,2036,1514,1514,1514,1514,1514,1514,1514,1514
1531943814480525190,765,1531943814479496723,,0,1515,1552,1548,1511,1943,2036,991,2036,1514,1514,1514,1514,1514,1514,1514,1514
1531943814883756878,766,1531943814882332576,,0,1515,1552,1548,1511,1943,2036,991,2036,1514,1514,1514,1514,1514,1514,1514,1514
1531943815133954221,767,1531943815133454676,,0,1515,1552,1548,1511,1943,2036,991,2036,1514,1514,1514,1514,1514,1514,1514,1514
1531943815473738755,768,1531943815473528709,,0,1515,1552,1548,1511,1943,2036,991,2036,1514,1514,1514,1514,1514,1514,1514,1514
1531943815793592052,769,1531943815793255736,,0,1515,1552,1548,1511,1943,2036,991,2036,1514,1514,1514,1514,1514,1514,1514,1514
1531943816081935831,770,1531943816080999778,,0,1515,1552,1548,1511,1943,2036,991,2036,1514,1514,1514,1514,1514,1514,1514,1514
1531943816358337302,771,1531943816358047770,,0,1515,1552,1550,1511,1943,2036,991,2036,1514,1514,1514,1514,1514,1514,1514,1514
1531943816676592165,772,1531943816676369992,,0,1515,1552,1550,1511,1943,2036,991,2036,1514,1514,1514,1514,1514,1514,1514,1514
1531943817001442561,773,1531943817001131717,,0,1515,1552,1550,1511,1943,2036,991,2036,1514,1514,1514,1514,1514,1514,1514,1514
1531943817436345211,774,1531943817431246107,,0,1515,1552,1550,1511,1943,2036,991,2036,1514,1514,1514,1514,1514,1514,1514,1514
1531943817695074976,775,1531943817694798148,,0,1515,1552,1550,1511,1943,2036,991,2036,1514,1514,1514,1514,1514,1514,1514,1514
1531943818079570552,776,1531943818079252924,,0,1515,1552,1550,1511,1943,2036,991,2036,1514,1514,1514,1514,1514,1514,1514,1514
1531943818410087325,777,1531943818409839040,,0,1515,1552,1550,1511,1943,2036,991,2036,1514,1514,1514,1514,1514,1514,1514,1514
1531943818867383337,778,1531943818863422491,,0,1515,1552,1550,1511,1943,2036,991,2036,1514,1514,1514,1514,1514,1514,1514,1514
1531943819192367961,779,1531943819192226747,,0,1515,1552,1550,1511,1943,2036,991,2036,1514,1514,1514,1514,1514,1514,1514,1514
1531943819537164309,780,1531943819536842585,,0,1515,1552,1550,1511,1943,2036,991,2036,1514,1514,1514,1514,1514,1514,1514,1514
1531943819893475071,781,1531943819890224744,,0,1515,1552,1550,1511,1943,2036,991,2036,1514,1514,1514,1514,1514,1514,1514,1514
1531943820275734477,782,1531943820275268787,,0,1515,1552,1550,1511,1943,2036,991,2036,1514,1514,1514,1514,1514,1514,1514,1514
1531943820556758672,783,1531943820556553587,,0,1515,1552,1550,1511,1943,2036,991,2036,1514,1514,1514,1514,1514,1514,1514,1514
1531943820916975893,784,1531943820916144287,,0,1515,1552,1550,1511,1943,2036,991,2036,1514,1514,1514,1514,1514,1514,1514,1514
1531943821348282217,785,1531943821347869550,,0,1515,1552,1550,1511,1943,2036,991,2036,1514,1514,1514,1514,1514,1514,1514,1514
1531943821625441508,786,1531943821625234214,,0,1515,1552,1550,1511,1943,2036,991,2036,1514,1514,1514,1514,1514,1514,1514,1514
1531943821970723052,787,1531943821970434864,,0,1515,1552,1550,1511,1943,2036,991,2036,1514,1514,1514,1514,1514,1514,1514,1514
1531943822226104285,788,1531943822225779105,,0,1515,1552,1550,1511,1943,2036,991,2036,1514,1514,1514,1514,1514,1514,1514,1514
1531943822531566046,789,1531943822531229859,,0,1515,1552,1550,1511,1943,2036,991,2036,1514,1514,1514,1514,1514,1514,1514,1514
1531943822984248213,790,1531943822983771643,,0,1515,1552,1568,1511,1943,2036,991,2036,1514,1514,1514,1514,1514,1514,1514,1514
1531943823308971855,791,1531943823308786289,,0,1515,1552,1603,1511,1943,2036,991,2036,1514,1514,1514,1514,1514,1514,1514,1514
1531943823694692114,792,1531943823694424534,,0,1515,1552,1614,1511,1943,2036,991,2036,1514,1514,1514,1514,1514,1514,1514,1514
1531943824039705777,793,1531943824039175351,,0,1515,1552,1614,1511,1943,2036,991,2036,1514,1514,1514,1514,1514,1514,1514,1514
1531943824339230635,794,1531943824338997230,,0,1515,1552,1614,1511,1943,2036,991,2036,1514,1514,1514,1514,1514,1514,1514,1514
1531943824772014991,795,1531943824771588756,,0,1515,1552,1614,1511,1943,2036,991,2036,1514,1514,1514,1514,1514,1514,1514,1514
1531943825169374383,796,1531943825168921844,,0,1515,1552,1614,1511,1943,2036,991,2036,1514,1514,1514,1514,1514,1514,1514,1514
1531943825428424422,797,1531943825427974732,,0,1515,1552,1614,1511,1943,2036,991,2036,1514,1514,1514,1514,1514,1514,1514,1514
1531943825740278415,798,1531943825739950995,,0,1515,1552,1604,1511,1943,2036,991,2036,1514,1514,1514,1514,1514,1514,1514,1514
1531943826062348827,799,1531943826059311361,,0,1515,1552,1599,1511,1943,2036,991,2036,1514,1514,1514,1514,1514,1514,1514,1514
1531943826407082582,800,1531943826406588412,,0,1515,1552,1599,1511,1943,2036,991,2036,1514,1514,1514,1514,1514,1514,1514,1514
1531943826714206242,801,1531943826713840615,,0,1515,1552,1599,1511,1943,2036,991,2036,1514,1514,1514,1514,1514,1514,1514,1514
1531943827016258829,802,1531943827015966192,,0,1515,1552,1579,1511,1943,2036,991,2036,1514,1514,1514,1514,1514,1514,1514,1514
1531943827435745527,803,1531943827435254653,,0,1515,1552,1551,1511,1943,2036,991,2036,1514,1514,1514,1514,1514,1514,1514,1514
1531943827755649837,804,1531943827755299185,,0,1515,1552,1582,1511,1943,2036,991,2036,1514,1514,1514,1514,1514,1514,1514,1514
1531943828067804772,805,1531943828067595782,,0,1515,1552,1582,1511,1943,2036,991,2036,1514,1514,1514,1514,1514,1514,1514,1514
1531943828411756153,806,1531943828411293087,,0,1515,1552,1582,1511,1943,2036,991,2036,1514,1514,1514,1514,1514,1514,1514,1514
1531943828832343871,807,1531943828829737759,,0,1515,1552,1582,1511,1943,2036,991,2036,1514,1514,1514,1514,1514,1514,1514,1514
1531943829176928081,808,1531943829176699827,,0,1515,1552,1582,1511,1943,2036,991,2036,1514,1514,1514,1514,1514,1514,1514,1514
1531943829550271942,809,1531943829549662701,,0,1515,1552,1583,1511,1943,2036,991,2036,1514,1514,1514,1514,1514,1514,1514,1514
1531943829874820402,810,1531943829873337380,,0,1515,1552,1598,1511,1943,2036,991,2036,1514,1514,1514,1514,1514,1514,1514,1514
1531943830287009585,811,1531943830286745653,,0,1515,1552,1624,1511,1943,2036,991,2036,1514,1514,1514,1514,1514,1514,1514,1514
1531943830608300718,812,1531943830607964946,,0,1515,1552,1624,1511,1943,2036,991,2036,1514,1514,1514,1514,1514,1514,1514,1514
1531943830918548211,813,1531943830917993177,,0,1515,1552,1614,1511,1943,2036,991,2036,1514,1514,1514,1514,1514,1514,1514,1514
1531943831225750945,814,1531943831225527172,,0,1515,1552,1576,1511,1943,2036,991,2036,1514,1514,1514,1514,1514,1514,1514,1514
1531943831532119804,815,1531943831531835872,,0,1515,1552,1548,1511,1943,2036,991,2036,1514,1514,1514,1514,1514,1514,1514,1514
1531943831881487849,816,1531943831881260683,,0,1515,1552,1548,1511,1943,2036,991,2036,1514,1514,1514,1514,1514,1514,1514,1514
1531943832177898594,817,1531943832177728388,,0,1515,1552,1548,1511,1943,2036,991,2036,1514,1514,1514,1514,1514,1514,1514,1514
1531943832435632086,818,1531943832435394457,,0,1515,1552,1548,1511,1943,2036,991,2036,1514,1514,1514,1514,1514,1514,1514,1514
1531943832827957663,819,1531943832827710051,,0,1515,1552,1548,1511,1943,2036,991,2036,1514,1514,1514,1514,1514,1514,1514,1514
1531943833168930495,820,1531943833168813345,,0,1515,1552,1548,1511,1943,2036,991,2036,1514,1514,1514,1514,1514,1514,1514,1514
1531943833442586200,821,1531943833440054551,,0,1515,1552,1548,1511,1943,2036,991,2036,1514,1514,1514,1514,1514,1514,1514,1514
1531943833827080489,822,1531943833826747437,,0,1515,1552,1548,1511,1943,2036,991,2036,1514,1514,1514,1514,1514,1514,1514,1514
1531943834123908042,823,1531943834123564526,,0,1515,1552,1548,1511,1943,2036,991,2036,1514,1514,1514,1514,1514,1514,1514,1514
1531943834464639256,824,1531943834464413691,,0,1515,1552,1548,1511,1943,2036,991,2036,1514,1514,1514,1514,1514,1514,1514,1514
1531943834806312955,825,1531943834791256594,,0,1515,1552,1548,1511,1943,2036,991,2036,1514,1514,1514,1514,1514,1514,1514,1514
1531943835018233897,826,1531943835018038155,,0,1515,1552,1548,1511,1943,2036,991,2036,1514,1514,1514,1514,1514,1514,1514,1514
1531943835369008390,827,1531943835368319470,,0,1515,1552,1548,1511,1943,2036,991,2036,1514,1514,1514,1514,1514,1514,1514,1514
1531943835618258036,828,1531943835617997015,,0,1515,1552,1548,1511,1943,2036,991,2036,1514,1514,1514,1514,1514,1514,1514,1514
1531943835940987238,829,1531943835938632130,,0,1515,1552,1548,1511,1943,2036,991,2036,1514,1514,1514,1514,1514,1514,1514,1514
1531943836309018360,830,1531943836308619869,,0,1515,1552,1548,1511,1943,2036,991,2036,1514,1514,1514,1514,1514,1514,1514,1514
1531943836610385268,831,1531943836610171223,,0,1515,1552,1548,1511,1943,2036,991,2036,1514,1514,1514,1514,1514,1514,1514,1514
1531943836961204921,832,1531943836960023879,,0,1515,1552,1548,1511,1943,2036,991,2036,1514,1514,1514,1514,1514,1514,1514,1514
1531943837332709194,833,1531943837332325359,,0,1515,1552,1548,1511,1943,2036,991,2036,1514,1514,1514,1514,1514,1514,1514,1514
1531943837732155114,834,1531943837727635745,,0,1515,1552,1548,1511,1943,2036,991,2036,1514,1514,1514,1514,1514,1514,1514,1514
1531943838023907618,835,1531943838023691396,,0,1515,1552,1548,1511,1943,2036,991,2036,1514,1514,1514,1514,1514,1514,1514,1514
1531943838375966599,836,1531943838375236208,,0,1515,1552,1548,1511,1943,2036,991,2036,1514,1514,1514,1514,1514,1514,1514,1514
1531943838624562478,837,1531943838624304209,,0,1515,1552,1548,1511,1943,2036,991,2036,1514,1514,1514,1514,1514,1514,1514,1514
1531943839050896755,838,1531943839050653942,,0,1515,1552,1548,1511,1943,2036,991,2036,1514,1514,1514,1514,1514,1514,1514,1514
1531943839398199386,839,1531943839393769103,,0,1515,1552,1548,1511,1943,2036,991,2036,1514,1514,1514,1514,1514,1514,1514,1514
1531943839795980256,840,1531943839794911373,,0,1515,1552,1548,1511,1943,2036,991,2036,1514,1514,1514,1514,1514,1514,1514,1514
1531943840077325187,841,1531943840076952071,,0,1515,1552,1548,1511,1943,2036,991,2036,1514,1514,1514,1514,1514,1514,1514,1514
1531943840437726580,842,1531943840436707520,,0,1515,1552,1548,1511,1943,2036,991,2036,1514,1514,1514,1514,1514,1514,1514,1514
1531943840813589482,843,1531943840813271502,,0,1515,1552,1548,1511,1943,2036,991,2036,1514,1514,1514,1514,1514,1514,1514,1514
1531943841142545784,844,1531943841141909024,,0,1515,1552,1548,1511,1943,2036,991,2036,1514,1514,1514,1514,1514,1514,1514,1514
1531943841517132647,845,1531943841516886826,,0,1515,1552,1548,1511,1943,2036,991,2036,1514,1514,1514,1514,1514,1514,1514,1514
1531943841763913492,846,1531943841763442874,,0,1515,1552,1548,1511,1943,2036,991,2036,1514,1514,1514,1514,1514,1514,1514,1514
1531943842075718102,847,1531943842075525688,,0,1515,1552,1548,1511,1943,2036,991,2036,1514,1514,1514,1514,1514,1514,1514,1514
1531943842376974267,848,1531943842376612032,,0,1515,1552,1548,1511,1943,2036,991,2036,1514,1514,1514,1514,1514,1514,1514,1514
1531943842658769802,849,1531943842658600108,,0,1515,1552,1548,1511,1943,2036,991,2036,1514,1514,1514,1514,1514,1514,1514,1514
1531943842907847329,850,1531943842907647876,,0,1515,1552,1548,1511,1943,2036,991,2036,1514,1514,1514,1514,1514,1514,1514,1514
1531943843222137104,851,1531943843221622518,,0,1515,1552,1548,1511,1943,2036,991,2036,1514,1514,1514,1514,1514,1514,1514,1514
1531943843693173549,852,1531943843692662675,,0,1515,1552,1548,1511,1943,2036,991,2036,1514,1514,1514,1514,1514,1514,1514,1514
1531943843975630234,853,1531943843975296734,,0,1515,1552,1548,1511,1943,2036,991,2036,1514,1514,1514,1514,1514,1514,1514,1514
1531943844328679842,854,1531943844328335238,,0,1515,1552,1548,1511,1943,2036,991,2036,1514,1514,1514,1514,1514,1514,1514,1514
1531943844707531863,855,1531943844706824607,,0,1515,1552,1548,1511,1943,2036,991,2036,1514,1514,1514,1514,1514,1514,1514,1514
1531943845025646369,856,1531943845025365957,,0,1515,1552,1548,1511,1943,2036,991,2036,1514,1514,1514,1514,1514,1514,1514,1514
1531943845414009773,857,1531943845413734608,,0,1515,1552,1548,1511,1943,2036,991,2036,1514,1514,1514,1514,1514,1514,1514,1514
1531943845670703802,858,1531943845670541404,,0,1515,1552,1548,1511,1943,2036,991,2036,1514,1514,1514,1514,1514,1514,1514,1514
1531943846051583328,859,1531943846047542448,,0,1515,1552,1548,1511,1943,2036,991,2036,1514,1514,1514,1514,1514,1514,1514,1514
1531943846456382705,860,1531943846456114804,,0,1515,1552,1548,1511,1943,2036,991,2036,1514,1514,1514,1514,1514,1514,1514,1514
1531943846734557476,861,1531943846734354310,,0,1515,1552,1548,1511,1943,2036,991,2036,1514,1514,1514,1514,1514,1514,1514,1514
1531943847101747062,862,1531943847101295228,,0,1515,1552,1548,1511,1943,2036,991,2036,1514,1514,1514,1514,1514,1514,1514,1514
1531943847452365332,863,1531943847451866394,,0,1515,1552,1548,1511,1943,2036,991,2036,1514,1514,1514,1514,1514,1514,1514,1514
1531943847686134268,864,1531943847685958078,,0,1515,1552,1548,1511,1943,2036,991,2036,1514,1514,1514,1514,1514,1514,1514,1514
1531943848093288732,865,1531943848092999967,,0,1515,1552,1548,1511,1943,2036,991,2036,1514,1514,1514,1514,1514,1514,1514,1514
1531943848370880065,866,1531943848370701763,,0,1515,1552,1548,1511,1943,2036,991,2036,1514,1514,1514,1514,1514,1514,1514,1514
1531943848699783847,867,1531943848699314828,,0,1515,1552,1548,1511,1943,2036,991,2036,1514,1514,1514,1514,1514,1514,1514,1514
1531943849008404860,868,1531943849008227998,,0,1515,1552,1548,1511,1943,2036,991,2036,1514,1514,1514,1514,1514,1514,1514,1514
1531943849375395686,869,1531943849375016107,,0,1515,1552,1548,1511,1943,2036,991,2036,1514,1514,1514,1514,1514,1514,1514,1514
1531943849814031168,870,1531943849813458023,,0,1515,1552,1548,1511,1943,2036,991,2036,1514,1514,1514,1514,1514,1514,1514,1514
1531943850154167915,871,1531943850153934926,,0,1515,1552,1548,1511,1943,2036,991,2036,1514,1514,1514,1514,1514,1514,1514,1514
1531943850554300278,872,1531943850553032549,,0,1515,1552,1548,1511,1943,2036,991,2036,1514,1514,1514,1514,1514,1514,1514,1514
1531943850882313525,873,1531943850881953177,,0,1515,1552,1548,1511,1943,2036,991,2036,1514,1514,1514,1514,1514,1514,1514,1514
1531943851168355910,874,1531943851168060617,,0,1515,1552,1548,1511,1943,2036,991,2036,1514,1514,1514,1514,1514,1514,1514,1514
1531943851597377251,875,1531943851590418645,,0,1515,1552,1548,1511,1943,2036,991,2036,1514,1514,1514,1514,1514,1514,1514,1514
1531943851809070819,876,1531943851808769927,,0,1515,1552,1548,1511,1943,2036,991,2036,1514,1514,1514,1514,1514,1514,1514,1514
1531943852108025025,877,1531943852106425364,,0,1515,1552,1548,1511,1943,2036,991,2036,1514,1514,1514,1514,1514,1514,1514,1514
1531943852497637528,878,1531943852497071486,,0,1515,1552,1548,1511,1943,2036,991,2036,1514,1514,1514,1514,1514,1514,1514,1514
1531943852848227898,879,1531943852847937373,,0,1515,1552,1548,1511,1943,2036,991,2036,1514,1514,1514,1514,1514,1514,1514,1514
1531943853172324759,880,1531943853172031258,,0,1515,1552,1548,1511,1943,2036,991,2036,1514,1514,1514,1514,1514,1514,1514,1514
1531943853414547897,881,1531943853409112217,,0,1515,1552,1548,1511,1943,2036,991,2036,1514,1514,1514,1514,1514,1514,1514,1514
1531943853755069880,882,1531943853754885402,,0,1515,1552,1548,1511,1943,2036,991,2036,1514,1514,1514,1514,1514,1514,1514,1514
1531943853987666891,883,1531943853987312463,,0,1515,1552,1548,1511,1943,2036,991,2036,1514,1514,1514,1514,1514,1514,1514,1514
1531943854323675462,884,1531943854323286379,,0,1515,1552,1548,1511,1943,2036,991,2036,1514,1514,1514,1514,1514,1514,1514,1514
1531943854565794127,885,1531943854565374132,,0,1514,1552,1548,1511,1943,2036,991,2036,1514,1514,1514,1514,1514,1514,1514,1514
1531943854902030855,886,1531943854900627032,,0,1514,1552,1548,1511,1943,2036,991,2036,1514,1514,1514,1514,1514,1514,1514,1514
1531943855232176844,887,1531943855231640370,,0,1514,1552,1548,1511,1943,2036,991,2036,1514,1514,1514,1514,1514,1514,1514,1514
1531943855458153142,888,1531943855457626716,,0,1514,1552,1548,1511,1943,2036,991,2036,1514,1514,1514,1514,1514,1514,1514,1514
1531943855770454509,889,1531943855770258544,,0,1514,1552,1548,1511,1943,2036,991,2036,1514,1514,1514,1514,1514,1514,1514,1514
1531943856132556704,890,1531943856132345987,,0,1514,1552,1548,1511,1943,2036,991,2036,1514,1514,1514,1514,1514,1514,1514,1514
1531943856477028229,891,1531943856476745225,,0,1514,1552,1548,1511,1943,2036,991,2036,1514,1514,1514,1514,1514,1514,1514,1514
1531943856896414815,892,1531943856895823910,,0,1514,1552,1548,1511,1943,2036,991,2036,1514,1514,1514,1514,1514,1514,1514,1514
1531943857271015433,893,1531943857270608558,,0,1514,1552,1548,1511,1943,2036,991,2036,1514,1514,1514,1514,1514,1514,1514,1514
1531943857681816496,894,1531943857680841756,,0,1514,1552,1548,1511,1943,2036,991,2036,1514,1514,1514,1514,1514,1514,1514,1514
1531943858041369198,895,1531943858039163848,,0,1514,1552,1548,1511,1943,2036,991,2036,1514,1514,1514,1514,1514,1514,1514,1514
1531943858384390642,896,1531943858384180821,,0,1514,1552,1548,1511,1943,2036,991,2036,1514,1514,1514,1514,1514,1514,1514,1514
1531943858776954997,897,1531943858776601465,,0,1514,1552,1548,1511,1943,2036,991,2036,1514,1514,1514,1514,1514,1514,1514,1514
1531943859137245714,898,1531943859135791843,,0,1514,1552,1548,1511,1943,2036,991,2036,1514,1514,1514,1514,1514,1514,1514,1514
1531943859434215445,899,1531943859434009847,,0,1514,1552,1548,1511,1943,2036,991,2036,1514,1514,1514,1514,1514,1514,1514,1514
1531943859723096629,900,1531943859722636218,,0,1514,1552,1548,1511,1943,2036,991,2036,1514,1514,1514,1514,1514,1514,1514,1514
1531943860113645721,901,1531943860113457051,,0,1514,1552,1548,1511,1943,2036,991,2036,1514,1514,1514,1514,1514,1514,1514,1514
1531943860414450004,902,1531943860414188087,,0,1514,1552,1548,1511,1943,2036,991,2036,1514,1514,1514,1514,1514,1514,1514,1514
1531943860859710849,903,1531943860859519364,,0,1514,1552,1548,1511,1943,2036,991,2036,1514,1514,1514,1514,1514,1514,1514,1514
1531943861213329148,904,1531943861213021727,,0,1514,1552,1548,1511,1943,2036,991,2036,1514,1514,1514,1514,1514,1514,1514,1514
1531943861493089234,905,1531943861492688502,,0,1514,1552,1548,1511,1943,2036,991,2036,1514,1514,1514,1514,1514,1514,1514,1514
1531943861893088470,906,1531943861891425865,,0,1514,1552,1548,1511,1943,2036,991,2036,1514,1514,1514,1514,1514,1514,1514,1514
1531943862359862971,907,1531943862359617662,,0,1514,1552,1548,1511,1943,2036,991,2036,1514,1514,1514,1514,1514,1514,1514,1514
1531943862671315399,908,1531943862671124777,,0,1514,1552,1548,1511,1943,2036,991,2036,1514,1514,1514,1514,1514,1514,1514,1514
1531943863061980000,909,1531943863061628708,,0,1514,1552,1548,1511,1943,2036,991,2036,1514,1514,1514,1514,1514,1514,1514,1514
1531943863389996339,910,1531943863389724118,,0,1514,1552,1548,1511,1943,2036,991,2036,1514,1514,1514,1514,1514,1514,1514,1514
1531943863739835241,911,1531943863739520045,,0,1514,1552,1548,1511,1943,2036,991,2036,1514,1514,1514,1514,1514,1514,1514,1514
1531943864072310442,912,1531943864070062948,,0,1514,1552,1548,1511,1943,2036,991,2036,1514,1514,1514,1514,1514,1514,1514,1514
1531943864476761393,913,1531943864476530675,,0,1514,1552,1548,1511,1943,2036,991,2036,1514,1514,1514,1514,1514,1514,1514,1514
1531943864860303945,914,1531943864860058604,,0,1514,1552,1548,1511,1943,2036,991,2036,1514,1514,1514,1514,1514,1514,1514,1514
1531943865143541129,915,1531943865138943934,,0,1514,1552,1548,1511,1943,2036,991,2036,1514,1514,1514,1514,1514,1514,1514,1514
1531943865444238435,916,1531943865443634793,,0,1514,1552,1548,1511,1943,2036,991,2036,1514,1514,1514,1514,1514,1514,1514,1514
1531943865791068841,917,1531943865790930858,,0,1514,1552,1548,1511,1943,2036,991,2036,1514,1514,1514,1514,1514,1514,1514,1514
1531943866086438177,918,1531943866086206788,,0,1514,1552,1548,1511,1943,2036,991,2036,1514,1514,1514,1514,1514,1514,1514,1514
1531943866407573653,919,1531943866407252889,,0,1514,1552,1548,1511,1943,2036,991,2036,1514,1514,1514,1514,1514,1514,1514,1514
1531943866850983820,920,1531943866850667919,,0,1514,1552,1548,1511,1943,2036,991,2036,1514,1514,1514,1514,1514,1514,1514,1514
1531943867180372708,921,1531943867173867215,,0,1514,1552,1548,1511,1943,2036,991,2036,1514,1514,1514,1514,1514,1514,1514,1514
1531943867511163344,922,1531943867509965661,,0,1514,1552,1548,1511,1943,2036,991,2036,1514,1514,1514,1514,1514,1514,1514,1514
1531943867881041050,923,1531943867879601643,,0,1514,1552,1548,1511,1943,2036,991,2036,1514,1514,1514,1514,1514,1514,1514,1514
1531943868347966768,924,1531943868347798642,,0,1514,1552,1548,1511,1943,2036,991,2036,1514,1514,1514,1514,1514,1514,1514,1514
1531943868607713807,925,1531943868607214484,,0,1514,1552,1548,1511,1943,2036,991,2036,1514,1514,1514,1514,1514,1514,1514,1514
1531943869036871160,926,1531943869036638331,,0,1514,1552,1548,1511,1943,2036,991,2036,1514,1514,1514,1514,1514,1514,1514,1514
1531943869285922358,927,1531943869285452411,,0,1514,1552,1548,1511,1943,2036,991,2036,1514,1514,1514,1514,1514,1514,1514,1514
1531943869633796681,928,1531943869633175664,,0,1514,1552,1548,1511,1943,2036,991,2036,1514,1514,1514,1514,1514,1514,1514,1514
1531943869963329101,929,1531943869963098000,,0,1514,1552,1548,1511,1943,2036,991,2036,1514,1514,1514,1514,1514,1514,1514,1514
1531943870294239464,930,1531943870293547952,,0,1514,1552,1548,1511,1943,2036,991,2036,1514,1514,1514,1514,1514,1514,1514,1514
1531943870739166988,931,1531943870738949871,,0,1514,1552,1548,1511,1943,2036,991,2036,1514,1514,1514,1514,1514,1514,1514,1514
1531943871050848900,932,1531943871050568583,,0,1514,1552,1548,1511,1943,2036,991,2036,1514,1514,1514,1514,1514,1514,1514,1514
1531943871420470380,933,1531943871420128336,,0,1514,1552,1548,1511,1943,2036,991,2036,1514,1514,1514,1514,1514,1514,1514,1514
1531943871770981134,934,1531943871770644913,,0,1514,1552,1548,1511,1943,2036,991,2036,1514,1514,1514,1514,1514,1514,1514,1514
1531943872156341573,935,1531943872154393211,,0,1514,1552,1548,1511,1943,2036,991,2036,1514,1514,1514,1514,1514,1514,1514,1514
1531943872451177159,936,1531943872450917034,,0,1514,1552,1548,1511,1943,2036,991,2036,1514,1514,1514,1514,1514,1514,1514,1514
1531943872735416866,937,1531943872734140848,,0,1514,1552,1548,1511,1943,2036,991,2036,1514,1514,1514,1514,1514,1514,1514,1514
1531943873035541929,938,1531943873035083022,,0,1514,1552,1548,1511,1943,2036,991,2036,1514,1514,1514,1514,1514,1514,1514,1514
1531943873383688689,939,1531943873383317077,,0,1514,1552,1548,1511,1943,2036,991,2036,1514,1514,1514,1514,1514,1514,1514,1514
1531943873740537078,940,1531943873735083796,,0,1514,1552,1548,1511,1943,2036,991,2036,1514,1514,1514,1514,1514,1514,1514,1514
1531943874123720786,941,1531943874123256760,,0,1514,1552,1548,1511,1943,2036,991,2036,1514,1514,1514,1514,1514,1514,1514,1514
1531943874522657953,942,1531943874522289349,,0,1514,1552,1548,1511,1943,2036,991,2036,1514,1514,1514,1514,1514,1514,1514,1514
1531943874870288021,943,1531943874870023480,,0,1514,1552,1548,1511,1943,2036,991,2036,1514,1514,1514,1514,1514,1514,1514,1514
1531943875255950942,944,1531943875255688545,,0,1514,1552,1548,1511,1943,2036,991,2036,1514,1514,1514,1514,1514,1514,1514,1514
1531943875628360959,945,1531943875624710952,,0,1514,1552,1548,1511,1943,2036,991,2036,1514,1514,1514,1514,1514,1514,1514,1514
1531943876085764318,946,1531943876085557184,,0,1514,1552,1548,1511,1943,2036,991,2036,1514,1514,1514,1514,1514,1514,1514,1514
1531943876425827476,947,1531943876419521755,,0,1514,1552,1548,1511,1943,2036,991,2036,1514,1514,1514,1514,1514,1514,1514,1514
1531943876738402881,948,1531943876738042373,,0,1514,1552,1548,1511,1943,2036,991,2036,1514,1514,1514,1514,1514,1514,1514,1514
1531943877106840824,949,1531943877106574875,,0,1514,1552,1548,1511,1943,2036,991,2036,1514,1514,1514,1514,1514,1514,1514,1514
1531943877459671236,950,1531943877454905306,,0,1514,1552,1548,1511,1943,2036,991,2036,1514,1514,1514,1514,1514,1514,1514,1514
1531943877769958929,951,1531943877769799186,,0,1514,1552,1548,1511,1943,2036,991,2036,1514,1514,1514,1514,1514,1514,1514,1514
1531943878131738490,952,1531943878131404093,,0,1514,1552,1548,1511,1943,2036,991,2036,1514,1514,1514,1514,1514,1514,1514,1514
1531943878511324029,953,1531943878511086560,,0,1514,1552,1548,1511,1943,2036,991,2036,1514,1514,1514,1514,1514,1514,1514,1514
1531943878879108325,954,1531943878878865672,,0,1514,1552,1548,1511,1943,2036,991,2036,1514,1514,1514,1514,1514,1514,1514,1514
1531943879167575728,955,1531943879166457085,,0,1514,1552,1548,1511,1943,2036,991,2036,1514,1514,1514,1514,1514,1514,1514,1514
1531943879473905908,956,1531943879471497135,,0,1514,1552,1548,1511,1943,2036,991,2036,1514,1514,1514,1514,1514,1514,1514,1514
1531943879831905682,957,1531943879831452503,,0,1514,1552,1548,1511,1943,2036,991,2036,1514,1514,1514,1514,1514,1514,1514,1514
1531943880077028457,958,1531943880076798731,,0,1514,1552,1548,1511,1943,2036,991,2036,1514,1514,1514,1514,1514,1514,1514,1514
1531943880458013673,959,1531943880456358364,,0,1514,1552,1548,1511,1943,2036,991,2036,1514,1514,1514,1514,1514,1514,1514,1514
1531943880806754356,960,1531943880806567638,,0,1514,1552,1548,1511,1943,2036,991,2036,1514,1514,1514,1514,1514,1514,1514,1514
1531943881187139646,961,1531943881186689699,,0,1514,1552,1548,1511,1943,2036,991,2036,1514,1514,1514,1514,1514,1514,1514,1514
1531943881541942442,962,1531943881538757358,,0,1514,1552,1548,1511,1943,2036,991,2036,1514,1514,1514,1514,1514,1514,1514,1514
1531943881891548177,963,1531943881890779034,,0,1514,1552,1548,1511,1943,2036,991,2036,1514,1514,1514,1514,1514,1514,1514,1514
1531943882238542042,964,1531943882238322428,,0,1514,1552,1548,1511,1943,2036,991,2036,1514,1514,1514,1514,1514,1514,1514,1514
1531943882576749031,965,1531943882576401739,,0,1514,1552,1548,1511,1943,2036,991,2036,1514,1514,1514,1514,1514,1514,1514,1514
1531943882884130702,966,1531943882880962577,,0,1514,1552,1548,1511,1943,2036,991,2036,1514,1514,1514,1514,1514,1514,1514,1514
1531943883232542668,967,1531943883232240239,,0,1514,1552,1548,1511,1943,2036,991,2036,1514,1514,1514,1514,1514,1514,1514,1514
1531943883535437065,968,1531943883535091949,,0,1514,1552,1548,1511,1943,2036,991,2036,1514,1514,1514,1514,1514,1514,1514,1514
1531943883832149997,969,1531943883831632530,,0,1514,1552,1548,1511,1943,2036,991,2036,1514,1514,1514,1514,1514,1514,1514,1514
1531943884070673181,970,1531943884070288321,,0,1514,1552,1548,1511,1943,2036,991,2036,1514,1514,1514,1514,1514,1514,1514,1514
1531943884337318133,971,1531943884337111991,,0,1514,1552,1548,1511,1943,2036,991,2036,1514,1514,1514,1514,1514,1514,1514,1514
1531943884714187419,972,1531943884707236873,,0,1514,1552,1548,1511,1943,2036,991,2036,1514,1514,1514,1514,1514,1514,1514,1514
1531943884966669938,973,1531943884966078648,,0,1514,1552,1548,1511,1943,2036,991,2036,1514,1514,1514,1514,1514,1514,1514,1514
1531943885277677278,974,1531943885277369218,,0,1514,1552,1548,1511,1943,2036,991,2036,1514,1514,1514,1514,1514,1514,1514,1514
1531943885731292691,975,1531943885731065493,,0,1514,1552,1548,1511,1943,2036,991,2036,1514,1514,1514,1514,1514,1514,1514,1514
1531943885970507042,976,1531943885970215365,,0,1514,1552,1548,1511,1943,2036,991,2036,1514,1514,1514,1514,1514,1514,1514,1514
1531943886420620835,977,1531943886420178888,,0,1514,1552,1548,1511,1943,2036,991,2036,1514,1514,1514,1514,1514,1514,1514,1514
1531943886669380748,978,1531943886669186702,,0,1514,1552,1548,1511,1943,2036,991,2036,1514,1514,1514,1514,1514,1514,1514,1514
1531943887085792935,979,1531943887085552362,,0,1514,1552,1548,1511,1943,2036,991,2036,1514,1514,1514,1514,1514,1514,1514,1514
1531943887402144482,980,1531943887401330507,,0,1514,1552,1548,1511,1943,2036,991,2036,1514,1514,1514,1514,1514,1514,1514,1514
1531943887721027201,981,1531943887720527143,,0,1514,1552,1548,1511,1943,2036,991,2036,1514,1514,1514,1514,1514,1514,1514,1514
1531943888171034253,982,1531943888170773072,,0,1514,1552,1548,1511,1943,2036,991,2036,1514,1514,1514,1514,1514,1514,1514,1514
1531943888569041153,983,1531943888565121164,,0,1514,1552,1548,1511,1943,2036,991,2036,1514,1514,1514,1514,1514,1514,1514,1514
1531943888824612741,984,1531943888824404359,,0,1514,1552,1548,1511,1943,2036,991,2036,1514,1514,1514,1514,1514,1514,1514,1514
1531943889211232346,985,1531943889210609537,,0,1514,1552,1548,1511,1943,2036,991,2036,1514,1514,1514,1514,1514,1514,1514,1514
1531943889609477488,986,1531943889609309266,,0,1514,1552,1548,1511,1943,2036,991,2036,1514,1514,1514,1514,1514,1514,1514,1514
1531943890022823839,987,1531943890022679969,,0,1514,1552,1548,1511,1943,2036,991,2036,1514,1514,1514,1514,1514,1514,1514,1514
1531943890364166388,988,1531943890363914455,,0,1514,1552,1548,1511,1943,2036,991,2036,1514,1514,1514,1514,1514,1514,1514,1514
1531943890781989849,989,1531943890781555326,,0,1514,1552,1548,1511,1943,2036,991,2036,1514,1514,1514,1514,1514,1514,1514,1514
1531943891191162433,990,1531943891190885508,,0,1514,1552,1548,1511,1943,2036,991,2036,1514,1514,1514,1514,1514,1514,1514,1514
1531943891549164258,991,1531943891547965135,,0,1514,1552,1548,1511,1943,2036,991,2036,1514,1514,1514,1514,1514,1514,1514,1514
1531943891812722810,992,1531943891810816463,,0,1514,1552,1548,1511,1943,2036,991,2036,1514,1514,1514,1514,1514,1514,1514,1514
1531943892166868745,993,1531943892166682795,,0,1514,1552,1548,1511,1943,2036,991,2036,1514,1514,1514,1514,1514,1514,1514,1514
1531943892535141726,994,1531943892534974048,,0,1514,1552,1548,1511,1943,2036,991,2036,1514,1514,1514,1514,1514,1514,1514,1514
1531943892882403516,995,1531943892877096247,,0,1514,1552,1548,1511,1943,2036,991,2036,1514,1514,1514,1514,1514,1514,1514,1514
1531943893276344986,996,1531943893275877087,,0,1514,1552,1548,1511,1943,2036,991,2036,1514,1514,1514,1514,1514,1514,1514,1514
1531943893543269940,997,1531943893543065943,,0,1514,1552,1548,1511,1943,2036,991,2036,1514,1514,1514,1514,1514,1514,1514,1514
1531943893896304727,998,1531943893895847165,,0,1514,1552,1548,1511,1943,2036,991,2036,1514,1514,1514,1514,1514,1514,1514,1514
1531943894230417967,999,1531943894229870805,,0,1514,1552,1548,1511,1943,2036,991,2036,1514,1514,1514,1514,1514,1514,1514,1514
1531943894516110559,1000,1531943894512908290,,0,1514,1552,1548,1511,1943,2036,991,2036,1514,1514,1514,1514,1514,1514,1514,1514
1531943894857971971,1001,1531943894857726821,,0,1514,1552,1548,1511,1943,2036,991,2036,1514,1514,1514,1514,1514,1514,1514,1514
1531943895255369925,1002,1531943895254984202,,0,1514,1552,1548,1511,1943,2036,991,2036,1514,1514,1514,1514,1514,1514,1514,1514
1531943895696804837,1003,1531943895696052141,,0,1514,1552,1548,1511,1943,2036,991,2036,1514,1514,1514,1514,1514,1514,1514,1514
1531943896009464048,1004,1531943896009186771,,0,1514,1552,1548,1511,1943,2036,991,2036,1514,1514,1514,1514,1514,1514,1514,1514
1531943896338224588,1005,1531943896338005839,,0,1514,1552,1548,1511,1943,2036,991,2036,1514,1514,1514,1514,1514,1514,1514,1514
1531943896724635471,1006,1531943896724125236,,0,1514,1552,1548,1511,1943,2036,991,2036,1514,1514,1514,1514,1514,1514,1514,1514
1531943897103138602,1007,1531943897099393395,,0,1514,1552,1548,1511,1943,2036,991,2036,1514,1514,1514,1514,1514,1514,1514,1514
1531943897533516366,1008,1531943897533361040,,0,1514,1552,1548,1511,1943,2036,991,2036,1514,1514,1514,1514,1514,1514,1514,1514
1531943897922291356,1009,1531943897917946188,,0,1514,1552,1548,1511,1943,2036,991,2036,1514,1514,1514,1514,1514,1514,1514,1514
1531943898220136693,1010,1531943898218328009,,0,1514,1552,1548,1511,1943,2036,991,2036,1514,1514,1514,1514,1514,1514,1514,1514
1531943898538681324,1011,1531943898538441647,,0,1514,1552,1548,1511,1943,2036,991,2036,1514,1514,1514,1514,1514,1514,1514,1514
1531943898978184339,1012,1531943898977956629,,0,1514,1552,1548,1511,1943,2036,991,2036,1514,1514,1514,1514,1514,1514,1514,1514
1531943899262234760,1013,1531943899261403282,,0,1514,1552,1548,1511,1943,2036,991,2036,1514,1514,1514,1514,1514,1514,1514,1514
1531943899641476587,1014,1531943899641254733,,0,1514,1552,1548,1511,1943,2036,991,2036,1514,1514,1514,1514,1514,1514,1514,1514
1531943899972279392,1015,1531943899971968899,,0,1514,1552,1548,1511,1943,2036,991,2036,1514,1514,1514,1514,1514,1514,1514,1514
1531943900326307771,1016,1531943900325068425,,0,1514,1552,1548,1511,1943,2036,991,2036,1514,1514,1514,1514,1514,1514,1514,1514
1531943900665212509,1017,1531943900664703906,,0,1514,1552,1548,1511,1943,2036,991,2036,1514,1514,1514,1514,1514,1514,1514,1514
1531943901091051880,1018,1531943901090779466,,0,1514,1552,1548,1511,1943,2036,991,2036,1514,1514,1514,1514,1514,1514,1514,1514
1531943901426709009,1019,1531943901425966074,,0,1514,1552,1548,1511,1943,2036,991,2036,1514,1514,1514,1514,1514,1514,1514,1514
1531943901751273173,1020,1531943901750823514,,0,1514,1552,1548,1511,1943,2036,991,2036,1514,1514,1514,1514,1514,1514,1514,1514
1531943902082309298,1021,1531943902080517478,,0,1514,1552,1548,1511,1943,2036,991,2036,1514,1514,1514,1514,1514,1514,1514,1514
1531943902432720319,1022,1531943902422866762,,0,1514,1552,1548,1511,1943,2036,991,2036,1514,1514,1514,1514,1514,1514,1514,1514
1531943902725208100,1023,1531943902713691970,,0,1514,1552,1548,1511,1943,2036,991,2036,1514,1514,1514,1514,1514,1514,1514,1514
1531943903010633559,1024,1531943903010132316,,0,1514,1552,1548,1511,1943,2036,991,2036,1514,1514,1514,1514,1514,1514,1514,1514
1531943903432311007,1025,1531943903432087393,,0,1514,1552,1548,1511,1943,2036,991,2036,1514,1514,1514,1514,1514,1514,1514,1514
1531943903736552456,1026,1531943903735551251,,0,1514,1552,1548,1511,1943,2036,991,2036,1514,1514,1514,1514,1514,1514,1514,1514
1531943904128258330,1027,1531943904127932253,,0,1514,1552,1548,1511,1943,2036,991,2036,1514,1514,1514,1514,1514,1514,1514,1514
1531943904428449108,1028,1531943904428203830,,0,1514,1552,1548,1511,1943,2036,991,2036,1514,1514,1514,1514,1514,1514,1514,1514
1531943904877780693,1029,1531943904877495000,,0,1514,1552,1548,1511,1943,2036,991,2036,1514,1514,1514,1514,1514,1514,1514,1514
1531943905172002706,1030,1531943905171649462,,0,1514,1552,1548,1511,1943,2036,991,2036,1514,1514,1514,1514,1514,1514,1514,1514
1531943905582961946,1031,1531943905582569471,,0,1514,1552,1548,1511,1943,2036,991,2036,1514,1514,1514,1514,1514,1514,1514,1514
1531943905917223141,1032,1531943905910105170,,0,1514,1552,1548,1511,1943,2036,991,2036,1514,1514,1514,1514,1514,1514,1514,1514
1531943906228118577,1033,1531943906227876596,,0,1514,1552,1548,1511,1943,2036,991,2036,1514,1514,1514,1514,1514,1514,1514,1514
1531943906607556566,1034,1531943906607299449,,0,1514,1552,1548,1511,1943,2036,991,2036,1514,1514,1514,1514,1514,1514,1514,1514
1531943906984822418,1035,1531943906983469601,,0,1514,1552,1548,1511,1943,2036,991,2036,1514,1514,1514,1514,1514,1514,1514,1514
1531943907338264375,1036,1531943907338051289,,0,1514,1552,1548,1511,1943,2036,991,2036,1514,1514,1514,1514,1514,1514,1514,1514
1531943907680276599,1037,1531943907679872508,,0,1514,1552,1548,1511,1943,2036,991,2036,1514,1514,1514,1514,1514,1514,1514,1514
1531943908057842774,1038,1531943908057557818,,0,1514,1552,1548,1511,1943,2036,991,2036,1514,1514,1514,1514,1514,1514,1514,1514
1531943908454356716,1039,1531943908454184462,,0,1514,1552,1548,1511,1943,2036,991,2036,1514,1514,1514,1514,1514,1514,1514,1514
1531943908781772783,1040,1531943908781515185,,0,1514,1552,1548,1511,1943,2036,991,2036,1514,1514,1514,1514,1514,1514,1514,1514
1531943909072903068,1041,1531943909072558943,,0,1514,1552,1548,1511,1943,2036,991,2036,1514,1514,1514,1514,1514,1514,1514,1514
1531943909479439114,1042,1531943909474746461,,0,1514,1552,1548,1511,1943,2036,991,2036,1514,1514,1514,1514,1514,1514,1514,1514
1531943909874232409,1043,1531943909873915068,,0,1514,1552,1548,1511,1943,2036,991,2036,1514,1514,1514,1514,1514,1514,1514,1514
1531943910245051501,1044,1531943910244612978,,0,1514,1552,1548,1511,1943,2036,991,2036,1514,1514,1514,1514,1514,1514,1514,1514
1531943910612762884,1045,1531943910612538279,,0,1514,1552,1548,1511,1943,2036,991,2036,1514,1514,1514,1514,1514,1514,1514,1514
1531943910916007029,1046,1531943910915791319,,0,1514,1552,1548,1511,1943,2036,991,2036,1514,1514,1514,1514,1514,1514,1514,1514
1531943911249793247,1047,1531943911249520322,,0,1514,1552,1548,1511,1943,2036,991,2036,1514,1514,1514,1514,1514,1514,1514,1514
1531943911669720200,1048,1531943911669109486,,0,1514,1552,1548,1511,1943,2036,991,2036,1514,1514,1514,1514,1514,1514,1514,1514
1531943912008435326,1049,1531943912003279189,,0,1514,1552,1548,1511,1943,2036,991,2036,1514,1514,1514,1514,1514,1514,1514,1514
1531943912413650346,1050,1531943912413384397,,0,1514,1552,1548,1511,1943,2036,991,2036,1514,1514,1514,1514,1514,1514,1514,1514
1531943912737264743,1051,1531943912736783948,,0,1514,1552,1548,1511,1943,2036,991,2036,1514,1514,1514,1514,1514,1514,1514,1514
1531943913046504223,1052,1531943913045012719,,0,1514,1552,1548,1511,1943,2036,991,2036,1514,1514,1514,1514,1514,1514,1514,1514
1531943913350639889,1053,1531943913350127863,,0,1514,1552,1548,1511,1943,2036,991,2036,1514,1514,1514,1514,1514,1514,1514,1514
1531943913676728343,1054,1531943913676539737,,0,1514,1552,1548,1511,1943,2036,991,2036,1514,1514,1514,1514,1514,1514,1514,1514
1531943914013054350,1055,1531943914012435477,,0,1514,1552,1548,1511,1943,2036,991,2036,1514,1514,1514,1514,1514,1514,1514,1514
1531943914352659495,1056,1531943914352263243,,0,1514,1552,1548,1511,1943,2036,991,2036,1514,1514,1514,1514,1514,1514,1514,1514
1531943914727271015,1057,1531943914726928011,,0,1514,1552,1548,1511,1943,2036,991,2036,1514,1514,1514,1514,1514,1514,1514,1514
1531943915071455984,1058,1531943915071181779,,0,1514,1552,1548,1511,1943,2036,991,2036,1514,1514,1514,1514,1514,1514,1514,1514
1531943915360742058,1059,1531943915360191312,,0,1514,1552,1548,1511,1943,2036,991,2036,1514,1514,1514,1514,1514,1514,1514,1514
1531943915774384427,1060,1531943915774202860,,0,1514,1552,1548,1511,1943,2036,991,2036,1514,1514,1514,1514,1514,1514,1514,1514
1531943916108216103,1061,1531943916107985385,,0,1514,1552,1548,1511,1943,2036,991,2036,1514,1514,1514,1514,1514,1514,1514,1514
1531943916356150113,1062,1531943916355657958,,0,1514,1552,1548,1511,1943,2036,991,2036,1514,1514,1514,1514,1514,1514,1514,1514
1531943916709484720,1063,1531943916709180883,,0,1514,1552,1548,1511,1943,2036,991,2036,1514,1514,1514,1514,1514,1514,1514,1514
1531943917027292572,1064,1531943917027121374,,0,1514,1552,1548,1511,1943,2036,991,2036,1514,1514,1514,1514,1514,1514,1514,1514
1531943917347562961,1065,1531943917347049366,,0,1514,1552,1548,1511,1943,2036,991,2036,1514,1514,1514,1514,1514,1514,1514,1514
1531943917699592145,1066,1531943917699063959,,0,1514,1552,1548,1511,1943,2036,991,2036,1514,1514,1514,1514,1514,1514,1514,1514
1531943917972150726,1067,1531943917971989256,,0,1514,1552,1548,1511,1943,2036,991,2036,1514,1514,1514,1514,1514,1514,1514,1514
1531943918301340511,1068,1531943918301051202,,0,1514,1552,1548,1511,1943,2036,991,2036,1514,1514,1514,1514,1514,1514,1514,1514
1531943918654477367,1069,1531943918650997852,,0,1514,1552,1548,1511,1943,2036,991,2036,1514,1514,1514,1514,1514,1514,1514,1514
1531943918925267010,1070,1531943918922416800,,0,1514,1552,1548,1511,1943,2036,991,2036,1514,1514,1514,1514,1514,1514,1514,1514
1531943919258231381,1071,1531943919257332799,,0,1514,1552,1548,1511,1943,2036,991,2036,1514,1514,1514,1514,1514,1514,1514,1514
1531943919586876280,1072,1531943919586690938,,0,1514,1552,1548,1511,1943,2036,991,2036,1514,1514,1514,1514,1514,1514,1514,1514
1531943920009546124,1073,1531943920008685877,,0,1514,1552,1548,1511,1943,2036,991,2036,1514,1514,1514,1514,1514,1514,1514,1514
1531943920330968705,1074,1531943920330227369,,0,1514,1552,1548,1511,1943,2036,991,2036,1514,1514,1514,1514,1514,1514,1514,1514
1531943920769520370,1075,1531943920766816975,,0,1514,1552,1548,1511,1943,2036,991,2036,1514,1514,1514,1514,1514,1514,1514,1514
1531943921005835828,1076,1531943921005625750,,0,1514,1552,1548,1511,1943,2036,991,2036,1514,1514,1514,1514,1514,1514,1514,1514
1531943921326956015,1077,1531943921325287745,,0,1514,1552,1548,1511,1943,2036,991,2036,1514,1514,1514,1514,1514,1514,1514,1514
1531943921714121130,1078,1531943921709110367,,0,1514,1552,1548,1511,1943,2036,991,2036,1514,1514,1514,1514,1514,1514,1514,1514
1531943921990380708,1079,1531943921990027464,,0,1514,1552,1548,1511,1943,2036,991,2036,1514,1514,1514,1514,1514,1514,1514,1514
1531943922332584962,1080,1531943922331235153,,0,1514,1552,1548,1511,1943,2036,991,2036,1514,1514,1514,1514,1514,1514,1514,1514
1531943922710046568,1081,1531943922709766219,,0,1514,1552,1548,1511,1943,2036,991,2036,1514,1514,1514,1514,1514,1514,1514,1514
1531943923007250855,1082,1531943923007041417,,0,1514,1552,1548,1511,1943,2036,991,2036,1514,1514,1514,1514,1514,1514,1514,1514
1531943923391249515,1083,1531943923390652146,,0,1514,1552,1548,1511,1943,2036,991,2036,1514,1514,1514,1514,1514,1514,1514,1514
1531943923711033308,1084,1531943923710880382,,0,1514,1552,1548,1511,1943,2036,991,2036,1514,1514,1514,1514,1514,1514,1514,1514
1531943924050970295,1085,1531943924050698778,,0,1514,1552,1548,1511,1943,2036,991,2036,1514,1514,1514,1514,1514,1514,1514,1514
1531943924491792803,1086,1531943924491474566,,0,1514,1552,1548,1511,1943,2036,991,2036,1514,1514,1514,1514,1514,1514,1514,1514
1531943924888963456,1087,1531943924888662851,,0,1514,1552,1548,1511,1943,2036,991,2036,1514,1514,1514,1514,1514,1514,1514,1514
1531943925230174996,1088,1531943925229830327,,0,1514,1552,1548,1511,1943,2036,991,2036,1514,1514,1514,1514,1514,1514,1514,1514
1531943925591244566,1089,1531943925590702684,,0,1514,1552,1548,1511,1943,2036,991,2036,1514,1514,1514,1514,1514,1514,1514,1514
1531943925975581889,1090,1531943925974140785,,0,1514,1552,1548,1511,1943,2036,991,2036,1514,1514,1514,1514,1514,1514,1514,1514
1531943926405147280,1091,1531943926401780340,,0,1514,1552,1548,1511,1943,2036,991,2036,1514,1514,1514,1514,1514,1514,1514,1514
1531943926657465689,1092,1531943926657142205,,0,1514,1552,1548,1511,1943,2036,991,2036,1514,1514,1514,1514,1514,1514,1514,1514
1531943927050381518,1093,1531943927050032434,,0,1514,1552,1548,1511,1943,2036,991,2036,1514,1514,1514,1514,1514,1514,1514,1514
1531943927355692136,1094,1531943927355473418,,0,1514,1552,1548,1511,1943,2036,991,2036,1514,1514,1514,1514,1514,1514,1514,1514
1531943927693164109,1095,1531943927692880624,,0,1514,1552,1548,1511,1943,2036,991,2036,1514,1514,1514,1514,1514,1514,1514,1514
1531943928040158893,1096,1531943928039391029,,0,1514,1552,1548,1511,1943,2036,991,2036,1514,1514,1514,1514,1514,1514,1514,1514
1531943928334663037,1097,1531943928333025838,,0,1514,1552,1548,1511,1943,2036,991,2036,1514,1514,1514,1514,1514,1514,1514,1514
1531943928653375340,1098,1531943928652930801,,0,1514,1552,1548,1511,1943,2036,991,2036,1514,1514,1514,1514,1514,1514,1514,1514
1531943929065395135,1099,1531943929065073571,,0,1514,1552,1548,1511,1943,2036,991,2036,1514,1514,1514,1514,1514,1514,1514,1514
1531943929336326380,1100,1531943929335411222,,0,1514,1552,1548,1511,1943,2036,991,2036,1514,1514,1514,1514,1514,1514,1514,1514
1531943929615886205,1101,1531943929615526433,,0,1514,1552,1548,1511,1943,2036,991,2036,1514,1514,1514,1514,1514,1514,1514,1514
1531943930013806986,1102,1531943930012811060,,0,1514,1552,1548,1511,1943,2036,991,2036,1514,1514,1514,1514,1514,1514,1514,1514
1531943930329109444,1103,1531943930328805800,,0,1514,1552,1548,1511,1943,2036,991,2036,1514,1514,1514,1514,1514,1514,1514,1514
1531943930619103178,1104,1531943930617230878,,0,1514,1552,1548,1511,1943,2036,991,2036,1514,1514,1514,1514,1514,1514,1514,1514
1531943930891978373,1105,1531943930891194958,,0,1514,1552,1548,1511,1943,2036,991,2036,1514,1514,1514,1514,1514,1514,1514,1514
1531943931248272561,1106,1531943931248056372,,0,1514,1552,1548,1511,1943,2036,991,2036,1514,1514,1514,1514,1514,1514,1514,1514
1531943931589334463,1107,1531943931589073730,,0,1514,1552,1548,1511,1943,2036,991,2036,1514,1514,1514,1514,1514,1514,1514,1514
1531943931873220105,1108,1531943931872785934,,0,1514,1552,1548,1511,1943,2036,991,2036,1514,1514,1514,1514,1514,1514,1514,1514
1531943932254737263,1109,1531943932254332659,,0,1514,1552,1548,1511,1943,2036,991,2036,1514,1514,1514,1514,1514,1514,1514,1514
1531943932619226441,1110,1531943932612128468,,0,1514,1552,1548,1511,1943,2036,991,2036,1514,1514,1514,1514,1514,1514,1514,1514
1531943932965898176,1111,1531943932965660098,,0,1514,1552,1548,1511,1943,2036,991,2036,1514,1514,1514,1514,1514,1514,1514,1514
1531943933268855398,1112,1531943933268612105,,0,1514,1552,1548,1511,1943,2036,991,2036,1514,1514,1514,1514,1514,1514,1514,1514
1531943933607093818,1113,1531943933606398721,,0,1514,1552,1548,1511,1943,2036,991,2036,1514,1514,1514,1514,1514,1514,1514,1514
1531943933830352809,1114,1531943933828932184,,0,1514,1552,1548,1511,1943,2036,991,2036,1514,1514,1514,1514,1514,1514,1514,1514
1531943934257110201,1115,1531943934255586633,,0,1514,1552,1548,1511,1943,2036,991,2036,1514,1514,1514,1514,1514,1514,1514,1514
1531943934473517106,1116,1531943934473196661,,0,1514,1552,1548,1511,1943,2036,991,2036,1514,1514,1514,1514,1514,1514,1514,1514
1531943934795726929,1117,1531943934795231382,,0,1514,1552,1548,1511,1943,2036,991,2036,1514,1514,1514,1514,1514,1514,1514,1514
1531943935006983424,1118,1531943935004173085,,0,1514,1552,1548,1511,1943,2036,991,2036,1514,1514,1514,1514,1514,1514,1514,1514
1531943935318630641,1119,1531943935317949336,,0,1514,1552,1548,1511,1943,2036,991,2036,1514,1514,1514,1514,1514,1514,1514,1514
1531943935772556842,1120,1531943935772337132,,0,1514,1552,1548,1511,1943,2036,991,2036,1514,1514,1514,1514,1514,1514,1514,1514
1531943936066481846,1121,1531943936066149402,,0,1514,1552,1548,1511,1943,2036,991,2036,1514,1514,1514,1514,1514,1514,1514,1514
1531943936512941922,1122,1531943936512400488,,0,1514,1552,1548,1511,1943,2036,991,2036,1514,1514,1514,1514,1514,1514,1514,1514
1531943936881249156,1123,1531943936869449184,,0,1514,1552,1548,1511,1943,2036,991,2036,1514,1514,1514,1514,1514,1514,1514,1514
1531943937257820465,1124,1531943937257642739,,0,1514,1552,1548,1511,1943,2036,991,2036,1514,1514,1514,1514,1514,1514,1514,1514
1531943937572182509,1125,1531943937568961263,,0,1514,1552,1548,1511,1943,2036,991,2036,1514,1514,1514,1514,1514,1514,1514,1514
1531943937888362358,1126,1531943937888050073,,0,1514,1552,1548,1511,1943,2036,991,2036,1514,1514,1514,1514,1514,1514,1514,1514
1531943938200702217,1127,1531943938200411212,,0,1514,1552,1548,1511,1943,2036,991,2036,1514,1514,1514,1514,1514,1514,1514,1514
1531943938481382378,1128,1531943938475709029,,0,1514,1552,1548,1511,1943,2036,991,2036,1514,1514,1514,1514,1514,1514,1514,1514
1531943938793413410,1129,1531943938793179332,,0,1514,1552,1548,1511,1943,2036,991,2036,1514,1514,1514,1514,1514,1514,1514,1514
1531943939119646598,1130,1531943939119389672,,0,1514,1552,1548,1511,1943,2036,991,2036,1514,1514,1514,1514,1514,1514,1514,1514
1531943939461916868,1131,1531943939461566920,,0,1514,1552,1548,1511,1943,2036,991,2036,1514,1514,1514,1514,1514,1514,1514,1514
1531943939874752991,1132,1531943939874544706,,0,1514,1552,1548,1511,1943,2036,991,2036,1514,1514,1514,1514,1514,1514,1514,1514
1531943940214988533,1133,1531943940214671928,,0,1514,1552,1548,1511,1943,2036,991,2036,1514,1514,1514,1514,1514,1514,1514,1514
1531943940624656980,1134,1531943940624436343,,0,1514,1552,1548,1511,1943,2036,991,2036,1514,1514,1514,1514,1514,1514,1514,1514
1531943940930935310,1135,1531943940930605618,,0,1514,1552,1548,1511,1943,2036,991,2036,1514,1514,1514,1514,1514,1514,1514,1514
1531943941207812222,1136,1531943941207268772,,0,1514,1552,1548,1511,1943,2036,991,2036,1514,1514,1514,1514,1514,1514,1514,1514
1531943941613678826,1137,1531943941612179418,,0,1514,1552,1548,1511,1943,2036,991,2036,1514,1514,1514,1514,1514,1514,1514,1514
1531943941912166297,1138,1531943941911858172,,0,1514,1552,1548,1511,1943,2036,991,2036,1514,1514,1514,1514,1514,1514,1514,1514
1531943942403923239,1139,1531943942403120463,,0,1514,1552,1548,1511,1943,2036,991,2036,1514,1514,1514,1514,1514,1514,1514,1514
1531943942614416112,1140,1531943942614052148,,0,1514,1552,1548,1511,1943,2036,991,2036,1514,1514,1514,1514,1514,1514,1514,1514
1531943942959045504,1141,1531943942958834914,,0,1514,1552,1548,1511,1943,2036,991,2036,1514,1514,1514,1514,1514,1514,1514,1514
