%time,field.header.seq,field.header.stamp,field.header.frame_id,field.pose.position.x,field.pose.position.y,field.pose.position.z,field.pose.orientation.x,field.pose.orientation.y,field.pose.orientation.z,field.pose.orientation.w
1531943810887628258,981,1531943810886923691,map,-109.620780945,43.7174758911,35.6059951782,0.430355280624,0.0100020537959,-0.00634773302409,-0.902581850939
1531943811116123452,982,1531943811115416485,map,-105.221359253,43.8451194763,35.8698158264,0.192815652867,0.0357816614945,-0.0586542927737,-0.978826578434
1531943811371233829,983,1531943811370583181,map,-100.818092346,43.9329071045,36.4081230164,0.192815652867,0.0357816614945,-0.0586542927737,-0.978826578434
1531943811636340014,984,1531943811635830869,map,-95.8231506348,43.7655906677,37.2472991943,-0.115040466481,0.0463108334785,-0.108915435493,-0.986285164486
1531943811895495267,985,1531943811894824780,map,-91.3335113525,43.6272544861,38.2012329102,0.0893909549218,0.0853818927019,-0.110568628532,-0.986150986392
1531943812113013359,986,1531943812112339640,map,-87.6285476685,43.7214012146,38.9936447144,0.222648565727,0.0928291957041,-0.0904932205825,-0.966240825899
1531943812398005410,987,1531943812396912496,map,-83.621963501,44.1259307861,39.7082595825,0.222648565727,0.0928291957041,-0.0904932205825,-0.966240825899
1531943812633620362,988,1531943812632502936,map,-79.3293762207,44.9022903442,40.191116333,0.297462736201,0.099476162262,-0.109967832473,-0.943147649912
1531943812864309905,989,1531943812862993633,map,-75.4616928101,46.0278968811,40.5210494995,0.352863325419,0.136949070677,-0.177656852116,-0.908388941209
1531943813109871709,990,1531943813109222693,map,-71.4755401611,47.8259277344,40.8297271729,0.352863325419,0.136949070677,-0.177656852116,-0.908388941209
1531943813389366879,991,1531943813388664615,map,-67.8253097534,50.3763847351,41.1514091492,0.374671410681,0.217356371889,-0.299898862849,-0.849963654328
1531943813612126417,992,1531943813611524344,map,-64.8854141235,53.4401741028,41.4838981628,0.374671410681,0.217356371889,-0.299898862849,-0.849963654328
1531943813923008387,993,1531943813922365868,map,-62.0315170288,58.0231018066,42.0148010254,0.350326033984,0.275605336072,-0.383530294025,-0.808837364497
1531943814131831050,994,1531943814126899433,map,-60.7842445374,61.0536689758,42.358039856,0.328264529387,0.322558127562,-0.472648891994,-0.751532885499
1531943814364074954,995,1531943814360188987,map,-59.6871871948,65.7629470825,42.9032554626,0.288277570057,0.367327244058,-0.551564230681,-0.691190015703
1531943814614490435,996,1531943814612860248,map,-59.5545768738,70.5927963257,43.5567474365,0.288277570057,0.367327244058,-0.551564230681,-0.691190015703
1531943814858536941,997,1531943814858095603,map,-60.3907737732,74.9908599854,44.2956771851,0.226108829297,0.40992685242,-0.650250186156,-0.598338924342
1531943815107518556,998,1531943815106963843,map,-61.9672622681,79.1377639771,45.1064147949,0.162997675495,0.416341107835,-0.721099750799,-0.529251347762
1531943815378326810,999,1531943815377851392,map,-64.6019287109,83.4819030762,46.2656974792,0.162997675495,0.416341107835,-0.721099750799,-0.529251347762
1531943815637398860,1000,1531943815636565047,map,-67.3780517578,86.6330032349,47.520778656,0.0330060528884,0.385235395776,-0.816158322496,-0.429406430941
1531943815874298807,1001,1531943815873723166,map,-70.6170959473,89.5313034058,49.0556526184,0.0330060528884,0.385235395776,-0.816158322496,-0.429406430941
1531943816104743479,1002,1531943816103645957,map,-73.3603210449,91.6921157837,50.4147224426,-0.0612180059232,0.252949559137,-0.893310599603,-0.366421954745
1531943816392750212,1003,1531943816391807408,map,-76.9339904785,94.4541549683,52.3516769409,-0.11635226086,0.138773124259,-0.923312717668,-0.338670631689
1531943816604848527,1004,1531943816603919162,map,-79.1874313354,96.2289962769,53.5786972046,-0.135001096802,0.00524643866948,-0.943464530681,-0.302691027436
1531943816835653262,1005,1531943816834986710,map,-81.814201355,98.3607025146,54.7921142578,-0.135001096802,0.00524643866948,-0.943464530681,-0.302691027436
1531943817063529843,1006,1531943817062488800,map,-84.14037323,100.31224823,55.6612472534,-0.120410275198,-0.078030566597,-0.938085196585,-0.315291548017
1531943817332930386,1007,1531943817332274746,map,-86.998626709,102.855514526,56.5694274902,-0.120410275198,-0.078030566597,-0.938085196585,-0.315291548017
1531943817595853506,1008,1531943817595285417,map,-89.5426712036,105.283409119,57.0589370728,-0.0556786382508,-0.127272692989,-0.926922025484,-0.348593042866
1531943817831271533,1009,1531943817829215079,map,-91.6390914917,107.32975769,57.1470947266,-0.0556786382508,-0.127272692989,-0.926922025484,-0.348593042866
1531943818049420275,1010,1531943818048106723,map,-93.7495574951,109.418373108,57.0013275146,-0.00197314584217,-0.123409281308,-0.929073440411,-0.348695853583
1531943818269596483,1011,1531943818269009258,map,-96.0466995239,111.707237244,56.6184654236,-0.00197314584217,-0.123409281308,-0.929073440411,-0.348695853583
1531943818538489871,1012,1531943818537815640,map,-98.5428924561,114.216346741,56.0312995911,0.0653923579899,-0.0776975450902,-0.920358733498,-0.377659545991
1531943818844593832,1013,1531943818843300248,map,-101.458930969,117.217048645,55.2112426758,0.0814520408563,-0.0719549181385,-0.910180871773,-0.399698430638
1531943818989358988,1014,1531943818988711444,map,-103.017150879,118.843208313,54.7274780273,0.0814520408563,-0.0719549181385,-0.910180871773,-0.399698430638
1531943819241724974,1015,1531943819240705979,map,-105.35735321,121.302146912,53.9972038269,0.0814520408563,-0.0719549181385,-0.910180871773,-0.399698430638
1531943819467666236,1016,1531943819467100611,map,-107.585716248,123.630584717,53.3413391113,0.0863112826833,-0.0558918428228,-0.913955466735,-0.392570846107
1531943819742075978,1017,1531943819740810170,map,-110.494499207,126.633705139,52.5616378784,0.0768037873199,-0.0448940891266,-0.913821740625,-0.396251845897
1531943819970513529,1018,1531943819969671172,map,-112.776489258,128.973022461,52.0253181458,0.0768037873199,-0.0448940891266,-0.913821740625,-0.396251845897
1531943820188806957,1019,1531943820188256211,map,-115.329681396,131.574615479,51.5381164551,0.051835994526,-0.0299329499903,-0.911901219173,-0.406021199751
1531943820428193657,1020,1531943820427512162,map,-117.675979614,133.982696533,51.1982269287,0.051835994526,-0.0299329499903,-0.911901219173,-0.406021199751
1531943820727556535,1021,1531943820726709730,map,-120.830917358,137.266296387,50.8597602844,0.0122765907784,-0.052398385312,-0.913086877537,-0.404198031421
1531943820984056685,1022,1531943820983062586,map,-123.276321411,139.886749268,50.6886329651,-0.0100312075736,-0.0644028404225,-0.909754500285,-0.409998046619
1531943821175626901,1023,1531943821175029916,map,-125.475906372,142.318237305,50.5463523865,-0.0100312075736,-0.0644028404225,-0.909754500285,-0.409998046619
1531943821451493856,1024,1531943821450283151,map,-127.93838501,145.202972412,50.406414032,-0.0359607367602,-0.0930630747422,-0.894863034326,-0.435047398943
1531943821662111930,1025,1531943821659120127,map,-129.72883606,147.478485107,50.347202301,-0.0359607367602,-0.0930630747422,-0.894863034326,-0.435047398943
1531943821957269780,1026,1531943821956010116,map,-132.231307983,150.948547363,50.2453117371,-0.0693332454536,-0.131677714354,-0.87977736302,-0.451492715484
1531943822134907341,1027,1531943822134243477,map,-133.628448486,153.041778564,50.1279754639,-0.0788608710061,-0.155485473236,-0.861064977945,-0.4776738787
1531943822374104073,1028,1531943822373412689,map,-135.333328247,155.839355469,49.8725204468,-0.0788608710061,-0.155485473236,-0.861064977945,-0.4776738787
1531943822610075532,1029,1531943822609448724,map,-136.968582153,159.085723877,49.4912528992,-0.109862275803,-0.218550198799,-0.821868478427,-0.514488381917
1531943822892013843,1030,1531943822891083614,map,-138.198776245,162.495513916,49.0504302979,-0.175076457204,-0.280464773769,-0.766780525503,-0.550213931591
1531943823170281740,1031,1531943823167559693,map,-139.017059326,166.355712891,48.5595474243,-0.175076457204,-0.280464773769,-0.766780525503,-0.550213931591
1531943823372462713,1032,1531943823371858977,map,-139.298339844,169.574615479,48.1311569214,-0.202447951103,-0.284013785223,-0.70997486401,-0.611789742781
1531943823604333558,1033,1531943823603963355,map,-139.22303772,172.858337402,47.6512069702,-0.222732750323,-0.278384418963,-0.639194795186,-0.681411953974
1531943823874392056,1034,1531943823873999165,map,-138.551315308,177.042175293,47.001663208,-0.222732750323,-0.278384418963,-0.639194795186,-0.681411953974
1531943824119744207,1035,1531943824119085592,map,-137.378494263,180.570861816,46.4723625183,-0.287166219124,-0.250010375907,-0.552910122932,-0.741161770798
1531943824398236687,1036,1531943824397529655,map,-135.252380371,184.471954346,45.9764480591,-0.287166219124,-0.250010375907,-0.552910122932,-0.741161770798
1531943824611711061,1037,1531943824611175483,map,-133.105575562,187.272003174,45.6730384827,-0.334036320489,-0.200836844244,-0.468174497615,-0.793030225383
1531943824886328612,1038,1531943824885688652,map,-129.989120483,190.24520874,45.3556404114,-0.334036320489,-0.200836844244,-0.468174497615,-0.793030225383
1531943825115906469,1039,1531943825115467851,map,-126.644317627,192.503204346,45.1421775818,-0.377779402925,-0.150180297242,-0.364711062948,-0.837683974783
1531943825331480791,1040,1531943825330983677,map,-123.55166626,194.00491333,45.0269546509,-0.377779402925,-0.150180297242,-0.364711062948,-0.837683974783
1531943825606807141,1041,1531943825604371267,map,-118.912025452,195.508911133,45.0306854248,-0.369282210772,-0.0819867090152,-0.27319136168,-0.884463288247
1531943825856964746,1042,1531943825856066901,map,-114.789199829,196.250793457,45.2076263428,-0.327582733336,-0.0186024538567,-0.197462556324,-0.923770556134
1531943826076241296,1043,1531943826075125437,map,-110.721214294,196.562927246,45.5466918945,-0.28279444154,0.0270577565659,-0.154935634879,-0.94619772283
1531943826335932294,1044,1531943826334801460,map,-107.001068115,196.598205566,45.9513893127,-0.28279444154,0.0270577565659,-0.154935634879,-0.94619772283
1531943826571842242,1045,1531943826568875654,map,-102.364624023,196.457397461,46.5076637268,-0.15794653605,0.0581509896241,-0.0963330542547,-0.98101544168
1531943826807452641,1046,1531943826806602124,map,-98.784286499,196.285949707,46.9640541077,-0.15794653605,0.0581509896241,-0.0963330542547,-0.98101544168
1531943827071193063,1047,1531943827069499420,map,-94.6407165527,196.072631836,47.5478782654,-0.0449488463651,0.0697503208853,-0.0551096638347,-0.995026340807
1531943827330874244,1048,1531943827330267628,map,-90.5663070679,195.904388428,48.0698318481,0.0228263635623,0.0679611159993,-0.0406595458038,-0.996597734883
1531943827577220486,1049,1531943827576634349,map,-86.819442749,195.798156738,48.512588501,0.0228263635623,0.0679611159993,-0.0406595458038,-0.996597734883
1531943827819910516,1050,1531943827813735744,map,-83.1068191528,195.758087158,48.9030075073,0.0660374103262,0.0583754813027,-0.050313769036,-0.994836613854
1531943828019416728,1051,1531943828018379812,map,-79.7098617554,195.780609131,49.1608734131,0.0660374103262,0.0583754813027,-0.050313769036,-0.994836613854
1531943828296745441,1052,1531943828296101641,map,-75.7475585937,195.893554688,49.3335533142,0.0842481858079,0.0452104414144,-0.0707723061237,-0.992899561819
1531943828526110873,1053,1531943828523809653,map,-72.0467376709,196.131195068,49.4428634644,0.0842481858079,0.0452104414144,-0.0707723061237,-0.992899561819
1531943828797579659,1054,1531943828796340442,map,-68.0010528564,196.531280518,49.4713668823,0.110580212483,0.0254510013005,-0.0868808235329,-0.9897353109
1531943829003774784,1055,1531943829000523624,map,-64.5904083252,196.921844482,49.4320297241,0.0636345595785,0.0149446024873,-0.105159367404,-0.992304796487
1531943829230393792,1056,1531943829229632905,map,-60.8312759399,197.391815186,49.3869018555,0.0636345595785,0.0149446024873,-0.105159367404,-0.992304796487
1531943829459587072,1057,1531943829458834729,map,-57.3119812012,197.851196289,49.3495140076,4.95975664359e-05,-0.00818831984887,-0.128623831466,-0.991659648739
1531943829675958941,1058,1531943829674793420,map,-53.765460968,198.310943604,49.3120651245,4.95975664359e-05,-0.00818831984887,-0.128623831466,-0.991659648739
1531943829948099054,1059,1531943829947547893,map,-49.5252571106,198.827575684,49.2397575378,-0.0411953023505,-0.0196113052937,-0.12295935401,-0.991362366156
1531943830169506866,1060,1531943830168670204,map,-45.8240890503,199.255737305,49.1432647705,-0.0411953023505,-0.0196113052937,-0.12295935401,-0.991362366156
1531943830370362995,1061,1531943830369536158,map,-42.4073181152,199.607666016,49.1073036194,-0.0705203179902,-0.0128141969661,-0.0836716188944,-0.993912340852
1531943830626585198,1062,1531943830625857559,map,-38.0175704956,199.978851318,49.0917625427,-0.0705203179902,-0.0128141969661,-0.0836716188944,-0.993912340852
1531943830874192018,1063,1531943830872934082,map,-33.5255279541,200.242858887,49.0101928711,-0.0766937688667,-0.0201003599378,-0.0179994952454,-0.99668955022
1531943831156191029,1064,1531943831155781242,map,-28.6892871857,200.366119385,48.9141845703,-0.0941950445477,-0.00460902482526,-0.00685058555384,-0.995519522636
1531943831349807539,1065,1531943831349278042,map,-25.6645908356,200.351257324,48.9195671082,-0.0941950445477,-0.00460902482526,-0.00685058555384,-0.995519522636
1531943831580160336,1066,1531943831579304251,map,-21.4643669128,200.27166748,49.0878410339,-0.0544891368912,0.0212331967645,-0.0324654352626,-0.997760532808
1531943831829524261,1067,1531943831828495249,map,-17.2588405609,200.223754883,49.3842086792,0.0085846498301,0.0184710876475,-0.0368389020588,-0.999113616164
1531943832076840468,1068,1531943832075792673,map,-13.1399059296,200.223205566,49.6037826538,0.0085846498301,0.0184710876475,-0.0368389020588,-0.999113616164
1531943832362083673,1069,1531943832360488172,map,-7.88561868668,200.212524414,49.7144050598,0.000571770916874,0.00336108071606,-0.00943639218232,-0.999949664092
1531943832531923775,1070,1531943832530217043,map,-4.72972393036,200.19430542,49.7215003967,-0.00961954650897,-0.00428181037559,-0.0148627383833,-0.999834100955
1531943832795881831,1071,1531943832792812109,map,-0.231013417244,200.165496826,49.7921333313,-0.0199080765306,0.00452644778712,-0.0258803766909,-0.999456545259
1531943833029048552,1072,1531943833028359825,map,3.63696360588,200.138946533,49.9148216248,-0.0199080765306,0.00452644778712,-0.0258803766909,-0.999456545259
1531943833261990481,1073,1531943833257987426,map,7.8897356987,200.111022949,50.0813179016,-0.00803591337437,0.00922100910135,-0.0208721848059,-0.999707331667
1531943833489341630,1074,1531943833488772805,map,12.0960388184,200.06149292,50.2421073914,-0.00803591337437,0.00922100910135,-0.0208721848059,-0.999707331667
1531943833732862693,1075,1531943833732324524,map,15.9071941376,200.003051758,50.3041191101,-0.0184991119388,-0.00415731623699,-0.0278165808122,-0.999433208079
1531943833965270165,1076,1531943833964446559,map,20.1395511627,199.968505859,50.3425102234,0.0205092757256,-0.00715729215932,-0.0306804079299,-0.999293177875
1531943834232267203,1077,1531943834231779913,map,24.6805000305,199.984283447,50.3816452026,0.0205092757256,-0.00715729215932,-0.0306804079299,-0.999293177875
1531943834478136788,1078,1531943834477608218,map,28.8897686005,200.032287598,50.4036483765,0.027407632172,-0.0166241088737,-0.0145158148658,-0.999380684135
1531943834778556557,1079,1531943834777759638,map,34.1428604126,200.071502686,50.4849433899,-0.0343195080879,-0.013054813579,-0.0172573414577,-0.999176624713
1531943834955872095,1080,1531943834954955978,map,37.2827835083,200.051483154,50.5329704285,-0.0343195080879,-0.013054813579,-0.0172573414577,-0.999176624713
1531943835173488140,1081,1531943835171894367,map,41.0409622192,200.004638672,50.5609588623,-0.0429518380496,-0.00946656388702,-0.0375324313663,-0.998327020756
1531943835425253179,1082,1531943835424711650,map,45.2097549438,199.924713135,50.6210174561,-0.0252831549471,-0.0111588769846,-0.0322502212485,-0.99909767529
1531943835616782886,1083,1531943835615651380,map,48.6925010681,199.846618652,50.6710891724,-0.0252831549471,-0.0111588769846,-0.0322502212485,-0.99909767529
1531943835879959115,1084,1531943835879428273,map,53.5698738098,199.704437256,50.5445556641,0.0175959097341,-0.0137416769714,-0.0314316897149,-0.999256523199
1531943836107748384,1085,1531943836107369508,map,57.3974189758,199.574462891,50.2186660767,-0.0127168710724,-0.0110762965841,-0.0609873697323,-0.997996060903
1531943836377597145,1086,1531943836376832931,map,61.5900268555,199.471984863,49.8561820984,-0.0127168710724,-0.0110762965841,-0.0609873697323,-0.997996060903
1531943836583516154,1087,1531943836582497638,map,65.5202636719,199.435394287,49.5416717529,0.00856143858684,-0.025148003174,-0.0579148772756,-0.997968008854
1531943836825931872,1088,1531943836824940044,map,70.1435317993,199.428375244,49.2510185242,0.00856143858684,-0.025148003174,-0.0579148772756,-0.997968008854
1531943837037942136,1089,1531943837037218240,map,74.2038040161,199.457611084,49.0917930603,0.0152356874208,-0.0174705900922,-0.0478172483486,-0.998587083369
1531943837315824886,1090,1531943837315194334,map,79.021156311,199.568115234,49.0019645691,0.0152356874208,-0.0174705900922,-0.0478172483486,-0.998587083369
1531943837528975684,1091,1531943837528468906,map,83.0301589966,199.688079834,49.0306129456,0.0265087356199,-0.00958428285045,-0.0288784466904,-0.999185400101
1531943837789918608,1092,1531943837788867708,map,88.2853775024,199.871307373,49.1852149963,0.0265087356199,-0.00958428285045,-0.0288784466904,-0.999185400101
1531943838017884299,1093,1531943838017474672,map,91.9982376099,200.009063721,49.3697357178,0.00599779224047,0.012910692836,-0.0459856589306,-0.998840657799
1531943838233865723,1094,1531943838233128708,map,96.3910598755,200.168792725,49.580657959,-0.00185803060121,0.00956441350938,-0.0528220235838,-0.998556409794
1531943838494641326,1095,1531943838492562759,map,100.796966553,200.333496094,49.7829627991,-0.00185803060121,0.00956441350938,-0.0528220235838,-0.998556409794
1531943838762614475,1096,1531943838760446181,map,105.927566528,200.506103516,49.9196853638,-0.0347861145137,0.01073964843,-0.0525819073988,-0.997952769024
1531943839043960519,1097,1531943839043019026,map,110.930267334,200.601379395,50.044002533,-0.050426987226,0.0124392219145,-0.0357964048934,-0.998008518057
1531943839216681381,1098,1531943839216238891,map,113.837562561,200.613220215,50.1470069885,-0.050426987226,0.0124392219145,-0.0357964048934,-0.998008518057
1531943839467750740,1099,1531943839467129339,map,118.916740417,200.541595459,50.315032959,-0.0596497125096,0.00395580717235,-0.0387404407503,-0.997459493733
1531943839717645264,1100,1531943839716964536,map,123.255889893,200.426025391,50.3084640503,-0.0596497125096,0.00395580717235,-0.0387404407503,-0.997459493733
1531943839959501517,1101,1531943839958729239,map,127.634925842,200.258636475,50.3046913147,-0.0909923259196,0.00244630937336,-0.0471092664893,-0.994733697632
1531943840246260659,1102,1531943840245657690,map,133.125640869,199.936523437,50.2366104126,-0.0909923259196,0.00244630937336,-0.0471092664893,-0.994733697632
1531943840487893304,1103,1531943840487159617,map,137.092773438,199.551025391,50.1326370239,-0.138008451557,-0.00677296701645,0.0037490214549,-0.99040079718
1531943840745129410,1104,1531943840742507329,map,141.432006836,198.918792725,49.9977607727,-0.209982178952,0.0049403774512,0.0178140569504,-0.977530427439
1531943840973760708,1105,1531943840973174955,map,146.151611328,197.941192627,49.8826179504,-0.209982178952,0.0049403774512,0.0178140569504,-0.977530427439
1531943841216263491,1106,1531943841215611947,map,150.083648682,196.881439209,49.7938575745,-0.234522007195,0.0197490572946,0.0426370695869,-0.970974501815
1531943841449927726,1107,1531943841449192279,map,154.365737915,195.475891113,49.6277275085,-0.234522007195,0.0197490572946,0.0426370695869,-0.970974501815
1531943841668361967,1108,1531943841667674519,map,158.263381958,193.942718506,49.3750152588,-0.279774558643,0.0150815692838,0.118337870189,-0.952625262673
1531943841927781444,1109,1531943841926549235,map,162.749923706,191.749603271,49.0360183716,-0.312339089506,0.0373657718104,0.170016802444,-0.933885634942
1531943842195758935,1110,1531943842195208222,map,167.306976318,188.76461792,48.7935829163,-0.337207539807,0.0800413700879,0.231885187069,-0.908907978945
1531943842456196934,1111,1531943842454038176,map,171.278015137,185.361022949,48.6615524292,-0.337207539807,0.0800413700879,0.231885187069,-0.908907978945
1531943842655601840,1112,1531943842655152790,map,173.90473938,182.759399414,48.4932479858,-0.364063530863,0.103370822776,0.296368115961,-0.876891189564
1531943842882971147,1113,1531943842882395154,map,176.865737915,179.443786621,48.1867904663,-0.35769093965,0.10578755164,0.364884621677,-0.853068226155
1531943843136348018,1114,1531943843133183928,map,179.810333252,175.502838135,47.8160209656,-0.35769093965,0.10578755164,0.364884621677,-0.853068226155
1531943843378414338,1115,1531943843376945940,map,182.653884888,170.466033936,47.4510345459,-0.350661852524,0.138840440103,0.454092437604,-0.80719245257
1531943843646668921,1116,1531943843645937538,map,184.58807373,165.476806641,47.2577171326,-0.324581410599,0.188694967488,0.521533669228,-0.766187802696
1531943843876502876,1117,1531943843873699229,map,185.732330322,160.596191406,47.3180236816,-0.324581410599,0.188694967488,0.521533669228,-0.766187802696
1531943844130664543,1118,1531943844129215184,map,186.329788208,155.636505127,47.5029907227,-0.260360274592,0.212671262793,0.601772488112,-0.724467621049
1531943844354485966,1119,1531943844353199742,map,186.534942627,150.759185791,47.6356925964,-0.260360274592,0.212671262793,0.601772488112,-0.724467621049
1531943844595900780,1120,1531943844595328019,map,186.387771606,146.048675537,47.7594642639,0.192241433306,-0.230546214398,-0.670232551849,0.678734116418
1531943844838717657,1121,1531943844838131968,map,185.965286255,141.815979004,47.9254417419,0.192241433306,-0.230546214398,-0.670232551849,0.678734116418
1531943845058417819,1122,1531943845057715747,map,185.23677063,137.333465576,48.2811164856,0.0904104166896,-0.186766499063,-0.730472182023,0.650657069947
1531943845365126644,1123,1531943845364709465,map,184.206512451,132.296325684,48.926448822,0.0131696569205,-0.115904568695,-0.764780611065,0.633642886831
1531943845578026826,1124,1531943845577470833,map,183.388244629,128.426818848,49.4647979736,0.0131696569205,-0.115904568695,-0.764780611065,0.633642886831
1531943845825624260,1125,1531943845825079050,map,182.491790771,123.962966919,50.0362091064,-0.0521175142526,-0.0338422875237,-0.783272188165,0.618565391475
1531943846076356089,1126,1531943846075875903,map,181.752716064,119.915565491,50.4595451355,-0.0521175142526,-0.0338422875237,-0.783272188165,0.618565391475
1531943846329562645,1127,1531943846328663360,map,181.060623169,115.554145813,50.8008117676,-0.0842234690668,0.0351392621334,-0.771653135656,0.629462530853
1531943846577049589,1128,1531943846575864868,map,180.521194458,111.222000122,51.0037384033,-0.0842234690668,0.0351392621334,-0.771653135656,0.629462530853
1531943846802865303,1129,1531943846802324830,map,180.201675415,107.598754883,51.1214561462,-0.105894135006,0.0758726878256,-0.7516325633,0.646589713188
1531943847061046010,1130,1531943847059562187,map,179.982849121,103.272666931,51.2092552185,-0.103857196158,0.0758340285345,-0.733579430328,0.667326083952
1531943847288580844,1131,1531943847288070322,map,179.930541992,99.2116470337,51.2257041931,-0.103857196158,0.0758340285345,-0.733579430328,0.667326083952
1531943847547416203,1132,1531943847546640020,map,179.987625122,95.5446090698,51.1762504578,-0.0802580678598,0.067770883042,-0.719846133615,0.686139412856
1531943847808621358,1133,1531943847807735385,map,180.140335083,90.7957077026,51.000629425,-0.0269871170454,0.0381542055888,-0.711845834908,0.700779180223
1531943848066608888,1134,1531943848066010367,map,180.327087402,86.3295440674,50.7327003479,-0.0269871170454,0.0381542055888,-0.711845834908,0.700779180223
1531943848284809150,1135,1531943848284309892,map,180.497650146,82.5307922363,50.4668235779,0.00310546167509,0.022558871358,-0.708393847993,0.705449934125
1531943848569663117,1136,1531943848567180490,map,180.699951172,77.6189498901,50.116733551,-0.0149166133963,-0.000442104136438,0.700998442084,-0.713006650309
1531943848797863868,1137,1531943848797027558,map,180.842819214,73.6814880371,49.8769721985,-0.0149166133963,-0.000442104136438,0.700998442084,-0.713006650309
1531943849047752235,1138,1531943849047145682,map,180.96987915,69.0264892578,49.6404876709,-0.03431089929,0.0176056025645,0.696008794157,-0.716996906133
1531943849283233001,1139,1531943849282562033,map,181.052124023,64.6758804321,49.4485778809,-0.03431089929,0.0176056025645,0.696008794157,-0.716996906133
1531943849538164288,1140,1531943849537743173,map,181.102279663,60.2793273926,49.3392677307,0.0295192959987,-0.0329262760136,-0.707967985845,0.704858711041
1531943849745063952,1141,1531943849737781895,map,181.093490601,56.2414741516,49.3495941162,0.0295192959987,-0.0329262760136,-0.707967985845,0.704858711041
1531943850038321891,1142,1531943850037424174,map,180.961135864,51.1081161499,49.5260009766,0.035252086587,-0.0504805354555,-0.719958515893,0.691280508422
1531943850246905764,1143,1531943850246345099,map,180.798034668,47.053981781,49.7143516541,0.035252086587,-0.0504805354555,-0.719958515893,0.691280508422
1531943850472786809,1144,1531943850471143500,map,180.603042603,42.6450691223,49.9082832336,0.0046148601726,-0.0190605153923,-0.720934373471,0.692725796378
1531943850733349588,1145,1531943850732292928,map,180.401550293,38.4304275513,49.9946174622,0.0046148601726,-0.0190605153923,-0.720934373471,0.692725796378
1531943850974085753,1146,1531943850972776488,map,180.170410156,33.7257499695,50.0102882385,0.00285503328017,-0.00473810455389,-0.719775064023,0.694185318457
1531943851228431361,1147,1531943851227995526,map,179.977615356,29.358291626,50.016582489,0.00285503328017,-0.00473810455389,-0.719775064023,0.694185318457
1531943851498224916,1148,1531943851497742554,map,179.814849854,24.3032341003,50.0898590088,-0.0282194340875,0.0148997403826,-0.715734896402,0.697642615778
1531943851709615096,1149,1531943851708992735,map,179.747177124,20.6717395782,50.1553573608,-0.0279159967618,0.0222221850827,-0.71497025771,0.698243798544
1531943851965168211,1150,1531943851962547442,map,179.70072937,15.9235153198,50.2370071411,-0.0224780196502,0.00522716653856,-0.715211687911,0.698526776035
1531943852183607303,1151,1531943852182559796,map,179.676239014,11.956952095,50.3374595642,-0.0224780196502,0.00522716653856,-0.715211687911,0.698526776035
1531943852413073051,1152,1531943852412526305,map,179.641616821,7.64876413345,50.4663009644,-0.00828980073569,-0.014847566941,-0.713363483993,0.700587873622
1531943852669508145,1153,1531943852668972215,map,179.536437988,2.96418118477,50.6072158813,0.0421152319878,-0.0636109188803,-0.71123682876,0.698800494883
1531943852925217040,1154,1531943852923856576,map,179.331008911,-1.3172147274,50.7019042969,0.0421152319878,-0.0636109188803,-0.71123682876,0.698800494883
1531943853161884370,1155,1531943853160918269,map,178.995117188,-5.60823154449,50.7309837341,0.0956253815412,-0.109795957806,-0.711483973684,0.687452681459
1531943853404012309,1156,1531943853402125099,map,178.560409546,-9.54417228699,50.6493186951,0.136779072252,-0.138454474818,-0.728043749402,0.65732346889
1531943853653476609,1157,1531943853651233820,map,177.842590332,-14.195233345,50.3362617493,0.136779072252,-0.138454474818,-0.728043749402,0.65732346889
1531943853873009646,1158,1531943853872224215,map,176.989807129,-18.0561237335,49.9874916077,0.175628764711,-0.197921582101,-0.743041861924,0.614711620008
1531943854111590461,1159,1531943854111025508,map,175.588470459,-22.7089366913,49.536907196,0.181094374663,-0.23443946065,-0.762045498869,0.575786092581
1531943854363064344,1160,1531943854362598110,map,173.903961182,-26.9312114716,49.1030006409,0.181094374663,-0.23443946065,-0.762045498869,0.575786092581
1531943854636294164,1161,1531943854633022586,map,171.652374268,-31.3207111359,48.6542434692,0.183136395283,-0.274650139195,-0.792111744876,0.513407582134
1531943854854599380,1162,1531943854852424525,map,169.111328125,-35.2157974243,48.2738647461,0.16450782088,-0.296837760876,-0.819491893147,0.461798178487
1531943855112677891,1163,1531943855112099754,map,165.91557312,-39.1449928284,47.8992843628,0.136876051728,-0.317612142932,-0.847836256363,0.401946707316
1531943855331868829,1164,1531943855331305187,map,163.141815186,-41.8819961548,47.6817626953,0.136876051728,-0.317612142932,-0.847836256363,0.401946707316
1531943855584351089,1165,1531943855583920022,map,159.512069702,-44.7638282776,47.5279273987,0.107543797717,-0.342789670742,-0.869283684641,0.339522383389
1531943855849610095,1166,1531943855847308970,map,154.922073364,-47.5645294189,47.4268302917,0.0845029231856,-0.349886211341,-0.886182499122,0.291752417877
1531943856075068448,1167,1531943856074502151,map,151.156341553,-49.3286705017,47.3707923889,0.0533022195525,-0.353422174508,-0.909058835061,0.214158059281
1531943856359297798,1168,1531943856357244638,map,146.339874268,-50.9956550598,47.3118782043,0.0533022195525,-0.353422174508,-0.909058835061,0.214158059281
1531943856573073506,1169,1531943856572557705,map,142.109924316,-51.9581680298,47.3171348572,0.00677412518526,-0.336287664045,-0.932821227093,0.129264366797
1531943856857143626,1170,1531943856856212949,map,137.209121704,-52.5221977234,47.44789505,0.00677412518526,-0.336287664045,-0.932821227093,0.129264366797
1531943857105610451,1171,1531943857104952315,map,133.093032837,-52.6151428223,47.6276435852,-0.0412121037984,-0.262828677585,-0.96376134311,0.019665255306
1531943857323373127,1172,1531943857321000802,map,129.380508423,-52.4608230591,47.844493866,-0.0412121037984,-0.262828677585,-0.96376134311,0.019665255306
1531943857570326789,1173,1531943857568348508,map,125.15145874,-52.0807723999,48.2110366821,-0.0728975341721,-0.149119732494,-0.985041375607,-0.0462897746189
1531943857867184638,1174,1531943857866358791,map,120.719108582,-51.5422935486,48.7441368103,-0.0728975341721,-0.149119732494,-0.985041375607,-0.0462897746189
1531943858133848185,1175,1531943858132698150,map,116.416282654,-50.9891967773,49.3587188721,-0.077468322771,-0.0505185742453,-0.992455526937,-0.0804895004033
1531943858304223416,1176,1531943858303284867,map,114.018714905,-50.6937904358,49.695186615,-0.077468322771,-0.0505185742453,-0.992455526937,-0.0804895004033
1531943858575066469,1177,1531943858574576939,map,109.868431091,-50.2118263245,50.2166137695,-0.0631867617752,-0.00372643007731,-0.992339980128,-0.106089163892
1531943858813663753,1178,1531943858812961874,map,106.358734131,-49.8208312988,50.5412750244,-0.0631867617752,-0.00372643007731,-0.992339980128,-0.106089163892
1531943859058954465,1179,1531943859058526214,map,102.873725891,-49.4679069519,50.7321853638,-0.0410172624326,0.0334458298258,-0.992628742223,-0.109028164996
1531943859325792674,1180,1531943859324407154,map,99.1300354004,-49.1650772095,50.8075561523,-0.0207997481973,0.0718575029504,-0.992615646211,-0.0954884738636
1531943859561993030,1181,1531943859560794004,map,95.680847168,-48.9843978882,50.7684860229,-0.0207997481973,0.0718575029504,-0.992615646211,-0.0954884738636
1531943859803588557,1182,1531943859802805750,map,91.84715271,-48.8915786743,50.6736450195,-0.00463550563367,0.0856285234897,-0.9928589393,-0.0829300591099
1531943860076014286,1183,1531943860075631826,map,88.2534103394,-48.8921279907,50.5269088745,0.0156584658495,0.0547121701932,-0.997486985785,-0.0422031286736
1531943860304949035,1184,1531943860302541959,map,84.6329345703,-48.9516181946,50.2256278992,0.0156584658495,0.0547121701932,-0.997486985785,-0.0422031286736
1531943860590592374,1185,1531943860587894038,map,80.2372589111,-49.1010246277,49.6917724609,0.0301977343507,0.0501588405497,-0.997970967978,-0.0250226822586
1531943860814168754,1186,1531943860813360796,map,76.3739547729,-49.3055419922,49.179145813,0.0301977343507,0.0501588405497,-0.997970967978,-0.0250226822586
1531943861080231202,1187,1531943861079314317,map,72.3664169312,-49.5945472717,48.6745071411,0.0306526316443,0.0589885776298,-0.99769860122,-0.0133515919308
1531943861285478584,1188,1531943861284950942,map,68.6143112183,-49.9387626648,48.2625007629,0.0233807550011,0.0372192497712,-0.999028627284,0.00314159344928
1531943861557350633,1189,1531943861556492563,map,64.0471496582,-50.4176902771,47.8755455017,0.0233807550011,0.0372192497712,-0.999028627284,0.00314159344928
1531943861790841783,1190,1531943861790293373,map,59.4671401978,-50.9340629578,47.7573242188,-0.0222211322494,-0.0101789988521,-0.999676047492,0.00709995307976
1531943862072560279,1191,1531943862072145212,map,54.9026489258,-51.4058303833,47.8614120483,-0.0222211322494,-0.0101789988521,-0.999676047492,0.00709995307976
1531943862297922120,1192,1531943862297233200,map,50.7401733398,-51.7717247009,48.0660018921,-0.0446301299267,-0.0509782014076,-0.997693339345,0.00416834620092
1531943862515750895,1193,1531943862515176598,map,46.9537773132,-52.0502281189,48.2873535156,-0.040312903006,-0.0682780365752,-0.996828291416,-0.00680712901134
1531943862782608383,1194,1531943862780891635,map,42.5131988525,-52.3029785156,48.4980049133,-0.040312903006,-0.0682780365752,-0.996828291416,-0.00680712901134
1531943863011530471,1195,1531943863010579570,map,38.4246520996,-52.4317207336,48.6530418396,-0.0466028042903,-0.0959486241977,-0.993632999619,-0.0362698527015
1531943863270018205,1196,1531943863269450851,map,33.9992904663,-52.4649047852,48.8002586365,-0.0466028042903,-0.0959486241977,-0.993632999619,-0.0362698527015
1531943863504517960,1197,1531943863503956974,map,30.0504016876,-52.4283676147,48.9381484985,-0.0468541456785,-0.0696423695017,-0.995180615172,-0.0506968696182
1531943863770478183,1198,1531943863769927469,map,25.6274280548,-52.3361282349,49.1115837097,-0.0468541456785,-0.0696423695017,-0.995180615172,-0.0506968696182
1531943864015602456,1199,1531943864014645251,map,21.547958374,-52.2046737671,49.3080177307,-0.0466029651004,-0.0480625958173,-0.994327949148,-0.0826442984766
1531943864295236862,1200,1531943864294694373,map,17.2386016846,-52.0391998291,49.5294113159,-0.0473253689252,-0.0189430722762,-0.99472705471,-0.0889918878165
1531943864513578536,1201,1531943864512436309,map,13.2003479004,-51.8842468262,49.7405128479,-0.0473253689252,-0.0189430722762,-0.99472705471,-0.0889918878165
1531943864808954425,1202,1531943864808398880,map,8.15159511566,-51.6725540161,49.9704551697,-0.0379363075495,-0.0113924593189,-0.994593408036,-0.0959947974201
1531943865001079314,1203,1531943865000622327,map,4.88914728165,-51.5203514099,50.1083717346,-0.0379363075495,-0.0113924593189,-0.994593408036,-0.0959947974201
1531943865280202243,1204,1531943865278168763,map,0.886119425297,-51.3668899536,50.2351951599,-0.030085386332,0.00281910762915,-0.996587664302,-0.0768111289036
1531943865473373715,1205,1531943865472215392,map,-2.7722966671,-51.2830047607,50.2661972046,-0.0147735612291,0.0350223418362,-0.996000167991,-0.080863111629
1531943865707754440,1206,1531943865707301133,map,-6.75493907928,-51.247215271,50.2028274536,-0.0147735612291,0.0350223418362,-0.996000167991,-0.080863111629
1531943865977300104,1207,1531943865976350323,map,-10.7644519806,-51.2339286804,50.1106567383,-0.0164237892495,0.021461307747,-0.994929195822,-0.0968791345849
1531943866207586256,1208,1531943866207203189,map,-15.164937973,-51.2109832764,50.0157318115,-0.0164237892495,0.021461307747,-0.994929195822,-0.0968791345849
1531943866477001015,1209,1531943866475871108,map,-19.5183238983,-51.1957511902,49.9584503174,-0.0257545034292,-0.00329826632337,-0.997339734821,-0.0681122627699
1531943866705108601,1210,1531943866704741565,map,-23.5756225586,-51.1960830688,49.9545631409,-0.026528597407,-0.00179640313107,-0.998135337958,-0.0549440949956
1531943866926305450,1211,1531943866925931086,map,-27.0004882813,-51.2104759216,49.9708786011,-0.026528597407,-0.00179640313107,-0.998135337958,-0.0549440949956
1531943867205673602,1212,1531943867204801132,map,-31.7367401123,-51.2397003174,50.0160217285,-0.0315723910382,0.00345879418192,-0.997764461684,-0.0587988083892
1531943867434569151,1213,1531943867434002917,map,-35.7365455627,-51.2750740051,50.1245193481,-0.0315723910382,0.00345879418192,-0.997764461684,-0.0587988083892
1531943867675597840,1214,1531943867675051126,map,-39.7715492249,-51.3515510559,50.3379898071,-0.0354323985875,0.0109484463837,-0.998682202593,-0.0354758351037
1531943867914449627,1215,1531943867911291135,map,-43.7711029053,-51.4769592285,50.4855957031,-0.0354323985875,0.0109484463837,-0.998682202593,-0.0354758351037
1531943868170813983,1216,1531943868170109671,map,-48.0006065369,-51.6409225464,50.6398086548,-0.0263681143207,0.00430816553848,-0.998782341002,-0.0414728532935
1531943868407427847,1217,1531943868404616743,map,-51.701084137,-51.7976913452,50.797039032,-0.0263681143207,0.00430816553848,-0.998782341002,-0.0414728532935
1531943868669115311,1218,1531943868668640692,map,-56.3980560303,-51.9851074219,51.0846328735,-0.0243668849095,-0.0226090034271,-0.997784868281,-0.0576232983496
1531943868928027991,1219,1531943868927541469,map,-60.3645401001,-52.1047134399,51.3800315857,-0.0249418807664,-0.0481936543345,-0.996476807184,-0.0639472205067
1531943869174390546,1220,1531943869173465789,map,-64.2886734009,-52.1661300659,51.7128982544,-0.0249418807664,-0.0481936543345,-0.996476807184,-0.0639472205067
1531943869430714461,1221,1531943869429979269,map,-68.893447876,-52.1779060364,52.0971565247,-0.0246834845194,-0.061210402488,-0.995495444846,-0.0680649065923
1531943869672019027,1222,1531943869671013087,map,-72.7997817993,-52.1519622803,52.3866081238,-0.0191887060208,-0.055011607836,-0.994737099292,-0.0842829748914
1531943869928214527,1223,1531943869927010317,map,-76.6765365601,-52.0944328308,52.6434936523,-0.0191887060208,-0.055011607836,-0.994737099292,-0.0842829748914
1531943870169674135,1224,1531943870169091422,map,-80.8221588135,-51.9698219299,52.7985649109,-0.00791917788566,-0.0619751274707,-0.990947786737,-0.118822784674
1531943870431138956,1225,1531943870430511475,map,-84.9651947021,-51.7801437378,52.8253135681,0.00173129994243,-0.0612782165821,-0.991287052923,-0.116584567936
1531943870663611884,1226,1531943870662782997,map,-88.4305114746,-51.6020965576,52.7139587402,0.00173129994243,-0.0612782165821,-0.991287052923,-0.116584567936
1531943870884212915,1227,1531943870883716985,map,-92.2306671143,-51.3952636719,52.4892311096,0.0191689904437,-0.0281860852871,-0.991046215508,-0.129094899702
1531943871148414699,1228,1531943871141522010,map,-96.0272293091,-51.1833877563,52.1975479126,0.0191689904437,-0.0281860852871,-0.991046215508,-0.129094899702
1531943871397121942,1229,1531943871395459433,map,-100.187332153,-50.9449043274,51.9247627258,0.0177402097848,-0.00534637077213,-0.991100033504,-0.131823460979
1531943871616971754,1230,1531943871616308914,map,-103.736335754,-50.7506256104,51.7991867065,0.0177402097848,-0.00534637077213,-0.991100033504,-0.131823460979
1531943871871788528,1231,1531943871871213558,map,-107.942604065,-50.5531959534,51.7917823792,0.0104615015902,0.019100585244,-0.992274341323,-0.122136629152
1531943872130619594,1232,1531943872129860914,map,-111.786399841,-50.4120903015,51.8071708679,0.00585855934196,0.0249645315917,-0.993870326355,-0.107537081217
1531943872341708326,1233,1531943872341100877,map,-114.953147888,-50.3445739746,51.8315696716,0.00585855934196,0.0249645315917,-0.993870326355,-0.107537081217
1531943872644137265,1234,1531943872643548888,map,-120.039070129,-50.3508224487,52.0054969788,-0.00157803348997,0.044960529077,-0.994924840525,-0.090003457393
1531943872809596309,1235,1531943872808641408,map,-122.879577637,-50.3958625793,52.145198822,-0.00157803348997,0.044960529077,-0.994924840525,-0.090003457393
1531943873080304331,1236,1531943873079569652,map,-126.588172913,-50.5056343079,52.3419342041,-0.00566936887168,0.0403540602803,-0.997075963276,-0.0646446558767
1531943873345200455,1237,1531943873344662349,map,-130.919128418,-50.6918411255,52.5224342346,-0.00660215873637,0.00964736191471,-0.998798416658,-0.0475926758031
1531943873592119054,1238,1531943873588173915,map,-134.560684204,-50.8881988525,52.659324646,-0.00660215873637,0.00964736191471,-0.998798416658,-0.0475926758031
1531943873825046549,1239,1531943873824196543,map,-138.130371094,-51.1076202393,52.7582511902,0.00364500632679,0.0100173442228,-0.998799788887,-0.0478053183635
1531943874063251041,1240,1531943874062663720,map,-141.747070312,-51.3208847046,52.7417488098,0.0150249214703,-0.0244228060635,-0.998126645115,-0.0540460784072
1531943874295394805,1241,1531943874294714781,map,-145.357406616,-51.5020561218,52.5401191711,0.0150249214703,-0.0244228060635,-0.998126645115,-0.0540460784072
1531943874546245269,1242,1531943874545748474,map,-148.957214355,-51.6483535767,52.2292709351,0.0150249214703,-0.0244228060635,-0.998126645115,-0.0540460784072
1531943874773997019,1243,1531943874773169828,map,-152.597732544,-51.7512550354,51.8698654175,0.0302169050606,-0.0552994746458,-0.996407758772,-0.0565728292716
1531943875056464020,1244,1531943875056001913,map,-156.6534729,-51.8133430481,51.5393753052,0.0338985215548,-0.0531959494665,-0.995235410939,-0.0743475487777
1531943875293252567,1245,1531943875292596126,map,-160.763687134,-51.8128089905,51.1945419312,0.0338985215548,-0.0531959494665,-0.995235410939,-0.0743475487777
1531943875514125742,1246,1531943875513666036,map,-164.222717285,-51.7473106384,50.853717804,0.0254290105238,-0.105573541276,-0.98942567132,-0.0961479783438
1531943875780416931,1247,1531943875779008563,map,-168.38659668,-51.5522689819,50.4516983032,0.0254290105238,-0.105573541276,-0.98942567132,-0.0961479783438
1531943876057798138,1248,1531943876055866096,map,-172.577011108,-51.2219734192,50.051071167,0.0117713341983,-0.127655598593,-0.983302322143,-0.129158921901
1531943876276507534,1249,1531943876272193119,map,-176.401550293,-50.7543106079,49.7710609436,0.0117713341983,-0.127655598593,-0.983302322143,-0.129158921901
1531943876491731114,1250,1531943876491098609,map,-179.907485962,-50.0923805237,49.6183280945,-0.0268385141093,-0.193238506186,-0.962319080929,-0.18942164704
1531943876726672454,1251,1531943876726085516,map,-183.313339233,-49.1891746521,49.5624656677,-0.0268385141093,-0.193238506186,-0.962319080929,-0.18942164704
1531943877009069417,1252,1531943877008452752,map,-187.773757935,-47.6082801819,49.6592254639,-0.0608664910477,-0.189767884932,-0.956654904529,-0.212355394931
1531943877247733759,1253,1531943877240525105,map,-190.62890625,-46.3821487427,49.8335838318,-0.0608664910477,-0.189767884932,-0.956654904529,-0.212355394931
1531943877474504796,1254,1531943877473909091,map,-193.947860718,-44.7445755005,50.0540428162,-0.0796290859124,-0.195424978469,-0.947242677151,-0.241245926496
1531943877734306628,1255,1531943877733781802,map,-197.356796265,-42.7657470703,50.2648735046,-0.083628977579,-0.213069820014,-0.930928931246,-0.284567691204
1531943877976967597,1256,1531943877976303252,map,-200.598220825,-40.6242904663,50.3502655029,-0.083628977579,-0.213069820014,-0.930928931246,-0.284567691204
1531943878233393246,1257,1531943878232469385,map,-203.510635376,-38.5159683228,50.2375183105,-0.0833027355038,-0.250038234322,-0.896136888219,-0.357043713302
1531943878479272231,1258,1531943878478422768,map,-206.516342163,-36.0268783569,49.9748420715,-0.0833027355038,-0.250038234322,-0.896136888219,-0.357043713302
1531943878731475976,1259,1531943878730548562,map,-209.239776611,-33.3068351746,49.6766853333,-0.0948799345581,-0.247115393912,-0.845093030229,-0.464488482493
1531943878967635806,1260,1531943878966973382,map,-211.515319824,-30.4746227264,49.4822845459,-0.127727468377,-0.229585101552,-0.831752931226,-0.489043389041
1531943879236192843,1261,1531943879235580946,map,-213.641387939,-27.1713600159,49.4463348389,-0.127727468377,-0.229585101552,-0.831752931226,-0.489043389041
1531943879473682359,1262,1531943879470967893,map,-215.209442139,-24.2618961334,49.5070533752,-0.140809620351,-0.193842493365,-0.817285399816,-0.524063272736
1531943879731457982,1263,1531943879730384778,map,-216.818069458,-20.7405433655,49.6331863403,-0.131083511193,-0.161532244013,-0.790938681268,-0.575448042583
1531943879996935374,1264,1531943879991031505,map,-218.131561279,-17.4730567932,49.6832695007,-0.131083511193,-0.161532244013,-0.790938681268,-0.575448042583
1531943880240385722,1265,1531943880231137826,map,-219.381072998,-13.9211616516,49.6340789795,-0.12587968233,-0.147406607724,-0.758167341863,-0.622581624615
1531943880480059281,1266,1531943880471628304,map,-220.294677734,-10.3229017258,49.6457519531,-0.162424035618,-0.163634522182,-0.715467968975,-0.659505694573
1531943880723704763,1267,1531943880723144961,map,-220.756225586,-6.9546918869,49.8359489441,-0.162424035618,-0.163634522182,-0.715467968975,-0.659505694573
1531943880972416268,1268,1531943880971509974,map,-220.885665894,-3.31674623489,50.3004646301,-0.16599425452,-0.10822079479,-0.705790855307,-0.680142217191
1531943881242260915,1269,1531943881235855163,map,-220.862884521,0.256827265024,50.7185325623,-0.16599425452,-0.10822079479,-0.705790855307,-0.680142217191
1531943881468426949,1270,1531943881467759084,map,-220.798995972,3.25267481804,50.9953308105,-0.0977429780742,-0.0552618177952,-0.689464187824,-0.715563816469
1531943881759317567,1271,1531943881757419381,map,-220.673095703,7.32459926605,51.2727127075,-0.0504759914954,-0.041329546783,-0.66280522099,-0.745944556836
1531943881931264307,1272,1531943881930777720,map,-220.572418213,9.74347114563,51.391960144,-0.0504759914954,-0.041329546783,-0.66280522099,-0.745944556836
1531943882213560658,1273,1531943882213027224,map,-220.387115479,13.5518703461,51.4208869934,-0.0182306890482,-0.0364258876683,-0.644552792322,-0.763473964582
1531943882409568315,1274,1531943882408093675,map,-220.241210938,16.3301353455,51.3860244751,0.00574604136849,-0.0280569930906,-0.645051587455,-0.763602146192
1531943882697033601,1275,1531943882696298505,map,-220.037139893,20.2538394928,51.2942733765,0.00574604136849,-0.0280569930906,-0.645051587455,-0.763602146192
1531943882947953889,1276,1531943882947433191,map,-219.869171143,23.9832744598,51.130115509,0.040722931055,-0.0101968791114,-0.654600009609,-0.754808912217
1531943883189727563,1277,1531943883188884021,map,-219.784332275,27.4759540558,50.925655365,0.0688198490408,0.016163305182,-0.671533889358,-0.737593933942
1531943883457592562,1278,1531943883456880186,map,-219.781707764,31.0016002655,50.6779251099,0.0688198490408,0.016163305182,-0.671533889358,-0.737593933942
1531943883658338248,1279,1531943883657631216,map,-219.809249878,33.9258460999,50.4862365723,0.0239119152371,-0.00873767590206,-0.675230493563,-0.737167317434
1531943883898150697,1280,1531943883891982414,map,-219.8462677,37.5276832581,50.3152961731,0.0239119152371,-0.00873767590206,-0.675230493563,-0.737167317434
1531943884168243257,1281,1531943884165708661,map,-219.96043396,41.7956390381,50.2972793579,0.0299037633166,0.0096962129266,-0.68868781488,-0.724376174394
1531943884420258293,1282,1531943884418877060,map,-220.174499512,45.469078064,50.3710403442,0.063127472285,0.0469966970794,-0.692404041466,-0.717204905217
1531943884653546402,1283,1531943884652543437,map,-220.473052979,49.4202461243,50.504322052,0.0131512917513,0.0112408582762,-0.698635105402,-0.715268953702
1531943884870305960,1284,1531943884869946700,map,-220.734375,52.7581062317,50.6601676941,0.0131512917513,0.0112408582762,-0.698635105402,-0.715268953702
1531943885097543227,1285,1531943885096859171,map,-220.974121094,56.0266609192,50.8072967529,-0.0204617223427,-0.0145854665288,-0.70085385047,-0.712862162249
1531943885305127276,1286,1531943885304607314,map,-221.177688599,59.3239402771,50.9681625366,-0.0204617223427,-0.0145854665288,-0.70085385047,-0.712862162249
1531943885566610178,1287,1531943885565947434,map,-221.346740723,63.2170448303,51.1024742126,-0.0426558006993,-0.0387822083623,-0.693860222314,-0.717798310719
1531943885813570299,1288,1531943885812918307,map,-221.438522339,66.7851333618,51.1492996216,-0.0426558006993,-0.0387822083623,-0.693860222314,-0.717798310719
1531943886025066497,1289,1531943886020128344,map,-221.467880249,69.7467193604,51.1345901489,-0.0431958542686,-0.0513737941079,-0.684163609029,-0.726233438732
1531943886270216978,1290,1531943886269523705,map,-221.436569214,73.6741714478,51.0271148682,-0.0421407325833,-0.0593130972761,-0.67291759752,-0.736130438235
1531943886538723550,1291,1531943886537723817,map,-221.300872803,77.6184005737,50.8684272766,-0.0421407325833,-0.0593130972761,-0.67291759752,-0.736130438235
1531943886770681986,1292,1531943886770191623,map,-221.068756104,81.238571167,50.7704658508,-0.0557191615694,-0.0748957934925,-0.669041229915,-0.737339696358
1531943887027257459,1293,1531943887025590214,map,-220.733917236,84.9695205688,50.7925071716,-0.0557191615694,-0.0748957934925,-0.669041229915,-0.737339696358
1531943887277137523,1294,1531943887276336924,map,-220.3306427,89.0038375854,50.8464279175,-0.0168117693244,-0.038412038999,-0.670685183252,-0.740556050977
1531943887507619627,1295,1531943887506983666,map,-219.979980469,92.7551803589,50.8807601929,-0.0168117693244,-0.038412038999,-0.670685183252,-0.740556050977
1531943887768753261,1296,1531943887768002390,map,-219.644744873,96.8223724365,50.8673820496,0.0356131910479,0.00426642842707,-0.665223909706,-0.745781903888
1531943888033218443,1297,1531943888032586866,map,-219.413482666,100.553237915,50.7600784302,0.0542560970585,0.018478994155,-0.678056228183,-0.732771829514
1531943888260483434,1298,1531943888259943312,map,-219.284378052,104.628967285,50.5930404663,0.0542560970585,0.018478994155,-0.678056228183,-0.732771829514
1531943888521733743,1299,1531943888520497661,map,-219.249908447,108.368080139,50.4453163147,0.0611927832221,0.0261029836642,-0.672330450688,-0.737255615511
1531943888748671634,1300,1531943888747438400,map,-219.262084961,111.542808533,50.3153686523,0.0611927832221,0.0261029836642,-0.672330450688,-0.737255615511
1531943889007458770,1301,1531943889006814873,map,-219.372711182,116.300888062,50.1227760315,0.0474562321955,0.0209613840145,-0.694883143857,-0.717248870888
1531943889241871621,1302,1531943889240357014,map,-219.522949219,119.776062012,50.0079956055,0.0314341423953,0.0179875555998,-0.704793161098,-0.708487785784
1531943889477136303,1303,1531943889476416279,map,-219.75088501,123.638183594,49.9640312195,0.0314341423953,0.0179875555998,-0.704793161098,-0.708487785784
1531943889748837924,1304,1531943889748178859,map,-220.045669556,127.805465698,50.0049171448,0.00547077770228,0.00727677407669,-0.700167152426,-0.71392091846
1531943889980956560,1305,1531943889980403062,map,-220.289550781,131.621154785,50.0951652527,0.00547077770228,0.00727677407669,-0.700167152426,-0.71392091846
1531943890218919936,1306,1531943890218361030,map,-220.45539856,135.433410645,50.2344589233,-0.0575572318444,-0.0480776580352,-0.698240624591,-0.711923966467
1531943890471129426,1307,1531943890470225596,map,-220.541137695,139.539794922,50.4358482361,-0.059571272121,-0.0501203230779,-0.688435591374,-0.72110724118
1531943890737416872,1308,1531943890736366867,map,-220.530014038,143.604614258,50.594203949,-0.059571272121,-0.0501203230779,-0.688435591374,-0.72110724118
1531943890989347133,1309,1531943890988909953,map,-220.410079956,147.531799316,50.6733589172,-0.0772407480375,-0.0753469532511,-0.664450742093,-0.739501125632
1531943891241121303,1310,1531943891240530878,map,-220.178543091,151.256622314,50.7386932373,-0.0772407480375,-0.0753469532511,-0.664450742093,-0.739501125632
1531943891499065069,1311,1531943891498630514,map,-219.764343262,155.271636963,50.7370529175,-0.095631371625,-0.0981428833642,-0.638347674928,-0.757452877161
1531943891736056460,1312,1531943891731039011,map,-219.277160645,158.578979492,50.7331008911,-0.0980779137371,-0.0953786685302,-0.630432388999,-0.764093342025
1531943892013018447,1313,1531943892012554836,map,-218.451324463,162.853668213,50.7597541809,-0.0980779137371,-0.0953786685302,-0.630432388999,-0.764093342025
1531943892247962504,1314,1531943892246625207,map,-217.594192505,166.485565186,50.7596893311,-0.100914977797,-0.095099593337,-0.620890211773,-0.771535857578
1531943892511854560,1315,1531943892511277606,map,-216.50869751,170.360473633,50.7324981689,-0.130941647145,-0.116047809802,-0.607729766989,-0.774630054412
1531943892735058362,1316,1531943892733947207,map,-215.310043335,173.922241211,50.646987915,-0.130941647145,-0.116047809802,-0.607729766989,-0.774630054412
1531943892970492558,1317,1531943892969764534,map,-213.906326294,177.460571289,50.422542572,-0.197940737486,-0.175412812338,-0.552220558425,-0.790634090186
1531943893227076634,1318,1531943893225968422,map,-212.267654419,180.983520508,50.0519065857,-0.197940737486,-0.175412812338,-0.552220558425,-0.790634090186
1531943893457338122,1319,1531943893456916878,map,-210.449615479,184.11706543,49.749042511,-0.226085990797,-0.180524962549,-0.464906791573,-0.836754168087
1531943893740067286,1320,1531943893739006850,map,-207.344650269,188.206207275,49.4960479736,-0.226085990797,-0.180524962549,-0.464906791573,-0.836754168087
1531943893975729066,1321,1531943893973458083,map,-204.67918396,190.993652344,49.3725700378,-0.264781524379,-0.160148715284,-0.418668010271,-0.853791678641
1531943894196911521,1322,1531943894190918659,map,-201.551193237,193.750671387,49.2957038879,-0.265030016944,-0.134167786505,-0.354410260773,-0.886651826955
1531943894424129878,1323,1531943894423739450,map,-198.384048462,196.076965332,49.3084907532,-0.265030016944,-0.134167786505,-0.354410260773,-0.886651826955
1531943894695275174,1324,1531943894694220721,map,-194.052825928,198.573028564,49.3951377869,-0.287780446145,-0.125471287711,-0.262444275807,-0.912448559028
1531943894911882288,1325,1531943894911233207,map,-190.452423096,200.099212646,49.523979187,-0.31428866347,-0.0828351980898,-0.214717648917,-0.921008847523
1531943895137043677,1326,1531943895136558883,map,-186.751846313,201.223388672,49.7000579834,-0.31428866347,-0.0828351980898,-0.214717648917,-0.921008847523
1531943895400988833,1327,1531943895399892493,map,-182.251785278,202.077575684,49.9896011353,-0.321340560981,-0.0304981328242,-0.174862436842,-0.930179141856
1531943895647036041,1328,1531943895645930325,map,-178.108016968,202.519989014,50.2575683594,-0.321340560981,-0.0304981328242,-0.174862436842,-0.930179141856
1531943895871420609,1329,1531943895870803559,map,-174.006790161,202.675262451,50.5607299805,-0.232471374629,0.000335936640718,-0.0890781928552,-0.96851537039
1531943896130124927,1330,1531943896129742852,map,-169.604827881,202.599975586,50.9593467712,-0.232471374629,0.000335936640718,-0.0890781928552,-0.96851537039
1531943896391250085,1331,1531943896390215632,map,-165.587005615,202.395080566,51.3365135193,-0.133034884859,0.0141790257986,-0.03530967849,-0.990380685011
1531943896628260692,1332,1531943896627652154,map,-161.386657715,202.11315918,51.6152801514,-0.0602558660353,0.0043152148634,-0.0087274685574,-0.998135482197
1531943896873244011,1333,1531943896871647900,map,-157.462600708,201.819000244,51.697052002,-0.0602558660353,0.0043152148634,-0.0087274685574,-0.998135482197
1531943897123422123,1334,1531943897122869265,map,-153.565246582,201.508514404,51.5968818665,-0.0223178542826,-0.0155979822061,0.00171942749005,-0.999627760669
1531943897373004979,1335,1531943897372532952,map,-149.33430481,201.171691895,51.3168678284,-0.0223178542826,-0.0155979822061,0.00171942749005,-0.999627760669
1531943897682127308,1336,1531943897680499326,map,-144.736221313,200.835571289,50.8450241089,0.0150871941266,-0.0421684958554,-0.013896397094,-0.99889993727
1531943897879112983,1337,1531943897878137954,map,-141.023696899,200.619812012,50.4157714844,0.0150871941266,-0.0421684958554,-0.013896397094,-0.99889993727
1531943898157578308,1338,1531943898156979243,map,-136.204849243,200.433135986,49.9589309692,0.0475667984348,-0.0410072945551,-0.0138159260961,-0.997930319043
1531943898368981043,1339,1531943898368466617,map,-132.388534546,200.342102051,49.6341362,0.0475667984348,-0.0410072945551,-0.0138159260961,-0.997930319043
1531943898619482613,1340,1531943898616438134,map,-128.172286987,200.289703369,49.3288841248,0.0324533611527,-0.0254896731162,-0.0308634950552,-0.998671367662
1531943898834085441,1341,1531943898833397416,map,-124.316230774,200.269439697,49.1227455139,0.0324533611527,-0.0254896731162,-0.0308634950552,-0.998671367662
1531943899056021501,1342,1531943899055045864,map,-120.518997192,200.25680542,48.9924736023,0.0158620936816,-0.00734889981514,-0.0346385556889,-0.99924699555
1531943899323359242,1343,1531943899322708817,map,-116.052337646,200.239868164,48.9103851318,0.0117658174325,0.0103567865207,-0.0381155089761,-0.999150394329
1531943899567522325,1344,1531943899566990459,map,-111.637153625,200.217956543,48.9063148499,0.0117658174325,0.0103567865207,-0.0381155089761,-0.999150394329
1531943899774176188,1345,1531943899773597602,map,-108.296791077,200.204193115,48.9213638306,0.0129506750679,0.0185225377356,-0.0455414358081,-0.998706750371
1531943900025574680,1346,1531943900024888831,map,-104.362724304,200.186401367,48.9420089722,0.0129506750679,0.0185225377356,-0.0455414358081,-0.998706750371
1531943900246486309,1347,1531943900245540527,map,-100.72063446,200.16809082,48.9540100098,0.000129531842044,0.0175230634309,-0.0493966075078,-0.998625505701
1531943900487968689,1348,1531943900486668319,map,-96.4591369629,200.150787354,48.936378479,0.000129531842044,0.0175230634309,-0.0493966075078,-0.998625505701
1531943900707066354,1349,1531943900706300667,map,-92.813293457,200.123657227,48.9029350281,-0.0142805785959,0.00914469174162,-0.0387597741228,-0.999104658981
1531943900943060666,1350,1531943900941722345,map,-89.1809005737,200.061401367,48.8896026611,-0.0142805785959,0.00914469174162,-0.0387597741228,-0.999104658981
1531943901161947424,1351,1531943901161164393,map,-85.1680755615,199.954437256,48.9015960693,-0.0240747826255,0.00412465715033,-0.0313330950012,-0.999210502948
1531943901414140539,1352,1531943901413658368,map,-81.4850158691,199.843261719,48.8937454224,-0.0240747826255,0.00412465715033,-0.0313330950012,-0.999210502948
1531943901650360228,1353,1531943901649875337,map,-77.1408157349,199.725219727,48.8778457642,-0.00868755783548,0.00148063842151,-0.0424551953155,-0.999059502952
1531943901878109738,1354,1531943901877150004,map,-73.4077758789,199.661468506,48.8408927917,-0.00868755783548,0.00148063842151,-0.0424551953155,-0.999059502952
1531943902116554044,1355,1531943902115833892,map,-69.3385772705,199.617340088,48.7123413086,0.0156204904782,-0.00585441175294,-0.0240172683392,-0.999572357042
1531943902356613822,1356,1531943902356147619,map,-65.2536087036,199.576416016,48.5282478333,0.0112694508992,-0.00970618764618,-0.0154878285096,-0.999769431702
1531943902570609565,1357,1531943902570033251,map,-61.5000915527,199.537261963,48.3312454224,0.0112694508992,-0.00970618764618,-0.0154878285096,-0.999769431702
1531943902814544372,1358,1531943902812369324,map,-57.3246421814,199.511688232,48.1128692627,0.0137238535386,-0.0077475456971,-0.02774757772,-0.999490721973
1531943903093588910,1359,1531943903093033492,map,-52.419128418,199.518371582,47.9124336243,0.00145649065258,-0.00712564246701,-0.0367804615659,-0.999296903578
1531943903330429430,1360,1531943903329017286,map,-48.5438461304,199.568359375,47.8263549805,0.0188389726159,-0.00357464247969,-0.038418607976,-0.999077737518
1531943903534123528,1361,1531943903533293329,map,-44.56798172,199.666320801,47.7681999207,0.0188389726159,-0.00357464247969,-0.038418607976,-0.999077737518
1531943903806342479,1362,1531943903805748310,map,-39.5328445435,199.815093994,47.7484169006,0.0188389726159,-0.00357464247969,-0.038418607976,-0.999077737518
1531943904041716392,1363,1531943904040740723,map,-35.5902442932,199.940032959,47.7624473572,0.00928712640653,0.00536694809514,-0.0239705292552,-0.999655119968
1531943904232955589,1364,1531943904232474666,map,-32.0429458618,200.051391602,47.8114814758,0.00928712640653,0.00536694809514,-0.0239705292552,-0.999655119968
1531943904494326886,1365,1531943904493683021,map,-27.3911972046,200.180938721,47.9680252075,-0.0120898650846,0.0133801688669,-0.0316497464632,-0.999336329667
1531943904756116930,1366,1531943904754565299,map,-23.1090297699,200.281829834,48.1594696045,-0.0151453935592,0.0201272557498,-0.0354477378751,-0.999054036832
1531943905006710329,1367,1531943905006106047,map,-18.1370697021,200.414001465,48.4662971497,-0.0151453935592,0.0201272557498,-0.0354477378751,-0.999054036832
1531943905200923863,1368,1531943905199755940,map,-14.5683040619,200.524871826,48.7356185913,0.00420394693788,0.0172199999762,-0.0135184519799,-0.999751494066
1531943905468283482,1369,1531943905467650753,map,-9.94176483154,200.666412354,49.2314224243,0.00420394693788,0.0172199999762,-0.0135184519799,-0.999751494066
1531943905752898337,1370,1531943905749300776,map,-5.01631593704,200.76763916,49.8205986023,-0.033288535552,0.0208138605482,-0.00451083189646,-0.999218849405
1531943905979899931,1371,1531943905967219941,map,-1.88685321808,200.80657959,50.1407814026,-0.0360673037354,0.0157686278341,-0.00867876359201,-0.999187259246
1531943906197412287,1372,1531943906193069230,map,2.64443492889,200.851165771,50.4961128235,-0.0360673037354,0.0157686278341,-0.00867876359201,-0.999187259246
1531943906429592580,1373,1531943906428830572,map,6.44938659668,200.860168457,50.6930046082,-0.044688103475,0.00247706432327,0.0124392455235,-0.998920468672
1531943906689484348,1374,1531943906689009473,map,11.2070236206,200.798431396,50.8383789062,-0.0421314583709,-0.0104962474082,0.0217625151097,-0.998819884635
1531943906957035040,1375,1531943906952212661,map,15.3875083923,200.705322266,50.8744506836,-0.0421314583709,-0.0104962474082,0.0217625151097,-0.998819884635
1531943907161398646,1376,1531943907160761469,map,19.5888957977,200.584899902,50.8458557129,-0.021515560654,-0.0205826811004,0.0145319292135,-0.999450977748
1531943907418757069,1377,1531943907417715288,map,23.760887146,200.466339111,50.8274040222,-0.021515560654,-0.0205826811004,0.0145319292135,-0.999450977748
1531943907648564559,1378,1531943907647737208,map,27.7212543488,200.36819458,50.8486213684,0.00358946923626,-0.0254971750061,0.0058222239184,-0.999651495015
1531943907896760490,1379,1531943907896176336,map,32.4083862305,200.282012939,50.891204834,0.00358946923626,-0.0254971750061,0.0058222239184,-0.999651495015
1531943908134788756,1380,1531943908133738048,map,36.720741272,200.227722168,50.9565124512,0.00330903975121,-0.0223971645626,0.00771062689739,-0.999713940839
1531943908330138063,1381,1531943908325876445,map,40.2496261597,200.179901123,51.0639686584,0.00330903975121,-0.0223971645626,0.00771062689739,-0.999713940839
1531943908599390472,1382,1531943908598846798,map,44.9062080383,200.115600586,51.2972831726,0.00411570058558,-0.0171731634922,0.0075994384183,-0.999815178921
1531943908804036957,1383,1531943908803655841,map,48.4566383362,200.059783936,51.4079933167,-0.00200545789453,-0.0175800664243,-0.00416096130618,-0.999834789255
1531943909069680318,1384,1531943909068608490,map,52.9724235535,199.994720459,51.4117965698,-0.00200545789453,-0.0175800664243,-0.00416096130618,-0.999834789255
1531943909330412696,1385,1531943909329654112,map,57.777633667,199.963317871,51.3032989502,0.0253681280431,-0.0193259533508,-0.0104487176937,-0.99943673632
1531943909565724452,1386,1531943909565257705,map,61.9565124512,199.971984863,51.1655807495,0.0253681280431,-0.0193259533508,-0.0104487176937,-0.99943673632
1531943909832712186,1387,1531943909831746788,map,66.1674423218,199.969299316,51.0148162842,-0.00250260847975,-0.0292103075145,0.00301147708943,-0.999565618602
1531943910079541323,1388,1531943910077914908,map,70.3573760986,199.935760498,50.9050216675,-0.00250260847975,-0.0292103075145,0.00301147708943,-0.999565618602
1531943910319509512,1389,1531943910318878094,map,75.0328979492,199.927703857,50.7522544861,-0.0101272276225,-0.032427377753,-0.0258099326395,-0.999089461365
1531943910562797057,1390,1531943910561980937,map,79.7440414429,199.964630127,50.5681686401,0.00587321591566,-0.0379475286269,-0.00586452637387,-0.999245264055
1531943910852700193,1391,1531943910852136007,map,84.4360656738,200.006347656,50.4064598083,0.00587321591566,-0.0379475286269,-0.00586452637387,-0.999245264055
1531943911064628334,1392,1531943911063515258,map,88.1137542725,200.01864624,50.2858161926,-0.0323505709366,-0.0321900004386,0.00410141285357,-0.998949659815
1531943911286553170,1393,1531943911285732315,map,92.9037017822,199.989349365,50.1092071533,-0.0323505709366,-0.0321900004386,0.00410141285357,-0.998949659815
1531943911534085312,1394,1531943911533524646,map,97.322265625,199.923095703,49.992515564,-0.0316126372866,-0.0239926544431,-0.00355414017725,-0.999205865567
1531943911801511608,1395,1531943911799970249,map,102.108970642,199.813232422,49.9867324829,-0.0316126372866,-0.0239926544431,-0.00355414017725,-0.999205865567
1531943912057648939,1396,1531943912057060689,map,106.948783875,199.601623535,50.1747512817,-0.0644178222159,-0.00764936922395,-0.00827720898943,-0.99785936842
1531943912322280324,1397,1531943912316875838,map,111.747322083,199.310668945,50.3892860413,-0.0644178222159,-0.00764936922395,-0.00827720898943,-0.99785936842
1531943912528406900,1398,1531943912526863780,map,115.385520935,199.087799072,50.5358734131,-0.0174970385118,0.0015184893119,-0.0344409550068,-0.999252404777
1531943912768140761,1399,1531943912764713502,map,119.739440918,198.855895996,50.6479377747,-0.0174970385118,0.0015184893119,-0.0344409550068,-0.999252404777
1531943913036177518,1400,1531943913035651028,map,124.777542114,198.568023682,50.6907958984,0.000233418153639,-0.00733841901078,-0.0104411267373,-0.999918534679
1531943913230958811,1401,1531943913230553471,map,128.232894897,198.344604492,50.6536102295,-0.0255167826161,-0.0123111126387,-0.0173599062411,-0.999447829537
1531943913466633199,1402,1531943913466190388,map,132.560638428,198.035369873,50.5800094604,-0.0255167826161,-0.0123111126387,-0.0173599062411,-0.999447829537
1531943913714264386,1403,1531943913713529674,map,136.879272461,197.666442871,50.4389457703,-0.0954057114866,-0.0214935994166,-0.0177783244746,-0.995047590107
1531943913933410088,1404,1531943913932673840,map,140.521697998,197.273010254,50.2632637024,-0.0954057114866,-0.0214935994166,-0.0177783244746,-0.995047590107
1531943914207232772,1405,1531943914199803252,map,145.673522949,196.524230957,49.9499702454,-0.15340432537,-0.0285088416518,0.00609805885983,-0.987733350952
1531943914427431810,1406,1531943914426862345,map,149.783401489,195.758178711,49.6700401306,-0.15340432537,-0.0285088416518,0.00609805885983,-0.987733350952
1531943914674605950,1407,1531943914674008261,map,154.745681763,194.617156982,49.2237892151,-0.221610373717,-0.0295652413313,0.0485610978054,-0.973476532098
1531943914913413140,1408,1531943914912673628,map,159.332885742,193.265991211,48.6748809814,-0.320349870748,-0.0177654100517,0.115417824045,-0.940073973903
1531943915185156649,1409,1531943915184392722,map,163.899673462,191.464416504,48.0457420349,-0.320349870748,-0.0177654100517,0.115417824045,-0.940073973903
1531943915431451601,1410,1531943915430697722,map,168.787033081,188.859313965,47.4019889832,-0.36128281504,0.044264071291,0.207514014768,-0.907994137219
1531943915704671384,1411,1531943915701900630,map,173.792434692,185.276245117,46.9496955872,-0.323230061304,0.0881884158773,0.276982708159,-0.900569658691
1531943915944188937,1412,1531943915943557680,map,177.759155273,181.699707031,46.7076454163,-0.323230061304,0.0881884158773,0.276982708159,-0.900569658691
1531943916131398158,1413,1531943916130459096,map,180.528579712,178.700378418,46.5889320374,-0.346316098914,0.158531573495,0.341507405397,-0.859247107587
1531943916386626170,1414,1531943916385873858,map,184.279037476,173.563262939,46.5427398682,-0.344034701854,0.184897399351,0.374250846049,-0.841064432647
1531943916607842035,1415,1531943916606979932,map,186.711105347,169.240692139,46.5847816467,-0.335320638239,0.212084413346,0.424533014519,-0.813850103379
1531943916856505029,1416,1531943916855611471,map,188.877502441,164.2940979,46.6538162231,-0.335320638239,0.212084413346,0.424533014519,-0.813850103379
1531943917082654346,1417,1531943917082310158,map,190.424621582,159.578735352,46.7193412781,-0.318025513812,0.246380746137,0.526189306473,-0.749186968821
1531943917338350420,1418,1531943917337605820,map,191.529632568,154.356506348,46.8184394836,-0.318025513812,0.246380746137,0.526189306473,-0.749186968821
1531943917589891754,1419,1531943917589400975,map,191.99937439,148.328033447,47.0161247253,-0.277659931829,0.276862138087,0.611847838756,-0.686945806421
1531943917833183704,1420,1531943917832490240,map,191.819442749,143.562896729,47.287612915,-0.277659931829,0.276862138087,0.611847838756,-0.686945806421
1531943918039089304,1421,1531943918034050126,map,191.35168457,139.338226318,47.5791702271,0.175029254558,-0.264032319532,-0.69594282318,0.644449595512
1531943918233551445,1422,1531943918232924988,map,190.617919922,134.85458374,47.934513092,0.115529531837,-0.221680291224,-0.743966675026,0.619696992253
1531943918504285632,1423,1531943918503647303,map,189.572891235,129.781311035,48.449924469,0.0409582545528,-0.151527529994,-0.790180847736,0.59243232264
1531943918725590621,1424,1531943918724768294,map,188.602005005,125.555648804,49.0366706848,0.0409582545528,-0.151527529994,-0.790180847736,0.59243232264
1531943918965675505,1425,1531943918965073751,map,187.558135986,121.094543457,49.7999801636,-0.0162025726489,-0.0767050489115,-0.822248001712,0.56370385469
1531943919209461343,1426,1531943919207933008,map,186.487533569,116.37877655,50.5922012329,-0.0544876845242,-0.0163218083326,-0.831898126301,0.552005614342
1531943919464503350,1427,1531943919464022811,map,185.568725586,112.073692322,51.2514076233,-0.0544876845242,-0.0163218083326,-0.831898126301,0.552005614342
1531943919723637536,1428,1531943919722882984,map,184.643615723,107.422424316,51.8838195801,-0.0722111480932,0.0388136559672,-0.825173444904,0.558898770822
1531943919961745196,1429,1531943919959487332,map,183.893814087,103.237472534,52.3267364502,-0.0722111480932,0.0388136559672,-0.825173444904,0.558898770822
1531943920232579708,1430,1531943920232018402,map,183.134552002,98.2561950684,52.6993293762,-0.0667533002035,0.0828811254937,-0.799688693135,0.59090837701
1531943920474366212,1431,1531943920473182001,map,182.587463379,93.9616928101,52.8368530273,-0.0667533002035,0.0828811254937,-0.799688693135,0.59090837701
1531943920685687538,1432,1531943920685263734,map,182.138748169,90.0169906616,52.7415313721,-0.0524781408956,0.109713117852,-0.793898379103,0.595763745252
1531943920927381786,1433,1531943920926583075,map,181.730407715,86.1345748901,52.5012168884,-0.0225479063029,0.095191963624,-0.788349076981,0.607400868295
1531943921163227747,1434,1531943921161805939,map,181.322097778,81.7073440552,52.1306800842,-0.0225479063029,0.095191963624,-0.788349076981,0.607400868295
1531943921399577896,1435,1531943921399015054,map,180.956863403,76.8421173096,51.7257041931,-0.00396080070832,0.0828439797157,-0.77376740893,0.628016865984
1531943921677038678,1436,1531943921676443388,map,180.661529541,71.8794555664,51.3623275757,-0.00396080070832,0.0828439797157,-0.77376740893,0.628016865984
1531943921910421594,1437,1531943921909490596,map,180.445343018,67.2426605225,51.0427780151,-0.00941792937583,0.0740977341961,-0.761048811559,0.644379961528
1531943922110012840,1438,1531943922109348431,map,180.307266235,63.3185768127,50.7723999023,-0.00941792937583,0.0740977341961,-0.761048811559,0.644379961528
1531943922385500846,1439,1531943922384281243,map,180.188232422,58.5906105042,50.4743728638,-0.0150632967846,0.0582161911247,-0.752988699161,0.655280086007
1531943922608878847,1440,1531943922608483428,map,180.109436035,53.5293006897,50.209651947,-0.0145936518592,0.0380824188467,-0.744111288158,0.666809677146
1531943922873380186,1441,1531943922869472676,map,180.075897217,48.4106750488,50.0318641663,-0.0145936518592,0.0380824188467,-0.744111288158,0.666809677146
1531943923109157289,1442,1531943923108730221,map,180.063156128,43.717956543,49.9565696716,-0.01207759946,0.0110228927962,-0.732659979329,0.680398399554
1531943923388075885,1443,1531943923386567869,map,180.055297852,39.0495109558,49.9438056946,-0.01207759946,0.0110228927962,-0.732659979329,0.680398399554
1531943923630600053,1444,1531943923629892509,map,180.053985596,34.0191078186,49.9707450867,-0.0112290464397,0.00147718034019,-0.729195848616,0.684211327599
1531943923849337659,1445,1531943923848326469,map,180.041320801,29.7630977631,50.0484428406,-0.0112290464397,0.00147718034019,-0.729195848616,0.684211327599
1531943924094981314,1446,1531943924094405289,map,179.987365723,24.775850296,50.1671409607,0.00264088718911,-0.0212235880366,-0.726759654413,0.686558802829
1531943924379555182,1447,1531943924370843338,map,179.89515686,19.446811676,50.3416481018,-0.00299225434856,-0.0200099864352,-0.715805946244,0.698006084628
1531943924572975235,1448,1531943924572323850,map,179.824081421,15.677324295,50.477809906,-0.00299225434856,-0.0200099864352,-0.715805946244,0.698006084628
1531943924846389029,1449,1531943924845210386,map,179.71585083,10.7959136963,50.6586799622,0.00851356780545,-0.0287023345308,-0.718390292913,0.69499574258
1531943925067944624,1450,1531943925067109209,map,179.592956543,6.7795920372,50.8253364563,0.00851356780545,-0.0287023345308,-0.718390292913,0.69499574258
1531943925342836838,1451,1531943925341981551,map,179.358551025,1.61945664883,51.0687141418,0.0463533003549,-0.0679361659269,-0.72091383653,0.688127378619
1531943925584048419,1452,1531943925582795984,map,179.07875061,-2.39160346985,51.2032814026,0.0463533003549,-0.0679361659269,-0.72091383653,0.688127378619
1531943925807855736,1453,1531943925806548902,map,178.600753784,-7.11437225342,51.2860908508,0.0985484435627,-0.114091848144,-0.730973968762,0.665543620998
1531943926074300393,1454,1531943926073395506,map,177.933654785,-11.7486820221,51.2646903992,0.0985484435627,-0.114091848144,-0.730973968762,0.665543620998
1531943926316034242,1455,1531943926315403529,map,177.117874146,-16.0503482819,51.116230011,0.153828566992,-0.158707013821,-0.750253469278,0.623112018482
1531943926567552020,1456,1531943926566941018,map,175.944992065,-20.6607875824,50.8443717957,0.153828566992,-0.158707013821,-0.750253469278,0.623112018482
1531943926785239181,1457,1531943926783181506,map,174.690750122,-24.4789485931,50.5318069458,0.191229354296,-0.213493651106,-0.771321689732,0.568255792703
1531943927065530445,1458,1531943927064800469,map,173.034881592,-28.6005058289,50.0775184631,0.191229354296,-0.213493651106,-0.771321689732,0.568255792703
1531943927267627534,1459,1531943927266823735,map,171.263473511,-32.2464599609,49.5522346497,0.200317743822,-0.256829058349,-0.804827528868,0.496149458403
1531943927547054490,1460,1531943927544577813,map,168.559234619,-36.6410255432,48.8117752075,0.181239178796,-0.30680132573,-0.837088283526,0.415100604894
1531943927734544054,1461,1531943927734086107,map,166.55506897,-39.2177276611,48.3491401672,0.181239178796,-0.30680132573,-0.837088283526,0.415100604894
1531943928013074444,1462,1531943928011656123,map,163.023620605,-42.8417739868,47.6363830566,0.159618078414,-0.345034423903,-0.855137038126,0.352440011052
1531943928222848637,1463,1531943928222513249,map,159.969360352,-45.3242759705,47.0626564026,0.159618078414,-0.345034423903,-0.855137038126,0.352440011052
1531943928493170797,1464,1531943928491485119,map,156.191299438,-47.7423171997,46.4075698853,0.125377485179,-0.346522087489,-0.897800231839,0.241159019739
1531943928731718830,1465,1531943928730635321,map,152.418106079,-49.507194519,45.8628005981,0.0930695972667,-0.339652875783,-0.927048183305,0.128668721401
1531943928969396824,1466,1531943928968709791,map,148.15296936,-50.7874145508,45.3989868164,0.0930695972667,-0.339652875783,-0.927048183305,0.128668721401
1531943929238970962,1467,1531943929238451704,map,143.839233398,-51.4854812622,45.059967041,0.0486867593141,-0.313300569577,-0.947731428881,0.0357420100343
1531943929417061046,1468,1531943929410054240,map,140.867385864,-51.6848449707,44.8916664124,0.0154755405878,-0.268528484488,-0.962884021032,-0.022523825247
1531943929677945804,1469,1531943929674199732,map,136.648788452,-51.665725708,44.7044868469,0.0154755405878,-0.268528484488,-0.962884021032,-0.022523825247
1531943929978127555,1470,1531943929977134894,map,132.29069519,-51.3311195374,44.5963058472,-0.0228572484844,-0.181980809695,-0.978295603879,-0.0964273951015
1531943930157279869,1471,1531943930156669283,map,129.274047852,-50.9493255615,44.6034698486,-0.0228572484844,-0.181980809695,-0.978295603879,-0.0964273951015
1531943930388370482,1472,1531943930387257118,map,126.053543091,-50.4637184143,44.66381073,-0.0370367268127,-0.0938650104169,-0.985265481411,-0.138092620466
1531943930649331915,1473,1531943930645364085,map,122.351318359,-49.8693122864,44.7476119995,-0.0340492853722,-0.0369030931031,-0.985889316272,-0.159690525535
1531943930854690800,1474,1531943930853900440,map,119.572319031,-49.4232788086,44.7957420349,-0.0340492853722,-0.0369030931031,-0.985889316272,-0.159690525535
1531943931131916510,1475,1531943931125080038,map,115.873947144,-48.8603286743,44.8060302734,-0.0260269941489,0.0103077868771,-0.984720087296,-0.171879884747
1531943931347519833,1476,1531943931346411301,map,112.928657532,-48.4607925415,44.7530860901,-0.00886838517691,0.0581928740006,-0.984385462083,-0.165892143271
1531943931574582203,1477,1531943931574197407,map,109.982177734,-48.1254348755,44.6375732422,-0.00886838517691,0.0581928740006,-0.984385462083,-0.165892143271
1531943931834352068,1478,1531943931833188720,map,106.290519714,-47.8202514648,44.3905448914,0.0102342605573,0.0841877182429,-0.985537006227,-0.146712294524
1531943932072646480,1479,1531943932072061398,map,103.128318787,-47.6750488281,44.0979728699,0.0260765587096,0.113347281818,-0.985222669469,-0.125732646333
1531943932298947964,1480,1531943932298299683,map,100.165313721,-47.6529426575,43.7958068848,0.0260765587096,0.113347281818,-0.985222669469,-0.125732646333
1531943932526746617,1481,1531943932522973953,map,97.1966629028,-47.7393684387,43.5032272339,0.0302855250705,0.120527876154,-0.986967756764,-0.102227516598
1531943932745255639,1482,1531943932744839804,map,94.2101211548,-47.9082183838,43.1862792969,0.0302855250705,0.120527876154,-0.986967756764,-0.102227516598
1531943932993216415,1483,1531943932992568518,map,90.9201507568,-48.1660194397,42.8137626648,0.0372179022039,0.0812977882427,-0.994525504763,-0.0540788106236
1531943933213755307,1484,1531943933213276144,map,87.610748291,-48.4992332458,42.4330444336,0.0264715500364,0.0665948891855,-0.997276630827,-0.0174269727767
1531943933460783232,1485,1531943933459225808,map,84.2865371704,-48.9163970947,42.0835494995,0.0264715500364,0.0665948891855,-0.997276630827,-0.0174269727767
1531943933715007592,1486,1531943933714332816,map,81.0321502686,-49.4063835144,41.8101768494,-0.00423171893495,0.0524651209566,-0.998603976926,0.00442729099847
1531943933937270530,1487,1531943933936444075,map,77.7025146484,-49.9705963135,41.6635932922,-0.00423171893495,0.0524651209566,-0.998603976926,0.00442729099847
1531943934211270748,1488,1531943934205546776,map,74.1188430786,-50.6072120667,41.6606636047,-0.0246829576202,0.0176894185357,-0.999520690633,0.00601872674259
1531943934408071235,1489,1531943934404756454,map,71.4704818726,-51.0783996582,41.6880187988,-0.0333140180909,-0.0102560385135,-0.999369856021,-0.00669930958936
1531943934650045167,1490,1531943934649490901,map,68.0095825195,-51.6564559937,41.7032432556,-0.0333140180909,-0.0102560385135,-0.999369856021,-0.00669930958936
1531943934900360451,1491,1531943934899764361,map,64.9013519287,-52.092628479,41.7239837646,-0.0488251134775,-0.0689426802781,-0.996231892459,-0.0196222215287
1531943935161053451,1492,1531943935159125215,map,61.3852424622,-52.4430046082,41.7522392273,-0.0602616865933,-0.0978960593243,-0.992918778414,-0.0299531329072
1531943935440786220,1493,1531943935437747308,map,58.2422180176,-52.619758606,41.7606468201,-0.0646257585879,-0.0978292418154,-0.991668046949,-0.053361366482
1531943935675253834,1494,1531943935674880717,map,55.3783912659,-52.680431366,41.7135047913,-0.0646257585879,-0.0978292418154,-0.991668046949,-0.053361366482
1531943935899843759,1495,1531943935898925432,map,52.8251647949,-52.6543731689,41.6174201965,-0.0579024506571,-0.0877461722862,-0.990227769603,-0.0916344900378
1531943936172874296,1496,1531943936172259423,map,49.642364502,-52.5166168213,41.4191970825,-0.0579024506571,-0.0877461722862,-0.990227769603,-0.0916344900378
1531943936387794694,1497,1531943936387093869,map,47.1552276611,-52.3331985474,41.1924552917,-0.0404676391991,-0.0714259436476,-0.987903418867,-0.131558123057
1531943936634766338,1498,1531943936634277255,map,44.4644355774,-52.0820503235,40.8628807068,-0.0404676391991,-0.0714259436476,-0.987903418867,-0.131558123057
1531943936895244817,1499,1531943936894833845,map,41.5699272156,-51.7644729614,40.4367218018,-0.0161117780334,-0.0343553782173,-0.985322977112,-0.166429412579
1531943937113910712,1500,1531943937113434717,map,39.1278533936,-51.4731712341,40.0239715576,-0.0161117780334,-0.0343553782173,-0.985322977112,-0.166429412579
1531943937363212831,1501,1531943937361149429,map,36.1923103333,-51.1118812561,39.4779319763,0.00840617372517,-0.0038731278934,-0.984887633966,-0.172947054281
1531943937597575715,1502,1531943937597150759,map,33.6590690613,-50.8132781982,39.0006523132,0.00840617372517,-0.0038731278934,-0.984887633966,-0.172947054281
1531943937875785786,1503,1531943937874295434,map,30.6888961792,-50.5093345642,38.47057724,0.00584078460631,0.0399782255662,-0.987417964347,-0.152883584469
1531943938111020534,1504,1531943938110514331,map,27.6012516022,-50.2794303894,37.951210022,0.00454587266085,0.0623400016532,-0.987903905961,-0.141911704316
1531943938318444342,1505,1531943938317264963,map,25.2176742554,-50.172164917,37.5530433655,-0.00486834798225,0.0819005122732,-0.99067611684,-0.10876321437
1531943938612568362,1506,1531943938612044111,map,21.863035202,-50.1442070007,37.0452766418,-0.00486834798225,0.0819005122732,-0.99067611684,-0.10876321437
1531943938831594065,1507,1531943938824000545,map,19.2669830322,-50.2274665833,36.7168312073,-0.0292477222051,0.0830798988507,-0.99412204456,-0.0629576180643
1531943939082183854,1508,1531943939079584553,map,16.1868782043,-50.4350128174,36.3251724243,-0.0301052479951,0.0726150914078,-0.996619379796,-0.0238858610441
1531943939306119172,1509,1531943939302561258,map,13.3897724152,-50.7191162109,35.9241027832,-0.0301052479951,0.0726150914078,-0.996619379796,-0.0238858610441
1531943939622329332,1510,1531943939621790937,map,9.96067619324,-51.228515625,35.4045753479,-0.039764408629,0.0771303132399,-0.996042666835,0.0192018861279
1531943939813078406,1511,1531943939809709769,map,7.69924116135,-51.6770057678,35.0681037903,-0.0513170158393,0.0947399937714,-0.9932335763,0.0433354401921
1531943940055702968,1512,1531943940054934848,map,5.03069639206,-52.310749054,34.6266174316,-0.0513170158393,0.0947399937714,-0.9932335763,0.0433354401921
1531943940380186900,1513,1531943940379753880,map,1.54285144806,-53.2404327393,33.9921989441,-0.040771983279,0.013962734677,-0.996266456682,0.0748053120385
1531943940564291820,1514,1531943940563780306,map,-0.606807291508,-53.8323326111,33.5917358398,-0.040771983279,0.013962734677,-0.996266456682,0.0748053120385
1531943940825564701,1515,1531943940824501960,map,-3.3720471859,-54.5981636047,33.0648651123,-0.05789722241,-0.0174518846623,-0.99369865915,0.0943732915685
1531943941068099443,1516,1531943941066221095,map,-5.70547151566,-55.2332077026,32.5775680542,-0.05789722241,-0.0174518846623,-0.99369865915,0.0943732915685
1531943941340441523,1517,1531943941340037175,map,-8.61342811584,-55.9838676453,31.8722057343,-0.0258377535519,-0.0551070975997,-0.99397819971,0.0911205618252
1531943941591231861,1518,1531943941590710842,map,-11.4104595184,-56.6309318542,31.1662082672,-0.0254326148773,-0.0812568650057,-0.994152491829,0.0664178212519
1531943941784862124,1519,1531943941784156595,map,-13.5745220184,-57.0686035156,30.6630306244,-0.0254326148773,-0.0812568650057,-0.994152491829,0.0664178212519
1531943941998675824,1520,1531943941998080406,map,-15.956987381,-57.4953918457,30.1509742737,-0.0254326148773,-0.0812568650057,-0.994152491829,0.0664178212519
1531943942269640034,1521,1531943942269036168,map,-18.7925243378,-57.9120025635,29.5874633789,-0.035190258265,-0.0936192795524,-0.994974147509,-0.00484994927092
1531943942517083369,1522,1531943942512702199,map,-21.217710495,-58.1604537964,29.1366786957,-0.0467658549164,-0.12076092215,-0.99001088865,-0.0557511869865
1531943942788473430,1523,1531943942787694654,map,-24.2804107666,-58.3075675964,28.6622886658,-0.0467658549164,-0.12076092215,-0.99001088865,-0.0557511869865
1531943942984994417,1524,1531943942983725726,map,-26.6148090363,-58.3289413452,28.3298625946,-0.0766158244166,-0.102989580314,-0.988213018121,-0.0834157815568
