%time,field.header.seq,field.header.stamp,field.header.frame_id,field.twist.linear.x,field.twist.linear.y,field.twist.linear.z,field.twist.angular.x,field.twist.angular.y,field.twist.angular.z
1531943810890502942,998,1531943810886923691,map,19.4949512482,-0.396292716265,-0.0432585254312,1.43843221664,-0.524784803391,0.297618746758
1531943811116305337,999,1531943811115416485,map,19.2683525085,0.627214074135,1.0007288456,2.04822897911,-0.148679882288,0.18908059597
1531943811371488001,1000,1531943811370583181,map,18.8760986328,0.366526693106,1.83160805702,2.04822897911,-0.148679882288,0.18908059597
1531943811636387181,1001,1531943811635830869,map,18.1085548401,-0.0968089774251,2.72840046883,0.408364027739,-0.191197872162,0.111469060183
1531943811895638658,1002,1531943811894824780,map,17.3451747894,0.454347640276,3.12693881989,-1.13595020771,0.0584399700165,-0.0143232503906
1531943812113258220,1003,1531943812112339640,map,16.8927211761,1.29954528809,3.03962397575,-0.777475893497,-0.0152240563184,0.0192843638361
1531943812400469891,1004,1531943812396912496,map,16.7139987946,2.33887767792,2.49127268791,-0.777475893497,-0.0152240563184,0.0192843638361
1531943812633927622,1005,1531943812632502936,map,16.2134799957,3.70033025742,1.81975495815,-0.232116565108,-0.137537032366,0.26390427351
1531943812864325104,1006,1531943812862993633,map,15.5565729141,5.48348140717,1.49829030037,-0.283766031265,-0.288865119219,0.30848005414
1531943813109895709,1007,1531943813109222693,map,14.5506677628,7.99811506271,1.58462655544,-0.283766031265,-0.288865119219,0.30848005414
1531943813389420318,1008,1531943813388664615,map,12.7419700623,10.9165287018,1.86108934879,-0.105808258057,-0.509014129639,0.288842856884
1531943813612316366,1009,1531943813611524344,map,10.6073789597,13.3536748886,2.15109372139,-0.105808258057,-0.509014129639,0.288842856884
1531943813923620540,1010,1531943813922365868,map,7.43210268021,15.7592477798,2.34857940674,0.0454044826329,-0.569727957249,0.428021878004
1531943814131874378,1011,1531943814126899433,map,5.19453191757,16.8507633209,2.41029667854,-0.0256094112992,-0.600879848003,0.449950039387
1531943814364164809,1012,1531943814360188987,map,1.72699940205,17.7928600311,2.54214644432,0.256349921227,-0.679751455784,0.357788085938
1531943814614766912,1013,1531943814612860248,map,-2.31422233582,17.9597644806,2.98458909988,0.256349921227,-0.679751455784,0.357788085938
1531943814858646924,1014,1531943814858095603,map,-5.75018930435,17.3823661804,3.26759433746,0.2301761657,-0.560435831547,0.39729475975
1531943815107692153,1015,1531943815106963843,map,-8.72879981995,16.0862731934,3.45707345009,0.559202075005,-0.650298953056,0.31594902277
1531943815378515511,1016,1531943815377851392,map,-11.6560678482,13.6349563599,4.23208856583,0.559202075005,-0.650298953056,0.31594902277
1531943815637453931,1017,1531943815636565047,map,-13.089094162,11.4513425827,4.7271566391,0.723986506462,-0.452043622732,0.270409703255
1531943815874636755,1018,1531943815873723166,map,-13.6536941528,9.58915424347,5.00855827332,0.723986506462,-0.452043622732,0.270409703255
1531943816104765014,1019,1531943816103645957,map,-13.4804258347,8.56424331665,5.14232826233,0.927370011806,-0.160982385278,0.144796937704
1531943816392800099,1020,1531943816391807408,map,-12.7568922043,7.80737686157,5.22584152222,0.983466625214,-0.0304964352399,0.179187878966
1531943816605655844,1021,1531943816603919162,map,-12.2931556702,7.67564678192,4.69766521454,0.582703113556,0.285023331642,0.00438828533515
1531943816835821323,1022,1531943816834986710,map,-11.8485059738,7.72576284409,3.62174582481,0.582703113556,0.285023331642,0.00438828533515
1531943817063710449,1023,1531943817062488800,map,-11.3322105408,7.89392471313,3.03838396072,0.12123670429,0.144283547997,-0.192706421018
1531943817333004081,1024,1531943817332274746,map,-10.7176771164,8.24305438995,2.08233237267,0.12123670429,0.144283547997,-0.192706421018
1531943817596247549,1025,1531943817595285417,map,-10.3592290878,8.5395488739,0.578305542469,-0.097155623138,0.347682505846,-0.0697623118758
1531943817831315148,1026,1531943817829215079,map,-10.1605272293,8.72142505646,-0.578548133373,-0.097155623138,0.347682505846,-0.0697623118758
1531943818049453778,1027,1531943818048106723,map,-10.037730217,8.91065979004,-1.52427744865,-0.247485652566,0.240839719772,-0.0541746281087
1531943818269613731,1028,1531943818269009258,map,-9.99551200867,9.11759567261,-2.39816331863,-0.247485652566,0.240839719772,-0.0541746281087
1531943818538661229,1029,1531943818537815640,map,-10.0203838348,9.41711425781,-2.96657538414,-0.0904142037034,0.0857492983341,-0.185951441526
1531943818844623591,1030,1531943818843300248,map,-10.0725812912,9.81020641327,-3.4324221611,0.0172535348684,0.0630395486951,-0.0521114170551
1531943818989404940,1031,1531943818988711444,map,-10.1213197708,10.0178775787,-3.53843426704,0.0172535348684,0.0630395486951,-0.0521114170551
1531943819242395430,1032,1531943819240705979,map,-10.2755250931,10.2966985703,-3.49863147736,0.0172535348684,0.0630395486951,-0.0521114170551
1531943819467877658,1033,1531943819467100611,map,-10.4573831558,10.5138778687,-3.36993861198,-0.154719412327,0.00504298321903,0.0319934114814
1531943819742106794,1034,1531943819740810170,map,-10.6674633026,10.7334537506,-3.05683946609,0.00964825972915,-0.145009204745,-0.0358195602894
1531943819971115089,1035,1531943819969671172,map,-10.7975873947,10.8405561447,-2.73915171623,0.00964825972915,-0.145009204745,-0.0358195602894
1531943820188828908,1036,1531943820188256211,map,-10.8555612564,10.9800138474,-2.19259500504,0.141607299447,-0.128241702914,-0.0308246463537
1531943820428539701,1037,1531943820427512162,map,-10.7887878418,11.0680398941,-1.79231846333,0.141607299447,-0.128241702914,-0.0308246463537
1531943820729025797,1038,1531943820726709730,map,-10.5963230133,11.1456041336,-1.23223865032,0.114318974316,-0.134247228503,0.00682967249304
1531943820984107469,1039,1531943820983062586,map,-10.3325300217,11.2164068222,-0.939729213715,0.0826206952333,-0.0609196089208,-0.063675917685
1531943821175725331,1040,1531943821175029916,map,-10.0088281631,11.3172159195,-0.877979695797,0.0826206952333,-0.0609196089208,-0.063675917685
1531943821451494048,1041,1531943821450283151,map,-9.47819042206,11.5729379654,-0.529268622398,0.165507018566,-0.0853922069073,-0.124968193471
1531943821662183129,1042,1531943821659120127,map,-8.97548961639,11.7925958633,-0.412784188986,0.165507018566,-0.0853922069073,-0.124968193471
1531943821957381523,1043,1531943821956010116,map,-8.29255580902,12.0331993103,-0.596739888191,0.0919082313776,-0.0279238782823,-0.0686655789614
1531943822134931181,1044,1531943822134243477,map,-7.89434194565,12.1954669952,-0.880940556526,0.190953999758,0.00889059621841,-0.263002604246
1531943822374140040,1045,1531943822373412689,map,-7.17669916153,12.5419492722,-1.27597725391,0.190953999758,0.00889059621841,-0.263002604246
1531943822610094892,1046,1531943822609448724,map,-5.92327451706,13.1809940338,-1.53875088692,0.611612558365,-0.0791478827596,-0.308182448149
1531943822892047666,1047,1531943822891083614,map,-4.36434459686,13.919219017,-1.67229402065,0.292934894562,-0.214551255107,-0.208498835564
1531943823170322475,1048,1531943823167559693,map,-2.56734752655,14.6290826797,-1.7573196888,0.292934894562,-0.214551255107,-0.208498835564
1531943823372477561,1049,1531943823371858977,map,-1.00999641418,15.0532217026,-1.93001616001,0.0655053630471,-0.179576769471,-0.474959015846
1531943823604525972,1050,1531943823603963355,map,0.683175325394,15.3005504608,-2.13479566574,0.118882440031,-0.292253732681,-0.389788091183
1531943823874539990,1051,1531943823873999165,map,3.19231319427,15.2680234909,-2.17175245285,0.118882440031,-0.292253732681,-0.389788091183
1531943824119924781,1052,1531943824119085592,map,5.60931539536,14.8525104523,-1.98203194141,0.0590702220798,-0.473059743643,-0.248604372144
1531943824398255406,1053,1531943824397529655,map,8.40389633179,13.8900413513,-1.53826117516,0.0590702220798,-0.473059743643,-0.248604372144
1531943824611739156,1054,1531943824611175483,map,10.4039669037,12.8279485703,-1.39369761944,0.179030269384,-0.357571154833,-0.367217481136
1531943824886363971,1055,1531943824885688652,map,12.8168706894,11.0670957565,-1.16808450222,0.179030269384,-0.357571154833,-0.367217481136
1531943825116006724,1056,1531943825115467851,map,14.7234067917,9.08117771149,-0.811127781868,-0.0496714711189,-0.573751926422,-0.295984566212
1531943825331547734,1057,1531943825330983677,map,15.9168758392,7.33881187439,-0.56168204546,-0.0496714711189,-0.573751926422,-0.295984566212
1531943825606951267,1058,1531943825604371267,map,17.1640129089,4.61533498764,0.18839083612,-0.331915229559,-0.436006784439,-0.351119160652
1531943825857003017,1059,1531943825856066901,map,17.6249389648,2.50399041176,0.802327692509,-0.393021076918,-0.332194596529,-0.216732606292
1531943826076637483,1060,1531943826075125437,map,17.6188468933,0.804499089718,1.34349119663,-0.500093340874,-0.227761670947,-0.208345785737
1531943826335954821,1061,1531943826334801460,map,17.3551959991,-0.237881243229,1.57684659958,-0.500093340874,-0.227761670947,-0.208345785737
1531943826571859394,1062,1531943826568875654,map,16.9462890625,-0.944442093372,1.62039363384,-0.669100642204,-0.0149485580623,-0.194219723344
1531943826807600384,1063,1531943826806602124,map,16.5723648071,-1.22789430618,1.97744047642,-0.669100642204,-0.0149485580623,-0.194219723344
1531943827071256326,1064,1531943827069499420,map,16.2232646942,-1.22329223156,1.97530341148,-0.435644805431,0.0272425040603,-0.0835534930229
1531943827330976451,1065,1531943827330267628,map,15.9468078613,-1.03311538696,1.76935386658,-0.151406764984,0.0072830170393,-0.0427022017539
1531943827577466499,1066,1531943827576634349,map,15.7152986526,-0.760424852371,1.76367998123,-0.151406764984,0.0072830170393,-0.0427022017539
1531943827819943476,1067,1531943827813735744,map,15.592171669,-0.423771649599,1.4648720026,-0.0352502353489,0.0888255089521,0.113398842514
1531943828019580438,1068,1531943828018379812,map,15.5241498947,-0.0746105536819,1.02341425419,-0.0352502353489,0.0888255089521,0.113398842514
1531943828297276219,1069,1531943828296101641,map,15.4900503159,0.40774127841,0.755998015404,-0.129684627056,0.0273287352175,0.071732878685
1531943828526156313,1070,1531943828523809653,map,15.4914445877,1.00535333157,0.50699877739,-0.129684627056,0.0273287352175,0.071732878685
1531943828797732169,1071,1531943828796340442,map,15.5776987076,1.45478665829,0.027290025726,0.228398099542,0.0974652916193,0.0536396577954
1531943829003800064,1072,1531943829000523624,map,15.6722898483,1.76994144917,-0.119547739625,0.306445926428,-0.00798338837922,0.144717171788
1531943829230536990,1073,1531943829229632905,map,15.8060617447,2.03545212746,-0.165840953588,0.306445926428,-0.00798338837922,0.144717171788
1531943829459827613,1074,1531943829458834729,map,15.9979057312,2.16441702843,-0.106733582914,0.298948645592,0.0548645481467,0.0456643104553
1531943829675985597,1075,1531943829674793420,map,16.1719913483,2.18911528587,-0.344678878784,0.298948645592,0.0548645481467,0.0456643104553
1531943829948155981,1076,1531943829947547893,map,16.4101734161,2.09428334236,-0.170412674546,0.100152894855,-0.0528750047088,-0.0908854305744
1531943830169547185,1077,1531943830168670204,map,16.5228900909,2.04624819756,-0.439343690872,0.100152894855,-0.0528750047088,-0.0908854305744
1531943830370403187,1078,1531943830369536158,map,16.6692314148,1.82844793797,-0.116276673973,-0.158774927258,-0.0605742372572,-0.329002022743
1531943830626862379,1079,1531943830625857559,map,16.805606842,1.46578800678,-0.282219618559,-0.158774927258,-0.0605742372572,-0.329002022743
1531943830874703852,1080,1531943830872934082,map,16.8956546783,0.981118917465,-0.485838025808,0.0294536240399,-0.040070746094,-0.195521131158
1531943831156339187,1081,1531943831155781242,map,16.9840049744,0.345302581787,-0.301686227322,0.118952549994,-0.0951441451907,0.0810247287154
1531943831349916146,1082,1531943831349278042,map,17.0427570343,-0.014989043586,0.122343502939,0.118952549994,-0.0951441451907,0.0810247287154
1531943831580270415,1083,1531943831579304251,map,17.1114063263,-0.171892821789,0.766202569008,-0.420995235443,-0.136662691832,0.14262676239
1531943831829853441,1084,1531943831828495249,map,17.0880508423,-0.00129594630562,0.911252498627,-0.131563395262,0.141743883491,-0.153539463878
1531943832076990610,1085,1531943832075792673,map,17.1184234619,0.0309700742364,0.539887964725,-0.131563395262,0.141743883491,-0.153539463878
1531943832362185815,1086,1531943832360488172,map,17.1730690002,-0.0578745007515,0.049271248281,0.158028125763,0.0113188419491,-0.0769645944238
1531943832531956126,1087,1531943832530217043,map,17.2022590637,-0.0890534818172,0.0886740013957,0.0178154595196,-0.0720835924149,0.0766749829054
1531943832795921607,1088,1531943832792812109,map,17.2587165833,-0.119090266526,0.419176280499,-0.0456756055355,-0.00156419910491,0.0157922580838
1531943833029169351,1089,1531943833028359825,map,17.2647628784,-0.13268686831,0.514541447163,-0.0456756055355,-0.00156419910491,0.0157922580838
1531943833262350765,1090,1531943833257987426,map,17.2334918976,-0.166319146752,0.633975744247,0.0223449524492,0.0426018089056,-0.0233808998019
1531943833489484892,1091,1531943833488772805,map,17.2245464325,-0.223301783204,0.365169733763,0.0223449524492,0.0426018089056,-0.0233808998019
1531943833732917445,1092,1531943833732324524,map,17.1898479462,-0.189596220851,0.100908830762,0.0182000994682,0.032681658864,0.0417346842587
1531943833965297780,1093,1531943833964446559,map,17.1787528992,-0.0271334163845,0.0310404635966,-0.133743956685,0.0388345830142,-0.0655050352216
1531943834233058426,1094,1531943834231779913,map,17.175157547,0.160715639591,0.0314033851028,-0.133743956685,0.0388345830142,-0.0655050352216
1531943834481493899,1095,1531943834477608218,map,17.1960887909,0.242388799787,-0.0191637314856,-0.00892941467464,0.026774212718,-0.0569442845881
1531943834778595468,1096,1531943834777759638,map,17.2074108124,0.0423914901912,0.180122405291,0.445882260799,-0.00724838115275,0.0435361862183
1531943834955927614,1097,1531943834954955978,map,17.2073783875,-0.0527381449938,-0.0570390969515,0.445882260799,-0.00724838115275,0.0435361862183
1531943835173527275,1098,1531943835171894367,map,17.2018203735,-0.141987323761,-0.0818666964769,0.0403399169445,-0.0271217636764,0.0888740569353
1531943835425430553,1099,1531943835424711650,map,17.2503509521,-0.274813473225,0.128995344043,-0.244409069419,0.0818596258759,-0.036985501647
1531943835616809606,1100,1531943835615651380,map,17.3082199097,-0.336765825748,-0.0779681801796,-0.244409069419,0.0818596258759,-0.036985501647
1531943835880352422,1101,1531943835879428273,map,17.3628482819,-0.453918278217,-1.36059093475,0.595462083817,0.0202711448073,0.0811455100775
1531943836108018652,1102,1531943836107369508,map,17.4148349762,-0.433853626251,-1.59734725952,-0.235766291618,-0.00210402719676,0.118918046355
1531943836377705144,1103,1531943836376832931,map,17.6147289276,-0.240595847368,-1.57012617588,-0.235766291618,-0.00210402719676,0.118918046355
1531943836583539578,1104,1531943836582497638,map,17.857881546,-0.067959010601,-1.47964143753,0.278782457113,0.0276458747685,-0.10436091572
1531943836825963616,1105,1531943836824940044,map,18.1284542084,0.0219003148377,-1.05228853226,0.278782457113,0.0276458747685,-0.10436091572
1531943837038120182,1106,1531943837037218240,map,18.2785739899,0.25315669179,-0.741109788418,-0.207407459617,0.00437632855028,-0.0191802959889
1531943837316338672,1107,1531943837315194334,map,18.3925189972,0.49997574091,-0.26052826643,-0.207407459617,0.00437632855028,-0.0191802959889
1531943837529439935,1108,1531943837528468906,map,18.4326267242,0.584534287453,0.071614138782,0.15641912818,-0.0371134132147,-0.00192165188491
1531943837789946127,1109,1531943837788867708,map,18.3896884918,0.705328822136,0.610329389572,0.15641912818,-0.0371134132147,-0.00192165188491
1531943838018067080,1110,1531943838017474672,map,18.3018302917,0.748526751995,0.696459472179,0.0651769340038,0.0510920807719,0.0520951747894
1531943838233970714,1111,1531943838233128708,map,18.2096729279,0.748828589916,0.650608420372,0.14471308887,-0.00899984687567,0.0725025758147
1531943838494677710,1112,1531943838492562759,map,18.1226177216,0.764853596687,0.412126868963,0.14471308887,-0.00899984687567,0.0725025758147
1531943838762976838,1113,1531943838760446181,map,18.0284538269,0.634126245975,0.175506785512,0.153478145599,-0.0376599095762,-0.11200901866
1531943839044357698,1114,1531943839043019026,map,17.9715614319,0.369643777609,0.37563931942,0.0394812487066,0.0100637404248,-0.0505717098713
1531943839216848003,1115,1531943839216238891,map,17.9445457458,0.12417832762,0.508807778358,0.0394812487066,0.0100637404248,-0.0505717098713
1531943839467991793,1116,1531943839467129339,map,17.9433994293,-0.195386752486,-0.0337404608726,0.035843718797,0.0307515002787,0.0761285573244
1531943839717794446,1117,1531943839716964536,map,17.9228401184,-0.437891066074,-0.0258813537657,0.035843718797,0.0307515002787,0.0761285573244
1531943839959566892,1118,1531943839958729239,map,17.8962364197,-0.682806789875,-0.233386695385,0.300837576389,0.0879284888506,-0.0998965203762
1531943840246344338,1119,1531943840245657690,map,17.9135475159,-1.28400635719,-0.530217289925,0.300837576389,0.0879284888506,-0.0998965203762
1531943840488209972,1120,1531943840487159617,map,17.8896408081,-1.97596681118,-0.636278808117,0.517946302891,-0.0792246088386,-0.167643383145
1531943840745210561,1121,1531943840742507329,map,17.8689975739,-2.91644740105,-0.652335107327,0.151223808527,-0.146231025457,-0.0542377643287
1531943840973897666,1122,1531943840973174955,map,17.7776031494,-4.05345916748,-0.536614000797,0.151223808527,-0.146231025457,-0.0542377643287
1531943841216408290,1123,1531943841215611947,map,17.6666030884,-5.01297807693,-0.631814062595,0.165957391262,-0.0622140578926,-0.224916487932
1531943841450337417,1124,1531943841449192279,map,17.5150699615,-6.07992506027,-1.0705126524,0.165957391262,-0.0622140578926,-0.224916487932
1531943841668515885,1125,1531943841667674519,map,17.2722854614,-7.256960392,-1.37156486511,0.169983029366,-0.180925697088,-0.338513791561
1531943841927921667,1126,1531943841926549235,map,16.7516174316,-8.99962997437,-1.33411288261,0.202903196216,-0.185235157609,-0.287330627441
1531943842195970389,1127,1531943842195208222,map,15.6586513519,-11.55509758,-0.659258246422,0.00214989762753,-0.38762396574,-0.256013095379
1531943842456247525,1128,1531943842454038176,map,14.668422699,-13.2116746902,-0.81090593338,0.00214989762753,-0.38762396574,-0.256013095379
1531943842656044747,1129,1531943842655152790,map,14.0617818832,-14.1092329025,-1.31129622459,-0.119200095534,-0.170135423541,-0.492786079645
1531943842883098602,1130,1531943842882395154,map,13.0030183792,-15.3755092621,-1.5882986784,-0.0271817948669,-0.328218579292,-0.55580753088
1531943843136385233,1131,1531943843133183928,map,11.4577789307,-16.8371105194,-1.66506636143,-0.0271817948669,-0.328218579292,-0.55580753088
1531943843378431522,1132,1531943843376945940,map,9.06842517853,-18.4551067352,-1.32025885582,0.0770320519805,-0.478116333485,-0.350994765759
1531943843646722297,1133,1531943843645937538,map,6.45292043686,-19.6127033234,-0.569737434387,-0.152650266886,-0.430809020996,-0.248579651117
1531943843876524540,1134,1531943843873699229,map,3.98962903023,-20.3019676208,0.300858855247,-0.152650266886,-0.430809020996,-0.248579651117
1531943844130772445,1135,1531943844129215184,map,2.15206861496,-20.4681797028,0.214657902718,-0.0751125067472,-0.306963443756,-0.3507784307
1531943844354501422,1136,1531943844353199742,map,0.634679853916,-20.2776947021,-0.0232111476362,-0.0751125067472,-0.306963443756,-0.3507784307
1531943844596114665,1137,1531943844595328019,map,-0.956831395626,-19.9305820465,0.0973836779594,-0.0330271013081,-0.290455400944,-0.194106653333
1531943844838739448,1138,1531943844838131968,map,-2.22727942467,-19.492647171,0.495549649,-0.0330271013081,-0.290455400944,-0.194106653333
1531943845058450042,1139,1531943845057715747,map,-3.31459379196,-18.9262866974,1.39060842991,-0.735522866249,-0.197273179889,-0.198175504804
1531943845365232018,1140,1531943845364709465,map,-3.77705097198,-18.3206233978,1.88342237473,-0.621992826462,-0.030726371333,-0.122745551169
1531943845578271111,1141,1531943845577470833,map,-3.79125285149,-17.9247970581,1.84319078922,-0.621992826462,-0.030726371333,-0.122745551169
1531943845825968320,1142,1531943845825079050,map,-3.57552695274,-17.5718383789,1.52660930157,-0.413869380951,0.034914188087,-0.0167656783015
1531943846076441528,1143,1531943846075875903,map,-3.235673666,-17.3292694092,1.28751850128,-0.413869380951,0.034914188087,-0.0167656783015
1531943846329589173,1144,1531943846328663360,map,-2.76614689827,-17.2113285065,0.796163618565,-0.228955119848,0.116710275412,0.136307939887
1531943846577071509,1145,1531943846575864868,map,-2.1414244175,-17.1820755005,0.474332183599,-0.228955119848,0.116710275412,0.136307939887
1531943846802882711,1146,1531943846802324830,map,-1.58414494991,-17.2194213867,0.326102137566,-0.191173031926,-0.00214630737901,0.099508151412
1531943847061086713,1147,1531943847059562187,map,-0.86697524786,-17.263874054,0.113752529025,0.091072961688,0.00385690201074,0.182000443339
1531943847288648715,1148,1531943847288070322,map,-0.242306649685,-17.3040370941,-0.138548120856,0.091072961688,0.00385690201074,0.182000443339
1531943847547450987,1149,1531943847546640020,map,0.153503090143,-17.3649253845,-0.414692699909,0.246140599251,0.0292285569012,0.0748519077897
1531943847808710669,1150,1531943847807735385,map,0.511280238628,-17.4640216827,-0.909921228886,0.170078590512,0.103559866548,0.0643839240074
1531943848066821142,1151,1531943848066010367,map,0.729596614838,-17.6473827362,-1.17662227154,0.170078590512,0.103559866548,0.0643839240074
1531943848285015419,1152,1531943848284309892,map,0.796457886696,-17.8278446198,-1.27354049683,0.172498747706,-0.058442145586,0.0113530047238
1531943848569687693,1153,1531943848567180490,map,0.837107539177,-18.0418815613,-1.19568729401,0.0938764438033,-0.0433139652014,0.0443989448249
1531943848797915291,1154,1531943848797027558,map,0.780662953854,-18.1763687134,-1.03853547573,0.0938764438033,-0.0433139652014,0.0443989448249
1531943849047942089,1155,1531943849047145682,map,0.66827827692,-18.3100166321,-1.03013348579,0.0200464874506,-0.0526474788785,0.039597466588
1531943849284097214,1156,1531943849282562033,map,0.562202811241,-18.3864555359,-0.749106884003,0.0200464874506,-0.0526474788785,0.039597466588
1531943849538359934,1157,1531943849537743173,map,0.412445902824,-18.4269275665,-0.349933624268,0.043799649924,-0.0995639786124,-0.157918795943
1531943849745211087,1158,1531943849737781895,map,0.108254365623,-18.4399585724,0.187884479761,0.043799649924,-0.0995639786124,-0.157918795943
1531943850038365539,1159,1531943850037424174,map,-0.269563823938,-18.3911113739,0.529666364193,-0.101004637778,0.00170137174428,0.0408575572073
1531943850247142113,1160,1531943850246345099,map,-0.429849386215,-18.3349094391,0.686930000782,-0.101004637778,0.00170137174428,0.0408575572073
1531943850473886988,1161,1531943850471143500,map,-0.523038744926,-18.2642040253,0.327278226614,0.0401375740767,0.014408191666,-0.0380861759186
1531943850733602449,1162,1531943850732292928,map,-0.596891820431,-18.1753101349,0.0206928383559,0.0401375740767,0.014408191666,-0.0380861759186
1531943850974128408,1163,1531943850972776488,map,-0.604719460011,-18.1422176361,-0.114960677922,-0.106439113617,-0.0543349906802,0.0342426635325
1531943851228970395,1164,1531943851227995526,map,-0.518986225128,-18.1533126831,0.0154105173424,-0.106439113617,-0.0543349906802,0.0342426635325
1531943851498424018,1165,1531943851497742554,map,-0.283062756062,-18.1532611847,0.256054162979,-0.160362571478,-0.0339718982577,0.00755859864876
1531943851709771382,1166,1531943851708992735,map,-0.126800820231,-18.1574058533,0.136500388384,0.0892569944263,-0.0101940538734,-0.00931860227138
1531943851966471907,1167,1531943851962547442,map,0.0248589534312,-18.0986995697,0.23017154634,0.176646962762,-0.0656166672707,-0.00056802527979
1531943852183645319,1168,1531943852182559796,map,0.0707836598158,-18.0573158264,0.340024262667,0.176646962762,-0.0656166672707,-0.00056802527979
1531943852413281816,1169,1531943852412526305,map,-0.0164130683988,-17.9891395569,0.429622799158,0.196839243174,-0.00746619515121,0.00187263870612
1531943852669751886,1170,1531943852668972215,map,-0.363538861275,-17.9328842163,0.390231817961,0.324743658304,-0.00475091673434,0.00472657289356
1531943852925242063,1171,1531943852923856576,map,-0.80041462183,-17.8993930817,0.192819848657,0.324743658304,-0.00475091673434,0.00472657289356
1531943853161911185,1172,1531943853160918269,map,-1.2953953743,-17.8802242279,-0.158945143223,0.178793951869,0.0292199403048,-0.163549438119
1531943853404038708,1173,1531943853402125099,map,-1.89459192753,-17.8644161224,-0.79752522707,0.424295514822,0.0373735576868,-0.273217082024
1531943853653521505,1174,1531943853651233820,map,-2.88045883179,-17.8475532532,-1.48668801785,0.424295514822,0.0373735576868,-0.273217082024
1531943853873012110,1175,1531943853872224215,map,-4.08531093597,-17.7984485626,-1.58840584755,0.303713738918,-0.194115757942,-0.176839306951
1531943854111854938,1176,1531943854111025508,map,-5.61167764664,-17.6238212585,-1.71631145477,0.14726382494,-0.183602467179,-0.267169713974
1531943854363143351,1177,1531943854362598110,map,-7.17142105103,-17.2622432709,-1.75169634819,0.14726382494,-0.183602467179,-0.267169713974
1531943854636406163,1178,1531943854633022586,map,-9.05096817017,-16.5736274719,-1.63979446888,0.159550398588,-0.267497062683,-0.329908043146
1531943854854736082,1179,1531943854852424525,map,-10.7322244644,-15.6605997086,-1.57989501953,-0.0195862092078,-0.318328529596,-0.325873613358
1531943855112821154,1180,1531943855112099754,map,-12.5240955353,-14.3333787918,-1.381098032,0.121168211102,-0.345692098141,-0.316997349262
1531943855331900156,1181,1531943855331305187,map,-13.8854055405,-13.005235672,-1.085688591,0.121168211102,-0.345692098141,-0.316997349262
1531943855584603278,1182,1531943855583920022,map,-15.2537784576,-11.2882442474,-0.823564946651,-0.0241252630949,-0.364652454853,-0.29868260026
1531943855850006506,1183,1531943855847308970,map,-16.4585533142,-9.15855979919,-0.666735053062,-0.055068615824,-0.339069902897,-0.330277442932
1531943856075287390,1184,1531943856074502151,map,-17.1267528534,-7.46667480469,-0.69203042984,-0.0665474161506,-0.328445762396,-0.340205967426
1531943856359322213,1185,1531943856357244638,map,-17.6524219513,-5.31540155411,-0.63591915369,-0.0665474161506,-0.328445762396,-0.340205967426
1531943856573370751,1186,1531943856572557705,map,-17.8634738922,-3.40110445023,-0.304819703102,-0.232214823365,-0.286417782307,-0.26522859931
1531943856857249160,1187,1531943856856212949,map,-17.8229427338,-1.40158379078,0.0670395195484,-0.232214823365,-0.286417782307,-0.26522859931
1531943857105759698,1188,1531943857104952315,map,-17.5794124603,-0.0411294326186,0.309377640486,-0.492101401091,-0.236187785864,-0.264660149813
1531943857323403142,1189,1531943857321000802,map,-17.2273254395,0.939394950867,0.568966984749,-0.492101401091,-0.236187785864,-0.264660149813
1531943857570292486,1190,1531943857568348508,map,-16.7240104675,1.71544086933,1.05557215214,-0.492924213409,-0.163409292698,-0.115597523749
1531943857867394523,1191,1531943857866358791,map,-16.2091598511,2.09067440033,1.51849937439,-0.492924213409,-0.163409292698,-0.115597523749
1531943858133870616,1192,1531943858132698150,map,-15.7913131714,2.11095643044,1.59540498257,-0.309442907572,0.0349675416946,-0.111103072762
1531943858304428470,1193,1531943858303284867,map,-15.5921344757,2.0493478775,1.54620456696,-0.309442907572,0.0349675416946,-0.111103072762
1531943858575182404,1194,1531943858574576939,map,-15.3061943054,1.92582988739,1.29068374634,-0.117636300623,0.0621245652437,-0.107034489512
1531943858814044357,1195,1531943858812961874,map,-15.1390886307,1.76743745804,0.817120194435,-0.117636300623,0.0621245652437,-0.107034489512
1531943859059123551,1196,1531943859058526214,map,-15.0608167648,1.54381501675,0.334850043058,-0.0911147966981,0.0647528171539,0.0867887064815
1531943859325821377,1197,1531943859324407154,map,-15.1032161713,1.2080000639,-0.133290424943,-0.3527084589,0.0951256901026,0.0632241815329
1531943859562270147,1198,1531943859560794004,map,-15.2310733795,0.824426054955,-0.417359977961,-0.3527084589,0.0951256901026,0.0632241815329
1531943859803790346,1199,1531943859802805750,map,-15.4664850235,0.410726487637,-0.468828678131,0.114887431264,0.0706244558096,0.12445449084
1531943860076221003,1200,1531943860075631826,map,-15.6826562881,0.0921295881271,-1.01374316216,0.245551973581,0.0879061967134,0.165666893125
1531943860304985899,1201,1531943860302541959,map,-15.9477958679,-0.184254392982,-1.60193586349,0.245551973581,0.0879061967134,0.165666893125
1531943860590630390,1202,1531943860587894038,map,-16.3846416473,-0.523448169231,-2.06910586357,-0.0434662513435,0.0680304244161,0.0221242755651
1531943860814287697,1203,1531943860813360796,map,-16.8282299042,-0.828194379807,-2.16985702515,-0.0434662513435,0.0680304244161,0.0221242755651
1531943861081526771,1204,1531943861079314317,map,-17.2637042999,-1.22256946564,-1.95896291733,-0.00225544720888,0.00461385305971,0.108203239739
1531943861285620950,1205,1531943861284950942,map,-17.5680809021,-1.55593907833,-1.82902395725,0.256785929203,-0.0878989249468,0.0462443418801
1531943861557370505,1206,1531943861556492563,map,-17.8279685974,-1.82229912281,-1.06733238697,0.256785929203,-0.0878989249468,0.0462443418801
1531943861791061268,1207,1531943861790293373,map,-17.8509063721,-1.90903508663,-0.162178188562,0.159238666296,-0.179001286626,-0.0502013079822
1531943862072711285,1208,1531943862072145212,map,-17.7061767578,-1.75016486645,0.447571665049,0.159238666296,-0.179001286626,-0.0502013079822
1531943862298230180,1209,1531943862297233200,map,-17.5153636932,-1.54535126686,0.722231626511,0.157719999552,-0.0957498699427,-0.00363325374201
1531943862515933389,1210,1531943862515176598,map,-17.364610672,-1.34218430519,0.721682190895,0.04384322837,0.0695908293128,-0.124033346772
1531943862782625343,1211,1531943862780891635,map,-17.2270851135,-1.0005749464,0.596909999847,0.04384322837,0.0695908293128,-0.124033346772
1531943863011649061,1212,1531943863010579570,map,-17.1505584717,-0.559524655342,0.577193498611,-0.0353221036494,-0.0221592430025,-0.0596505664289
1531943863270038620,1213,1531943863269450851,map,-17.0718097687,-0.200024500489,0.597214758396,-0.0353221036494,-0.0221592430025,-0.0596505664289
1531943863504523943,1214,1531943863503956974,map,-17.0236606598,0.0387991145253,0.66081738472,-0.177291125059,0.0728277936578,-0.112540945411
1531943863770589734,1215,1531943863769927469,map,-16.9515190125,0.288603305817,0.786387205124,-0.177291125059,0.0728277936578,-0.112540945411
1531943864015637687,1216,1531943864014645251,map,-16.854133606,0.50763875246,0.84352850914,-0.0661693364382,-0.0364395752549,-0.109341539443
1531943864295256510,1217,1531943864294694373,map,-16.721118927,0.582805097103,0.914179384708,-0.189965054393,-0.0297881942242,-0.020649317652
1531943864513591048,1218,1531943864512436309,map,-16.6127185822,0.60539484024,0.856029033661,-0.189965054393,-0.0297881942242,-0.020649317652
1531943864809216886,1219,1531943864808398880,map,-16.5002040863,0.730468153954,0.714064836502,0.0406685359776,-0.0136642158031,-0.0179177559912
1531943865001190096,1220,1531943865000622327,map,-16.451997757,0.73733907938,0.547832012177,0.0406685359776,-0.0136642158031,-0.0179177559912
1531943865280483840,1221,1531943865278168763,map,-16.4555912018,0.540134251118,0.272863507271,-0.25352075696,0.0414716079831,0.122356787324
1531943865473409843,1222,1531943865472215392,map,-16.5332317352,0.35160857439,-0.156317949295,-0.096725679934,0.0476875603199,-0.103391669691
1531943865707776328,1223,1531943865707301133,map,-16.6340751648,0.200172811747,-0.425272136927,-0.096725679934,0.0476875603199,-0.103391669691
1531943865977587365,1224,1531943865976350323,map,-16.7252235413,0.135873824358,-0.50294739008,0.0965965613723,-0.0224840827286,0.0374787151814
1531943866207735951,1225,1531943866207203189,map,-16.8013153076,0.137082621455,-0.415422320366,0.0965965613723,-0.0224840827286,0.0374787151814
1531943866477035799,1226,1531943866475871108,map,-16.861289978,0.0635866448283,-0.207209140062,0.14051181078,-0.0298765283078,0.170246750116
1531943866705214328,1227,1531943866704741565,map,-16.873260498,-0.0155377220362,-0.0846892520785,-0.099032253027,-0.0119782835245,-0.013374414295
1531943866926320490,1228,1531943866925931086,map,-16.8461856842,-0.0635802820325,-0.0394175611436,-0.099032253027,-0.0119782835245,-0.013374414295
1531943867205780385,1229,1531943867204801132,map,-16.8053894043,-0.100028261542,0.052099917084,-0.00144612137228,-0.0171712934971,0.0256645381451
1531943867434605630,1230,1531943867434002917,map,-16.7659492493,-0.191006928682,0.624816536903,-0.00144612137228,-0.0171712934971,0.0256645381451
1531943867675816910,1231,1531943867675051126,map,-16.7258090973,-0.379010558128,0.523784637451,0.203706368804,0.0522104948759,0.0922546461225
1531943867914548858,1232,1531943867911291135,map,-16.7064418793,-0.501477003098,0.389148145914,0.203706368804,0.0522104948759,0.0922546461225
1531943868172594346,1233,1531943868170109671,map,-16.7007980347,-0.629316329956,0.465464115143,-0.071781411767,0.0585921257734,-0.0713693648577
1531943868407484998,1234,1531943868404616743,map,-16.7190380096,-0.667310059071,0.744855582714,-0.071781411767,0.0585921257734,-0.0713693648577
1531943868669321420,1235,1531943868668640692,map,-16.6729316711,-0.585334658623,1.01478087902,0.157178863883,-0.025373371318,-0.0746457129717
1531943868928251732,1236,1531943868927541469,map,-16.5905818939,-0.420014947653,1.10186588764,0.132257699966,0.0151703283191,-0.0246859807521
1531943869174622256,1237,1531943869173465789,map,-16.4405784607,-0.201781690121,1.24467480183,0.132257699966,0.0151703283191,-0.0246859807521
1531943869430866491,1238,1531943869429979269,map,-16.2683124542,-0.0168592911214,1.03034722805,-0.0422664247453,-0.00289642438293,-0.0494305789471
1531943869672109842,1239,1531943869671013087,map,-16.1434955597,0.130249038339,1.04461169243,-0.0548412464559,0.0164195559919,-0.136937454343
1531943869928402589,1240,1531943869927010317,map,-16.0117282867,0.316269755363,0.665899336338,-0.0548412464559,0.0164195559919,-0.136937454343
1531943870169830613,1241,1531943870169091422,map,-15.8865671158,0.621904492378,0.210867568851,0.111858397722,0.0394081920385,-0.13339650631
1531943870431160427,1242,1531943870430511475,map,-15.8184909821,0.775191366673,-0.370167344809,-0.138212621212,0.0538114532828,0.00233330158517
1531943870663816425,1243,1531943870662782997,map,-15.788397789,0.857749938965,-0.90043348074,-0.138212621212,0.0538114532828,0.00233330158517
1531943870884397809,1244,1531943870883716985,map,-15.8219461441,0.926648616791,-1.20990729332,-0.12992683053,0.0331013128161,-0.0654796883464
1531943871148433483,1245,1531943871141522010,map,-15.8756361008,0.974442720413,-1.39587843418,-0.12992683053,0.0331013128161,-0.0654796883464
1531943871397147926,1246,1531943871395459433,map,-15.9937877655,0.98611921072,-1.03182208538,0.00106678064913,-0.0629559606314,0.0460264794528
1531943871617005034,1247,1531943871616308914,map,-16.0900611877,0.932045459747,-0.569298863411,0.00106678064913,-0.0629559606314,0.0460264794528
1531943871872111276,1248,1531943871871213558,map,-16.0879058838,0.813052654266,-0.272816151381,-0.143586829305,-0.0198199655861,0.0121887587011
1531943872130648745,1249,1531943872129860914,map,-16.0477046967,0.627444505692,-0.238585263491,-0.0746605619788,-0.0570249147713,0.116992980242
1531943872341878692,1250,1531943872341100877,map,-16.0283126831,0.40589389205,-0.0156601630151,-0.0746605619788,-0.0570249147713,0.116992980242
1531943872644392559,1251,1531943872643548888,map,-15.9517183304,0.0418875813484,0.427579671144,0.0434380024672,-0.0335157513618,0.0755486786366
1531943872809694932,1252,1531943872808641408,map,-15.8829298019,-0.147115290165,0.543276250362,0.0434380024672,-0.0335157513618,0.0755486786366
1531943873080338603,1253,1531943873079569652,map,-15.7674436569,-0.38641679287,0.532286703587,0.102759502828,-0.0292628947645,0.156850844622
1531943873345235910,1254,1531943873344662349,map,-15.6319150925,-0.578978002071,0.390430659056,0.149257585406,0.0413415394723,0.0723425149918
1531943873592158350,1255,1531943873588173915,map,-15.5418462753,-0.748934566975,0.337020605803,0.149257585406,0.0413415394723,0.0723425149918
1531943873825277875,1256,1531943873824196543,map,-15.4714860916,-0.819028794765,0.0994700938463,-0.0418063476682,0.0604985058308,-0.0380214191973
1531943874063444703,1257,1531943874062663720,map,-15.4248170853,-0.761701345444,-0.572149813175,0.368734389544,0.0868921205401,0.00329395243898
1531943874295564915,1258,1531943874294714781,map,-15.4215068817,-0.662228405476,-1.15734672546,0.368734389544,0.0868921205401,0.00329395243898
1531943874546496018,1259,1531943874545748474,map,-15.4781980515,-0.525899291039,-1.54560565948,0.368734389544,0.0868921205401,0.00329395243898
1531943874774282231,1260,1531943874773169828,map,-15.6710147858,-0.332017809153,-1.47694778442,-0.00982607714832,0.0195917114615,-0.0886302962899
1531943875056492852,1261,1531943875056001913,map,-15.8838233948,-0.120970591903,-1.3844563961,0.112511746585,0.026257622987,-0.10907369107
1531943875293287799,1262,1531943875292596126,map,-16.0478172302,0.158580899239,-1.64037704468,0.112511746585,0.026257622987,-0.10907369107
1531943875514331180,1263,1531943875513666036,map,-16.1536941528,0.498933106661,-1.67240703106,0.154681250453,-0.0577330589294,-0.120940178633
1531943875780988956,1264,1531943875779008563,map,-16.2123394012,0.986397325993,-1.67665159702,0.154681250453,-0.0577330589294,-0.120940178633
1531943876058316468,1265,1531943876055866096,map,-16.2123279572,1.53885149956,-1.46567797661,0.0711934641004,-0.0980681329966,-0.183879733086
1531943876276509230,1266,1531943876272193119,map,-16.0670776367,2.37324714661,-0.997543215752,0.0711934641004,-0.0980681329966,-0.183879733086
1531943876491904648,1267,1531943876491098609,map,-15.7484645844,3.36302757263,-0.540878236294,0.205218657851,-0.192657291889,-0.131744638085
1531943876726761317,1268,1531943876726085516,map,-15.2831754684,4.3581404686,-0.175861269236,0.205218657851,-0.192657291889,-0.131744638085
1531943877009553731,1269,1531943877008452752,map,-14.5479402542,5.56050825119,0.599680244923,-0.0297743827105,-0.195573583245,-0.0181918628514
1531943877247758111,1270,1531943877240525105,map,-14.0927839279,6.17467260361,0.729354739189,-0.0297743827105,-0.195573583245,-0.0181918628514
1531943877474577307,1271,1531943877473909091,map,-13.4746828079,6.98264598846,0.796310722828,0.203583046794,-0.0458588302135,-0.270236492157
1531943877734633088,1272,1531943877733781802,map,-12.8182659149,7.83031702042,0.562251091003,0.140081092715,-0.064028725028,-0.269360244274
1531943877977021068,1273,1531943877976303252,map,-12.3701763153,8.40466785431,-0.161358341575,0.140081092715,-0.064028725028,-0.269360244274
1531943878233476541,1274,1531943878232469385,map,-11.8940725327,9.04543113708,-0.808135807514,-0.0756938681006,-0.0369157344103,-0.488125175238
1531943878479448613,1275,1531943878478422768,map,-11.1285114288,10.0272684097,-1.08178818226,-0.0756938681006,-0.0369157344103,-0.488125175238
1531943878731728517,1276,1531943878730548562,map,-10.0895442963,11.0900936127,-1.10888659954,0.220601513982,-0.242763713002,-0.22601480782
1531943878967813308,1277,1531943878966973382,map,-8.85521888733,12.085021019,-0.600490272045,-0.156500265002,-0.279486656189,-0.0841631293297
1531943879236639910,1278,1531943879235580946,map,-7.58619737625,12.8070964813,-0.0471101365983,-0.156500265002,-0.279486656189,-0.0841631293297
1531943879473768310,1279,1531943879470967893,map,-6.67488622665,13.2019996643,0.133358240128,-0.147400096059,-0.158237963915,-0.25008508563
1531943879731506685,1280,1531943879730384778,map,-5.68825149536,13.5229759216,0.22261184454,-0.161448478699,-0.0946026593447,-0.340199679136
1531943879997163276,1281,1531943879991031505,map,-5.07299804687,13.6139755249,-0.250743001699,-0.161448478699,-0.0946026593447,-0.340199679136
1531943880240516505,1282,1531943880231137826,map,-4.11619520187,13.7750072479,-0.302849560976,-0.0179164521396,-0.093847848475,-0.303760111332
1531943880480070289,1283,1531943880471628304,map,-2.65741991997,13.9469347,0.183914259076,0.128061115742,-0.166001886129,-0.12777581811
1531943880723913753,1284,1531943880723144961,map,-1.21751618385,14.0423460007,1.08491873741,0.128061115742,-0.166001886129,-0.12777581811
1531943880972952038,1285,1531943880971509974,map,-0.210693076253,13.9411535263,1.47873091698,-0.493120700121,-0.0862867385149,-0.0872538089752
1531943881242452976,1286,1531943881235855163,map,0.233599513769,13.7781734467,1.20223212242,-0.493120700121,-0.0862867385149,-0.0872538089752
1531943881468470692,1287,1531943881467759084,map,0.451786339283,13.704949379,0.888058841228,-0.314631104469,0.0800065994263,-0.238725736737
1531943881759469854,1288,1531943881757419381,map,0.678766787052,13.7192029953,0.637739479542,-0.333500891924,0.111698150635,-0.224216803908
1531943881931539440,1289,1531943881930777720,map,0.804993927479,13.7695999146,0.327284306288,-0.333500891924,0.111698150635,-0.224216803908
1531943882214241418,1290,1531943882213027224,map,0.881902396679,13.910071373,-0.174264401197,-0.0482381470501,0.0770262256265,-0.0420662686229
1531943882409593434,1291,1531943882408093675,map,0.924120664597,14.095000267,-0.247243747115,-0.236808672547,0.0555389598012,-0.0125713478774
1531943882697452764,1292,1531943882696298505,map,0.904826760292,14.3654613495,-0.575112223625,-0.236808672547,0.0555389598012,-0.0125713478774
1531943882948270334,1293,1531943882947433191,map,0.734913527966,14.625582695,-0.779109477997,-0.0519062466919,0.0164939183742,0.103806100786
1531943883189965833,1294,1531943883188884021,map,0.402990192175,14.8372125626,-0.974382281303,-0.180073663592,0.00751747190952,0.032213293016
1531943883457975629,1295,1531943883456880186,map,0.106954701245,15.0300292969,-1.04284501076,-0.180073663592,0.00751747190952,0.032213293016
1531943883658357448,1296,1531943883657631216,map,0.034122645855,15.1862506866,-0.926262617111,0.19750341773,-0.0662468075752,0.0640303269029
1531943883898172489,1297,1531943883891982414,map,-0.0902423411608,15.3381700516,-0.557640850544,0.19750341773,-0.0662468075752,0.0640303269029
1531943884168271545,1298,1531943884165708661,map,-0.570199489594,15.4841365814,0.0450586266816,-0.382839560509,-0.0551804900169,0.157098501921
1531943884420638288,1299,1531943884418877060,map,-0.928977370262,15.5070915222,0.129430755973,0.010715666227,-0.00867925398052,-0.0336024574935
1531943884653751136,1300,1531943884652543437,map,-1.15713560581,15.4862289429,0.465520471334,0.405670672655,-0.0296390205622,0.048967987299
1531943884870445319,1301,1531943884869946700,map,-1.18387317657,15.4264230728,0.524453580379,0.405670672655,-0.0296390205622,0.048967987299
1531943885097677305,1302,1531943885096859171,map,-1.1186671257,15.3453044891,0.586348116398,0.0647524520755,0.00856178626418,-0.0449879430234
1531943885305219691,1303,1531943885304607314,map,-0.953409850597,15.2725944519,0.555865466595,0.0647524520755,0.00856178626418,-0.0449879430234
1531943885566857632,1304,1531943885565947434,map,-0.717882990837,15.204782486,0.247354790568,0.12006046623,0.0220489501953,-0.0347884036601
1531943885813603707,1305,1531943885812918307,map,-0.481762319803,15.1587963104,-0.00023662939202,0.12006046623,0.0220489501953,-0.0347884036601
1531943886025083361,1306,1531943886020128344,map,-0.257655352354,15.1513233185,-0.254654169083,-0.0164062455297,0.0408995784819,-0.101586356759
1531943886270238961,1307,1531943886269523705,map,0.106435477734,15.1847105026,-0.511344432831,0.045570012182,0.018033856526,-0.0830789655447
1531943886538743006,1308,1531943886537723817,map,0.530132293701,15.2476530075,-0.608445644379,0.045570012182,0.018033856526,-0.0830789655447
1531943886770896127,1309,1531943886770191623,map,0.999139606953,15.3608083725,-0.169758364558,0.132717013359,-0.0154772810638,0.0130768287927
1531943887027421682,1310,1531943887025590214,map,1.32316243649,15.4204597473,0.0631665438414,0.132717013359,-0.0154772810638,0.0130768287927
1531943887277385200,1311,1531943887276336924,map,1.43905925751,15.4841432571,0.0936439558864,-0.425816684961,0.00580746866763,-0.0465430915356
1531943887507847688,1312,1531943887506983666,map,1.37601900101,15.5298509598,0.0149423452094,-0.425816684961,0.00580746866763,-0.0465430915356
1531943887768789037,1313,1531943887768002390,map,1.22866547108,15.5499792099,-0.368391782045,-0.108331307769,0.0119051020592,0.0162464939058
1531943888033613383,1314,1531943888032586866,map,0.86060321331,15.6185970306,-0.697117447853,-0.220880284905,0.0118856579065,0.0108112450689
1531943888260592649,1315,1531943888259943312,map,0.450916260481,15.7396211624,-0.706763863564,-0.220880284905,0.0118856579065,0.0108112450689
1531943888521927181,1316,1531943888520497661,map,0.202279448509,15.8479890823,-0.736630856991,0.231742918491,-0.00928204134107,0.150977090001
1531943888749448425,1317,1531943888747438400,map,-0.0398343168199,15.9153356552,-0.739168822765,0.231742918491,-0.00928204134107,0.150977090001
1531943889007530865,1318,1531943889006814873,map,-0.418428063393,15.9980707169,-0.686303794384,0.0822712630033,-0.0431006662548,0.14011503756
1531943889241904485,1319,1531943889240357014,map,-0.695415139198,16.0167617798,-0.489929884672,0.122804306448,-0.0394492596388,0.00677966699004
1531943889477156655,1320,1531943889476416279,map,-0.956698179245,16.0206336975,-0.117989659309,0.122804306448,-0.0394492596388,0.00677966699004
1531943889748927043,1321,1531943889748178859,map,-1.05405604839,15.9649200439,0.0689705833793,0.312836498022,-0.00886625237763,-0.0771014615893
1531943889981279117,1322,1531943889980403062,map,-0.901516199112,15.9025325775,0.249723091722,0.312836498022,-0.00886625237763,-0.0771014615893
1531943890218992639,1323,1531943890218361030,map,-0.635830163956,15.8074150085,0.481385856867,0.188589453697,-0.0165441296995,0.0142279453576
1531943890471163185,1324,1531943890470225596,map,-0.308620780706,15.69617939,0.612683713436,0.0582477673888,0.0343139246106,-0.146522074938
1531943890737878370,1325,1531943890736366867,map,0.0715363845229,15.5926446915,0.240553021431,0.0582477673888,0.0343139246106,-0.146522074938
1531943890989443740,1326,1531943890988909953,map,0.507698833942,15.5040254593,0.225991636515,0.0362304225564,0.0112574873492,-0.122665748
1531943891241183798,1327,1531943891240530878,map,1.05312931538,15.4095201492,0.0383954308927,0.0362304225564,0.0112574873492,-0.122665748
1531943891499258475,1328,1531943891498630514,map,1.712895751,15.3115310669,-0.189306527376,0.109934933484,0.0170898642391,-0.0865863189101
1531943891736054060,1329,1531943891731039011,map,2.37402009964,15.238863945,-0.00124015146866,-0.132321149111,0.019782897085,-0.103528104722
1531943892013040495,1330,1531943892012554836,map,3.09908938408,15.1463136673,-0.12183149904,-0.132321149111,0.019782897085,-0.103528104722
1531943892247982824,1331,1531943892246625207,map,3.70616745949,15.0523738861,-0.205486744642,0.126395791769,-0.0102049596608,-0.0505080223083
1531943892512058942,1332,1531943892511277606,map,4.45266389847,14.93288517,-0.311603397131,0.399617731571,-0.0487425401807,-0.107734128833
1531943892735063610,1333,1531943892733947207,map,5.3032169342,14.7884216309,-0.624831140041,0.399617731571,-0.0487425401807,-0.107734128833
1531943892970615148,1334,1531943892969764534,map,6.06764602661,14.6569099426,-1.40451467037,0.251851439476,-0.055635176599,-0.295939296484
1531943893227118874,1335,1531943893225968422,map,7.29685974121,14.3918371201,-1.53881597519,0.251851439476,-0.055635176599,-0.295939296484
1531943893457579015,1336,1531943893456916878,map,8.85464382172,13.9487428665,-1.20653498173,0.173205584288,-0.25976344943,-0.263325273991
1531943893740124565,1337,1531943893739006850,map,11.0095882416,12.9496631622,-0.651914060116,0.173205584288,-0.25976344943,-0.263325273991
1531943893975737642,1338,1531943893973458083,map,12.1616802216,12.1177120209,-0.698355138302,0.367158681154,-0.283952832222,-0.214491277933
1531943894196948865,1339,1531943894190918659,map,13.466132164,11.0089473724,-0.141991630197,-0.247234806418,-0.18319812417,-0.5292724967
1531943894424373779,1340,1531943894423739450,map,14.5050811768,9.83589458466,0.0037145470269,-0.247234806418,-0.18319812417,-0.5292724967
1531943894695861471,1341,1531943894694220721,map,15.7882890701,7.85395622253,0.298531681299,0.351601958275,-0.303561061621,-0.353776365519
1531943894912338731,1342,1531943894911233207,map,16.5046787262,6.19151592255,0.475268274546,-0.0481510125101,-0.373625457287,-0.0914690792561
1531943895137268315,1343,1531943895136558883,map,17.0117549896,4.41953516006,0.730811297894,-0.0481510125101,-0.373625457287,-0.0914690792561
1531943895401010336,1344,1531943895399892493,map,17.2822723389,2.70176386833,0.820490598679,-0.364785403013,-0.268242567778,-0.152845308185
1531943895647777825,1345,1531943895645930325,map,17.3591461182,1.34242725372,0.900332093239,-0.364785403013,-0.268242567778,-0.152845308185
1531943895871694334,1346,1531943895870803559,map,17.2864685059,0.223417446017,1.02921283245,-0.490508019924,-0.117038354278,-0.318593472242
1531943896130274654,1347,1531943896129742852,map,17.1312961578,-0.654334425926,1.24336254597,-0.490508019924,-0.117038354278,-0.318593472242
1531943896391293924,1348,1531943896390215632,map,16.9416160583,-1.08060014248,1.01675188541,-0.240900993347,-0.0100265424699,-0.134083166718
1531943896628260692,1349,1531943896627652154,map,16.7676753998,-1.31156814098,0.468016326427,-0.366414189339,0.075539201498,-0.106101542711
1531943896873339978,1350,1531943896871647900,map,16.6733322144,-1.43020021915,-0.255567193031,-0.366414189339,0.075539201498,-0.106101542711
1531943897123466154,1351,1531943897122869265,map,16.6973419189,-1.4869440794,-0.763875603676,-0.187819302082,0.0851207822561,0.019764456898
1531943897373231984,1352,1531943897372532952,map,16.8090801239,-1.47053062916,-1.46317708492,-0.187819302082,0.0851207822561,0.019764456898
1531943897682215276,1353,1531943897680499326,map,17.042886734,-1.28425574303,-1.87292766571,-0.0758194997907,0.0911967232823,0.0475043691695
1531943897880183115,1354,1531943897878137954,map,17.3110485077,-1.01890099049,-1.75451028347,-0.0758194997907,0.0911967232823,0.0475043691695
1531943898157809441,1355,1531943898156979243,map,17.5781097412,-0.730831384659,-1.47712063789,-0.0408453159034,-0.054355379194,0.0169756170362
1531943898369106930,1356,1531943898368466617,map,17.677482605,-0.480854362249,-1.35829877853,-0.0408453159034,-0.054355379194,0.0169756170362
1531943898619497589,1357,1531943898616438134,map,17.7229137421,-0.25490245223,-1.09510600567,0.150851413608,-0.0838097035885,0.0445560067892
1531943898834082593,1358,1531943898833397416,map,17.675699234,-0.104927077889,-0.776732861996,0.150851413608,-0.0838097035885,0.0445560067892
1531943899056059197,1359,1531943899055045864,map,17.5823249817,-0.022591041401,-0.559790015221,0.0941150337458,-0.0894896686077,-0.000864353962243
1531943899323581320,1360,1531943899322708817,map,17.4241752625,0.0537166707218,-0.249724522233,-0.0340693071485,-0.0540226921439,0.0201314799488
1531943899567598932,1361,1531943899566990459,map,17.235206604,0.126067519188,-0.0411926731467,-0.0340693071485,-0.0540226921439,0.0201314799488
1531943899774447641,1362,1531943899773597602,map,17.0989189148,0.182189434767,0.0362819135189,0.0566924251616,-0.0029484461993,0.0265661180019
1531943900025769718,1363,1531943900024888831,map,16.9689311981,0.211780935526,0.0260910093784,0.0566924251616,-0.0029484461993,0.0265661180019
1531943900246532005,1364,1531943900245540527,map,16.883266449,0.252588093281,-0.0319389402866,0.0223301947117,0.0301701966673,0.00310192583129
1531943900488096304,1365,1531943900486668319,map,16.8670330048,0.254961460829,-0.0736034810543,0.0223301947117,0.0301701966673,0.00310192583129
1531943900707663532,1366,1531943900706300667,map,16.9012851715,0.183517679572,-0.165307641029,0.0242574997246,0.0473662465811,-0.0730262547731
1531943900943075130,1367,1531943900941722345,map,16.9560928345,0.0111003099009,0.00452175317332,0.0242574997246,0.0473662465811,-0.0730262547731
1531943901162154334,1368,1531943901161164393,map,17.03008461,-0.125330284238,0.0535309910774,-0.0132795693353,0.013965819031,0.0603107400239
1531943901414368856,1369,1531943901413658368,map,17.0600032806,-0.175696134567,-0.029158687219,-0.0132795693353,0.013965819031,0.0603107400239
1531943901650455011,1370,1531943901649875337,map,17.1250591278,-0.114407606423,0.0598998516798,-0.262894153595,0.0194223765284,-0.0191455967724
1531943901878132842,1371,1531943901877150004,map,17.1606216431,-0.0380704589188,-0.32464581728,-0.262894153595,0.0194223765284,-0.0191455967724
1531943902118357704,1372,1531943902115833892,map,17.2101154327,0.0263085607439,-0.604564666748,0.0102637289092,0.0105046220124,-0.0998441651464
1531943902356916411,1373,1531943902356147619,map,17.3165912628,0.0257536321878,-0.869664609432,-0.0370951145887,0.0336686372757,0.00711014913395
1531943902570643932,1374,1531943902570033251,map,17.4611415863,0.0370974056423,-0.93538248539,-0.0370951145887,0.0336686372757,0.00711014913395
1531943902814551284,1375,1531943902812369324,map,17.6495876312,0.128702506423,-0.802733004093,0.0108895404264,-0.00309153273702,0.098822131753
1531943903093819819,1376,1531943903093033492,map,17.875213623,0.237781897187,-0.527678370476,-0.0382069125772,0.00491637736559,0.0433003865182
1531943903330601716,1377,1531943903329017286,map,17.9607524872,0.453404814005,-0.315419644117,-0.116065524518,-0.0142766926438,-0.0840229094028
1531943903534145896,1378,1531943903533293329,map,18.0195007324,0.573461711407,-0.172576978803,-0.116065524518,-0.0142766926438,-0.0840229094028
1531943903806631468,1379,1531943903805748310,map,18.0350589752,0.650735795498,-0.0513697899878,-0.116065524518,-0.0142766926438,-0.0840229094028
1531943904041743656,1380,1531943904040740723,map,18.0278701782,0.67611515522,-0.0464855208993,0.0222015865147,-0.0257808379829,0.0133864814416
1531943904233165027,1381,1531943904232474666,map,18.0033416748,0.689654409885,0.285157948732,0.0222015865147,-0.0257808379829,0.0133864814416
1531943904494446757,1382,1531943904493683021,map,17.9717330933,0.630314469337,0.494932919741,0.122331351042,-0.0276520252228,0.0439936853945
1531943904756257153,1383,1531943904754565299,map,17.9264011383,0.620086967945,0.787024199963,-0.0465130582452,-0.0213175006211,-0.0257841944695
1531943905007116244,1384,1531943905006106047,map,17.8543453217,0.696663737297,1.07082843781,-0.0465130582452,-0.0213175006211,-0.0257841944695
1531943905200965527,1385,1531943905199755940,map,17.7897415161,0.727909505367,1.45690762997,0.106552638113,-0.0138430614024,-0.124771468341
1531943905468312090,1386,1531943905467650753,map,17.6994991302,0.64638787508,1.83907938004,0.106552638113,-0.0138430614024,-0.124771468341
1531943905752916897,1387,1531943905749300776,map,17.5439872742,0.461923331022,1.75445497036,0.157310426235,-0.000774478539824,0.00804965011775
1531943905979939578,1388,1531943905967219941,map,17.4476127625,0.42122733593,1.5076212883,-0.0179518889636,0.057962551713,-0.0206678882241
1531943906197442591,1389,1531943906193069230,map,17.3699417114,0.333634793758,1.04413986206,-0.0179518889636,0.057962551713,-0.0206678882241
1531943906429640611,1390,1531943906428830572,map,17.3598098755,0.0992764532566,0.688167273998,0.136426612735,0.101735197008,-0.173045963049
1531943906689502332,1391,1531943906689009473,map,17.4070205688,-0.156793832779,0.306225329638,-0.241458699107,0.0683512091637,0.0319839641452
1531943906957109119,1392,1531943906952212661,map,17.4742069244,-0.295226335526,-0.0931916758418,-0.241458699107,0.0683512091637,0.0319839641452
1531943907161922704,1393,1531943907160761469,map,17.5779705048,-0.392106503248,-0.115366116166,-0.107769452035,0.00947813130915,0.0685035139322
1531943907418783341,1394,1531943907417715288,map,17.6984195709,-0.407124102116,0.00106917938683,-0.107769452035,0.00947813130915,0.0685035139322
1531943907648706734,1395,1531943907647737208,map,17.7831058502,-0.357447564602,0.0494570843875,-0.158853635192,-0.00208780542016,-0.000374397728592
1531943907897052487,1396,1531943907896176336,map,17.8135986328,-0.268179088831,0.106699109077,-0.158853635192,-0.00208780542016,-0.000374397728592
1531943908134903443,1397,1531943908133738048,map,17.8185863495,-0.230886518955,0.197313949466,0.175817906857,-0.0336213037372,-0.0115264384076
1531943908330155822,1398,1531943908325876445,map,17.808057785,-0.22015106678,0.497589439154,0.175817906857,-0.0336213037372,-0.0115264384076
1531943908599508806,1399,1531943908598846798,map,17.7234382629,-0.214281216264,0.5182056427,-0.186629518867,0.00402978993952,0.0161631591618
1531943908804359546,1400,1531943908803655841,map,17.6349048615,-0.194511324167,0.046472594142,0.0973068922758,-0.00168912112713,0.117288209498
1531943909069739486,1401,1531943909068608490,map,17.555978775,-0.122627750039,-0.415614157915,0.0973068922758,-0.00168912112713,0.117288209498
1531943909330630549,1402,1531943909329654112,map,17.5578975677,0.0478386618197,-0.75637370348,-0.290145993233,0.043166026473,-0.0528177991509
1531943909565931042,1403,1531943909565257705,map,17.6458339691,0.120844766498,-0.88792103529,-0.290145993233,0.043166026473,-0.0528177991509
1531943909832877656,1404,1531943909831746788,map,17.8037147522,0.000434063025746,-0.653759837151,0.245404034853,0.037059083581,0.0130823682994
1531943910079627082,1405,1531943910077914908,map,17.9485454559,-0.0204487256706,-0.665760397911,0.245404034853,0.037059083581,0.0130823682994
1531943910319746597,1406,1531943910318878094,map,18.0830478668,0.137925103307,-0.754483282566,-0.222124949098,0.00859604775906,0.0689396262169
1531943910562882816,1407,1531943910561980937,map,18.2217025757,0.209081694484,-0.757653534412,0.153856679797,-0.0147442668676,-0.152786195278
1531943910853274555,1408,1531943910852136007,map,18.3438091278,0.16017884016,-0.676957607269,0.153856679797,-0.0147442668676,-0.152786195278
1531943911064766893,1409,1531943911063515258,map,18.3894004822,0.0513189546764,-0.762024223804,0.154078289866,-0.0336756408215,0.0365450046957
1531943911286905710,1410,1531943911285732315,map,18.4260654449,-0.104450523853,-0.764183998108,0.154078289866,-0.0336756408215,0.0365450046957
1531943911535433842,1411,1531943911533524646,map,18.4780349731,-0.208946943283,-0.495008915663,-0.197013363242,-0.0333621427417,0.00338605325669
1531943911801856533,1412,1531943911799970249,map,18.5270404816,-0.461063176394,0.177024066448,-0.197013363242,-0.0333621427417,0.00338605325669
1531943912057858440,1413,1531943912057060689,map,18.4933853149,-0.865252733231,0.665864527225,0.0306289177388,-0.067091345787,0.0949533209205
1531943912322498401,1414,1531943912316875838,map,18.3648262024,-1.00042307377,0.595557332039,0.0306289177388,-0.067091345787,0.0949533209205
1531943912528428852,1415,1531943912526863780,map,18.2411079407,-0.915844380856,0.489262521267,-0.311638355255,-0.00383388064802,0.0611249767244
1531943912768359031,1416,1531943912764713502,map,18.1299877167,-0.856482923031,0.18048094213,-0.311638355255,-0.00383388064802,0.0611249767244
1531943913036379628,1417,1531943913035651028,map,18.0725803375,-1.00401389599,-0.268528610468,0.261459052563,0.0249538011849,-0.128260448575
1531943913231109337,1418,1531943913230553471,map,18.0847969055,-1.08021199703,-0.338819682598,0.116763390601,-0.0210800357163,0.0904003754258
1531943913467122506,1419,1531943913466190388,map,18.1346969604,-1.25922489166,-0.543529987335,0.116763390601,-0.0210800357163,0.0904003754258
1531943913714452480,1420,1531943913713529674,map,18.2244968414,-1.5956761837,-0.818747997284,0.432067573071,0.0448255762458,-0.0973045006394
1531943913933433192,1421,1531943913932673840,map,18.3521957397,-2.04090166092,-1.12787473202,0.432067573071,0.0448255762458,-0.0973045006394
1531943914207590208,1422,1531943914199803252,map,18.5928878784,-2.83856797218,-1.33776581287,0.171266317368,-0.0315241590142,-0.154987469316
1531943914427536353,1423,1531943914426862345,map,18.7929344177,-3.56149482727,-1.44181716442,0.171266317368,-0.0315241590142,-0.154987469316
1531943914674686845,1424,1531943914674008261,map,19.0282478333,-4.58672571182,-2.02554416656,0.568835198879,-0.0377341732383,-0.258102536201
1531943914913597298,1425,1531943914912673628,map,19.0992584229,-6.11917495728,-2.40351867676,0.603551387787,-0.225503534079,-0.344282001257
1531943915185317832,1426,1531943915184392722,map,18.9602546692,-8.09646129608,-2.61544799805,0.603551387787,-0.225503534079,-0.344282001257
1531943915431834349,1427,1531943915430697722,map,18.2989940643,-10.9039916992,-1.91177892685,-0.247828871012,-0.457881063223,-0.270586460829
1531943915704717656,1428,1531943915701900630,map,17.0913105011,-13.3739681244,-1.23697030544,-0.095079831779,-0.407778501511,-0.301418811083
1531943915945897559,1429,1531943915943557680,map,15.6586408615,-15.2056350708,-0.841170370579,-0.095079831779,-0.407778501511,-0.301418811083
1531943916131764298,1430,1531943916130459096,map,14.3000421524,-16.5501499176,-0.536557376385,0.10141633451,-0.397932291031,-0.223363086581
1531943916386650682,1431,1531943916385873858,map,11.8695735931,-18.4593906403,-0.038741376251,0.0530547350645,-0.397129714489,-0.276003986597
1531943916608298990,1432,1531943916606979932,map,9.94244861603,-19.5797481537,0.101279199123,-0.0540080107749,-0.359779238701,-0.350474536419
1531943916856560772,1433,1531943916855611471,map,7.91109371185,-20.484582901,0.123357206583,-0.0540080107749,-0.359779238701,-0.350474536419
1531943917082810056,1434,1531943917082310158,map,5.80911302567,-21.1071720123,0.169704526663,0.0337376147509,-0.374227762222,-0.462887763977
1531943917338367667,1435,1531943917337605820,map,3.25806093216,-21.5466938019,0.325561285019,0.0337376147509,-0.374227762222,-0.462887763977
1531943917590208230,1436,1531943917589400975,map,0.295099854469,-21.5571079254,0.736861765385,-0.1881044209,-0.478061974049,-0.292783260345
1531943917833198968,1437,1531943917832490240,map,-1.60135519505,-21.199010849,1.02346134186,-0.1881044209,-0.478061974049,-0.292783260345
1531943918039081624,1438,1531943918034050126,map,-2.84401774406,-20.7238521576,1.13508105278,-0.58428132534,-0.276204198599,-0.2809907794
1531943918233725555,1439,1531943918232924988,map,-3.83937883377,-20.1375827789,1.29859340191,-0.5895575881,-0.188785433769,-0.277741521597
1531943918504317216,1440,1531943918503647303,map,-4.56862163544,-19.4360084534,1.85698103905,-0.665148735046,-0.0999447181821,-0.206152975559
1531943918725832603,1441,1531943918724768294,map,-4.82284450531,-18.9276046753,2.42888116837,-0.665148735046,-0.0999447181821,-0.206152975559
1531943918965693329,1442,1531943918965073751,map,-4.79054832458,-18.5037212372,2.63292527199,-0.41959387064,0.0103366598487,-0.115773588419
1531943919209483967,1443,1531943919207933008,map,-4.51711511612,-18.1937065125,2.51194596291,-0.298750787973,0.0473841577768,-0.0392093248665
1531943919464696052,1444,1531943919464022811,map,-4.18300151825,-17.9946956635,2.39711689949,-0.298750787973,0.0473841577768,-0.0392093248665
1531943919723904285,1445,1531943919722882984,map,-3.81954526901,-17.8938941956,2.03688383102,-0.189725339413,0.110877245665,0.195733889937
1531943919961802667,1446,1531943919959487332,map,-3.38527679443,-17.8995380402,1.56534850597,-0.189725339413,0.110877245665,0.195733889937
1531943920232813466,1447,1531943920232018402,map,-2.79048013687,-18.0104064941,0.984156250954,-0.0813797414303,0.120222300291,0.118539556861
1531943920474457059,1448,1531943920473182001,map,-2.39621591568,-18.1305274963,0.0778286904097,-0.0813797414303,0.120222300291,0.118539556861
1531943920685887951,1449,1531943920685263734,map,-2.14359998703,-18.2588100433,-0.744534313679,0.0996097102761,0.105964906514,0.0161620825529
1531943920927683255,1450,1531943920926583075,map,-1.89083361626,-18.4236755371,-1.26236999035,0.134262993932,0.0807332396507,0.145399481058
1531943921163518912,1451,1531943921161805939,map,-1.59227597713,-18.7156581879,-1.57450008392,0.134262993932,0.0807332396507,0.145399481058
1531943921399643303,1452,1531943921399015054,map,-1.24514257908,-19.0713577271,-1.52190291882,0.0307469628751,-0.000660948455334,0.0865521132946
1531943921677432017,1453,1531943921676443388,map,-0.941738784313,-19.3666591644,-1.43024396896,0.0307469628751,-0.000660948455334,0.0865521132946
1531943921910587544,1454,1531943921909490596,map,-0.662874698639,-19.5549526215,-1.48534882069,-0.0220617391169,-0.022720919922,0.086030177772
1531943922110033544,1455,1531943922109348431,map,-0.436757355928,-19.6565265656,-1.4664465189,-0.0220617391169,-0.022720919922,0.086030177772
1531943922385864906,1456,1531943922384281243,map,-0.213999420404,-19.7496376038,-1.31310021877,0.0656121075153,-0.0821358561516,0.0602049976587
1531943922609051742,1457,1531943922608483428,map,0.00572232808917,-19.773809433,-1.04608476162,0.0575304925442,-0.0919680297375,0.0893863961101
1531943922881524803,1458,1531943922869472676,map,0.193137377501,-19.7597942352,-0.672556221485,0.0575304925442,-0.0919680297375,0.0893863961101
1531943923109325959,1459,1531943923108730221,map,0.301327347755,-19.7031421661,-0.308968663216,0.0861572027206,-0.0558646433055,0.0623864792287
1531943923389572061,1460,1531943923386567869,map,0.387578159571,-19.5994815826,-0.160846740007,0.0861572027206,-0.0558646433055,0.0623864792287
1531943923630832531,1461,1531943923629892509,map,0.388077408075,-19.5033397675,0.126875624061,0.0534856393933,-0.00764840468764,-0.0454885475338
1531943923849450777,1462,1531943923848326469,map,0.298968434334,-19.3830184937,0.268708318472,0.0534856393933,-0.00764840468764,-0.0454885475338
1531943924095135873,1463,1531943924094405289,map,0.172087937593,-19.2337627411,0.490514457226,0.0469234101474,-0.0290670879185,0.0761725008488
1531943924379603437,1464,1531943924370843338,map,0.114010594785,-19.0255718231,0.608149886131,-0.052253510803,0.0015879906714,0.0242411009967
1531943924573467902,1465,1531943924572323850,map,0.0718883723021,-18.8839378357,0.638900578022,-0.052253510803,0.0015879906714,0.0242411009967
1531943924848412207,1466,1531943924845210386,map,-0.0627316758037,-18.7019481659,0.597036421299,0.162650108337,0.00300049781799,-0.0270391497761
1531943925068564713,1467,1531943925067109209,map,-0.249937772751,-18.5374164581,0.839460611343,0.162650108337,0.00300049781799,-0.0270391497761
1531943925343209250,1468,1531943925341981551,map,-0.592187285423,-18.3150901794,0.600605726242,0.290804773569,0.000757759436965,-0.062284424901
1531943925584257024,1469,1531943925582795984,map,-1.0095076561,-18.1462459564,0.416707962751,0.290804773569,0.000757759436965,-0.062284424901
1531943925808267252,1470,1531943925806548902,map,-1.69113612175,-17.9814586639,0.0839330106974,0.430493205786,0.0190527774394,-0.144546106458
1531943926074509063,1471,1531943926073395506,map,-2.47458195686,-17.848072052,-0.351954340935,0.430493205786,0.0190527774394,-0.144546106458
1531943926316427326,1472,1531943926315403529,map,-3.34325814247,-17.7220840454,-0.835295259953,0.276866108179,-0.0260581579059,-0.252280414104
1531943926567954000,1473,1531943926566941018,map,-4.63812589645,-17.4788894653,-1.14808833599,0.276866108179,-0.0260581579059,-0.252280414104
1531943926785286988,1474,1531943926783181506,map,-5.69512701035,-17.2189693451,-1.57310271263,0.257440060377,-0.136417239904,-0.214145451784
1531943927065551405,1475,1531943927064800469,map,-6.90871572495,-16.8352985382,-2.11221218109,0.257440060377,-0.136417239904,-0.214145451784
1531943927267644622,1476,1531943927266823735,map,-8.20976829529,-16.3049564362,-2.47325086594,0.139960765839,-0.225199222565,-0.355322480202
1531943927547160793,1477,1531943927544577813,map,-10.1013336182,-15.0698852539,-2.57813930511,0.196466311812,-0.384083926678,-0.257224261761
1531943927734698740,1478,1531943927734086107,map,-11.2498607635,-14.0458364487,-2.6033539772,0.196466311812,-0.384083926678,-0.257224261761
1531943928013110476,1479,1531943928011656123,map,-12.76146698,-12.3082580566,-2.84521007538,0.0728614330292,-0.325966954231,-0.348194599152
1531943928222984124,1480,1531943928222513249,map,-13.8327493668,-10.7494544983,-2.93854641914,0.0728614330292,-0.325966954231,-0.348194599152
1531943928493354091,1481,1531943928491485119,map,-14.8952684402,-8.77575206757,-2.8472764492,-0.182797268033,-0.305591464043,-0.471228957176
1531943928731743918,1482,1531943928730635321,map,-15.7975997925,-6.60900306702,-2.46296262741,0.0118754981086,-0.360628902912,-0.459054231644
1531943928969454615,1483,1531943928968709791,map,-16.4185218811,-4.23826980591,-2.05804753304,0.0118754981086,-0.360628902912,-0.459054231644
1531943929239190960,1484,1531943929238451704,map,-16.6345252991,-2.14163613319,-1.63533830643,-0.312784254551,-0.340681165457,-0.335786312819
1531943929417085141,1485,1531943929410054240,map,-16.5484218597,-0.970481097698,-1.46367299557,-0.278241366148,-0.274679005146,-0.294839531183
1531943929677987564,1486,1531943929674199732,map,-16.2227172852,0.426589697599,-1.19485938549,-0.278241366148,-0.274679005146,-0.294839531183
1531943929978536639,1487,1531943929977134894,map,-15.7246751785,1.57511007786,-0.723071575165,-0.359703421593,-0.196821466088,-0.213067173958
1531943930157420380,1488,1531943930156669283,map,-15.3317165375,2.10331106186,-0.404507696629,-0.359703421593,-0.196821466088,-0.213067173958
1531943930388391314,1489,1531943930387257118,map,-14.9284067154,2.39029693604,-0.210504084826,-0.447447448969,-0.0951655581594,-0.141140565276
1531943930649369898,1490,1531943930645364085,map,-14.527797699,2.47922873497,-0.185597032309,-0.363394886255,-0.026045255363,-0.109402149916
1531943930854717839,1491,1531943930853900440,map,-14.2670440674,2.43517112732,-0.249257698655,-0.363394886255,-0.026045255363,-0.109402149916
1531943931131921598,1492,1531943931125080038,map,-13.9862756729,2.23645925522,-0.441160351038,-0.29700499773,0.0297952741385,0.000319356564432
1531943931347852470,1493,1531943931346411301,map,-13.8334197998,1.95747625828,-0.657354652882,-0.265203297138,0.0659858584404,0.087988063693
1531943931574752089,1494,1531943931574197407,map,-13.7581548691,1.61018824577,-0.895966053009,-0.265203297138,0.0659858584404,0.087988063693
1531943931834396195,1495,1531943931833188720,map,-13.7345972061,1.09432196617,-1.26580953598,-0.195297896862,0.0738961696625,0.140432626009
1531943932072774830,1496,1531943932072061398,map,-13.7900915146,0.580660998821,-1.54223263264,-0.100404821336,0.0444709956646,0.09838206321
1531943932299050811,1497,1531943932298299683,map,-13.93338871,0.0652387812734,-1.52545511723,-0.100404821336,0.0444709956646,0.09838206321
1531943932526743225,1498,1531943932522973953,map,-14.043970108,-0.396932601929,-1.5977396965,0.130732104182,0.0378845334053,0.163031846285
1531943932751728851,1499,1531943932744839804,map,-14.122751236,-0.784221470356,-1.71592485905,0.130732104182,0.0378845334053,0.163031846285
1531943932993386974,1500,1531943932992568518,map,-14.1902742386,-1.16280829906,-1.78241324425,0.145631581545,-0.0267253275961,0.25133767724
1531943933213952553,1501,1531943933213276144,map,-14.2369995117,-1.53835809231,-1.72310698032,0.0381641387939,-0.10633661598,0.172631502151
1531943933460815839,1502,1531943933459225808,map,-14.2541732788,-1.92867064476,-1.51546883583,0.0381641387939,-0.10633661598,0.172631502151
1531943933715643202,1503,1531943933714332816,map,-14.2162351608,-2.27611398697,-1.10735797882,0.270677298307,-0.135122597218,-0.0110060572624
1531943933937292226,1504,1531943933936444075,map,-14.157034874,-2.50224304199,-0.392031997442,0.270677298307,-0.135122597218,-0.0110060572624
1531943934215053684,1505,1531943934205546776,map,-13.9588918686,-2.61118960381,-0.0182148516178,0.139546856284,-0.0850381553173,-0.0193546358496
1531943934408089571,1506,1531943934404756454,map,-13.7398691177,-2.58386158943,-0.0255140122026,0.304981052876,-0.0371850393713,-0.110610276461
1531943934650458827,1507,1531943934649490901,map,-13.4233007431,-2.33939838409,0.0306318886578,0.304981052876,-0.0371850393713,-0.110610276461
1531943934900463426,1508,1531943934899764361,map,-13.0793876648,-1.96576082706,0.0795955657959,0.219405412674,-0.077671572566,-0.0541960671544
1531943935161070347,1509,1531943935159125215,map,-12.6505231857,-1.4063256979,0.104429624975,0.0273424834013,-0.0719436258078,-0.112674109638
1531943935440883339,1510,1531943935437747308,map,-12.2741527557,-0.890083491802,-0.0472866632044,-0.120134681463,-0.0206328183413,-0.154173970222
1531943935675659013,1511,1531943935674880717,map,-11.9715251923,-0.464084386826,-0.279331058264,-0.120134681463,-0.0206328183413,-0.154173970222
1531943935899888750,1512,1531943935898925432,map,-11.7258272171,-0.0935309454799,-0.494003236294,-0.105482794344,0.0369824767113,-0.173357024789
1531943936172967895,1513,1531943936172259423,map,-11.4764080048,0.335275799036,-0.835711538792,-0.105482794344,0.0369824767113,-0.173357024789
1531943936387818085,1514,1531943936387093869,map,-11.3386468887,0.628261387348,-1.15204894543,-0.158489748836,0.0704903677106,-0.150686502457
1531943936635026239,1515,1531943936634277255,map,-11.2602500916,0.896434187889,-1.46970140934,-0.158489748836,0.0704903677106,-0.150686502457
1531943936895468654,1516,1531943936894833845,map,-11.2405910492,1.13142061234,-1.77505767345,-0.262868255377,0.0471331402659,-0.127434879541
1531943937114053687,1517,1531943937113434717,map,-11.2820234299,1.2759116888,-2.00192332268,-0.262868255377,0.0471331402659,-0.127434879541
1531943937363412765,1518,1531943937361149429,map,-11.4026708603,1.35525429249,-2.17965841293,-0.116299651563,0.044038169086,0.0718565806746
1531943937597974014,1519,1531943937597150759,map,-11.5541563034,1.32572031021,-2.14028644562,-0.116299651563,0.044038169086,0.0718565806746
1531943937875852345,1520,1531943937874295434,map,-11.7170591354,1.16292345524,-2.02421426773,-0.230741918087,-0.0969942808151,0.0656908452511
1531943938112005547,1521,1531943938110514331,map,-11.8521080017,0.867098510265,-2.00370335579,-0.130174309015,-0.0142051838338,0.110710285604
1531943938319552683,1522,1531943938317264963,map,-11.9371671677,0.567909896374,-1.94739496708,0.0130795668811,-0.133305162191,0.220451831818
1531943938612755144,1523,1531943938612044111,map,-12.0287322998,0.0620867311955,-1.64197897911,0.0130795668811,-0.133305162191,0.220451831818
1531943938831615281,1524,1531943938824000545,map,-12.0139846802,-0.357214003801,-1.48195540905,0.017541244626,-0.125120773911,0.238384246826
1531943939082278989,1525,1531943939079584553,map,-11.9312705994,-0.784107029438,-1.59360992908,0.11648196727,0.0735410675406,0.231288596988
1531943939306579359,1526,1531943939302561258,map,-11.8485393524,-1.19437336922,-1.67583501339,0.11648196727,0.0735410675406,0.231288596988
1531943939622478450,1527,1531943939621790937,map,-11.6762876511,-1.81889688969,-1.57321619987,-0.0473441034555,-0.161020308733,0.167736411095
1531943939813079846,1528,1531943939809709769,map,-11.5238189697,-2.26280069351,-1.58563137054,-0.00606842525303,0.0479601584375,0.0868492946029
1531943940055746360,1529,1531943940054934848,map,-11.3492908478,-2.65863966942,-1.82519900799,-0.00606842525303,0.0479601584375,0.0868492946029
1531943940380405425,1530,1531943940379753880,map,-11.1684484482,-2.92864203453,-1.93920719624,0.443867266178,-0.112842254341,0.162693709135
1531943940564547306,1531,1531943940563780306,map,-11.0405759811,-2.99640393257,-1.96585941315,0.443867266178,-0.112842254341,0.162693709135
1531943940825592637,1532,1531943940824501960,map,-10.8707504272,-3.01002526283,-2.0100543499,0.149754479527,0.0578287355602,-0.0168053545058
1531943941068191314,1533,1531943941066221095,map,-10.8057842255,-2.94350290298,-2.27352046967,0.149754479527,0.0578287355602,-0.0168053545058
1531943941340877295,1534,1531943941340037175,map,-10.8117446899,-2.77040672302,-2.7061855793,0.229043468833,0.173024103045,-0.0616397447884
1531943941591412755,1535,1531943941590710842,map,-10.8779296875,-2.49133944511,-2.52664208412,0.0538434386253,-0.234793886542,-0.195660233498
1531943941784889100,1536,1531943941784156595,map,-10.8700428009,-2.24039292336,-2.34054541588,0.0538434386253,-0.234793886542,-0.195660233498
1531943941998872558,1537,1531943941998080406,map,-10.8591241837,-1.95844388008,-2.27953004837,0.0538434386253,-0.234793886542,-0.195660233498
1531943942269739457,1538,1531943942269036168,map,-10.8437232971,-1.48926305771,-2.06926941872,0.0368930995464,-0.0560329146683,-0.316570013762
1531943942517093769,1539,1531943942512702199,map,-10.7732200623,-1.02000260353,-1.99811863899,0.146542176604,-0.159355133772,-0.158168762922
1531943942788826578,1540,1531943942787694654,map,-10.5839262009,-0.419031709433,-1.63929963112,0.146542176604,-0.159355133772,-0.158168762922
1531943942985289518,1541,1531943942983725726,map,-10.3535051346,-0.0281014125794,-1.48544275761,0.0367974378169,-0.132573351264,-0.143826901913
